"time_ms,beat,piezo1,piezo2,piezo3,piezo4"
"1229,1,1"
"1235,0,0"
"1242,0,3"
"1248,0,0"
"1254,0,0"
"1262,0,2"
"1272,0,1"
"1283,0,1"
"1293,0,1"
"1304,0,1"
"1314,0,1"
"1325,0,0"
"1335,0,1"
"1345,0,1"
"1355,0,1"
"1367,0,1"
"1377,0,0"
"1387,0,1"
"1397,0,0"
"1408,0,1"
"1418,0,1"
"1428,0,1"
"1439,0,1"
"1449,0,1"
"1460,0,1"
"1470,0,1"
"1480,0,1"
"1490,0,1"
"1502,0,1"
"1512,0,1"
"1522,0,1"
"1532,0,1"
"1543,0,1"
"1553,0,1"
"1564,0,1"
"1574,0,1"
"1585,0,1"
"1595,0,1"
"1605,0,1"
"1615,0,1"
"1626,0,1"
"1637,0,1"
"1647,0,1"
"1657,0,1"
"1668,0,1"
"1678,0,1"
"1688,0,1"
"1699,0,1"
"1710,0,1"
"1720,0,1"
"1730,0,1"
"1740,0,1"
"1751,0,1"
"1761,0,1"
"1772,0,1"
"1782,0,1"
"1793,0,1"
"1803,0,1"
"1813,0,1"
"1823,0,1"
"1835,0,1"
"1845,0,1"
"1855,0,1"
"1865,0,1"
"1875,0,1"
"1886,0,1"
"1897,0,1"
"1907,0,1"
"1917,0,1"
"1928,0,1"
"1938,0,1"
"1948,0,1"
"1958,0,1"
"1970,0,1"
"1980,0,1"
"1990,0,1"
"2000,0,1"
"2011,0,1"
"2021,0,1"
"2032,0,1"
"2042,0,1"
"2053,0,1"
"2063,0,1"
"2073,0,1"
"2083,0,1"
"2094,0,1"
"2105,0,1"
"2115,0,1"
"2125,0,1"
"2136,1,1"
"2146,1,1"
"2156,1,1"
"2167,1,6"
"2178,1,1"
"2188,1,1"
"2198,1,5"
"2208,1,1"
"2219,1,1"
"2230,1,8"
"2240,1,1"
"2250,1,1"
"2260,1,8"
"2271,0,1"
"2281,0,1"
"2291,0,1"
"2302,0,1"
"2313,0,4"
"2323,0,0"
"2333,0,1"
"2343,0,1"
"2354,0,1"
"2365,0,2"
"2375,0,1"
"2385,0,0"
"2396,0,1"
"2406,0,1"
"2416,0,1"
"2426,0,1"
"2438,0,1"
"2448,0,1"
"2458,0,1"
"2468,0,1"
"2479,0,1"
"2489,0,1"
"2500,0,1"
"2510,0,1"
"2521,0,1"
"2531,0,1"
"2541,0,1"
"2551,0,1"
"2563,0,1"
"2573,0,1"
"2583,0,1"
"2593,0,1"
"2604,0,1"
"2614,0,1"
"2624,0,1"
"2635,0,1"
"2646,0,1"
"2656,0,1"
"2666,0,1"
"2676,0,1"
"2686,0,1"
"2698,0,1"
"2708,0,1"
"2718,0,1"
"2728,0,1"
"2739,0,1"
"2749,0,1"
"2759,0,1"
"2770,0,1"
"2781,0,1"
"2791,0,1"
"2801,0,1"
"2811,0,1"
"2822,0,1"
"2833,0,1"
"2843,0,1"
"2853,0,1"
"2864,0,1"
"2874,0,1"
"2884,0,1"
"2895,0,1"
"2906,0,1"
"2916,0,1"
"2926,0,1"
"2936,0,1"
"2947,0,1"
"2957,0,1"
"2968,0,1"
"2978,0,1"
"2989,0,1"
"2999,0,1"
"3009,0,1"
"3019,0,1"
"3031,0,1"
"3041,0,1"
"3051,0,1"
"3061,0,1"
"3072,0,1"
"3082,0,1"
"3092,0,1"
"3103,0,1"
"3113,0,1"
"3124,0,1"
"3134,0,1"
"3144,0,1"
"3154,0,1"
"3166,0,1"
"3176,0,1"
"3186,0,1"
"3196,0,1"
"3207,0,1"
"3217,0,1"
"3228,0,1"
"3238,0,1"
"3249,0,1"
"3259,1,1"
"3269,1,1"
"3279,1,1"
"3290,1,7"
"3301,1,1"
"3311,1,1"
"3321,1,4"
"3332,1,1"
"3342,1,1"
"3352,1,10"
"3364,1,1"
"3375,1,1"
"3385,0,6"
"3395,0,1"
"3405,0,1"
"3416,0,-1"
"3428,0,1"
"3438,0,3"
"3448,0,1"
"3459,0,1"
"3469,0,1"
"3479,0,1"
"3489,0,0"
"3501,0,1"
"3511,0,0"
"3521,0,1"
"3531,0,1"
"3542,0,1"
"3552,0,1"
"3563,0,-2"
"3574,0,0"
"3585,0,1"
"3595,0,1"
"3605,0,1"
"3615,0,1"
"3625,0,1"
"3637,0,1"
"3647,0,1"
"3657,0,1"
"3667,0,1"
"3678,0,1"
"3688,0,0"
"3699,0,1"
"3709,0,1"
"3720,0,1"
"3730,0,1"
"3740,0,1"
"3750,0,1"
"3762,0,1"
"3772,0,1"
"3782,0,1"
"3792,0,1"
"3803,0,1"
"3813,0,1"
"3823,0,1"
"3834,0,1"
"3845,0,1"
"3855,0,1"
"3865,0,1"
"3875,0,1"
"3886,0,1"
"3897,0,1"
"3907,0,1"
"3917,0,1"
"3928,0,1"
"3938,0,1"
"3948,0,1"
"3958,0,1"
"3970,0,1"
"3980,0,1"
"3990,0,1"
"4000,0,1"
"4011,0,1"
"4021,0,1"
"4032,0,1"
"4042,0,1"
"4052,0,1"
"4063,0,1"
"4073,0,1"
"4083,0,1"
"4094,0,1"
"4105,0,1"
"4115,0,1"
"4125,0,1"
"4135,0,1"
"4146,0,1"
"4156,0,1"
"4167,0,1"
"4177,0,1"
"4188,0,1"
"4198,0,1"
"4208,0,1"
"4218,0,1"
"4230,0,1"
"4240,0,1"
"4250,0,1"
"4260,0,1"
"4271,0,1"
"4281,0,1"
"4291,0,1"
"4302,0,1"
"4313,0,1"
"4323,0,1"
"4333,0,1"
"4343,0,1"
"4354,0,1"
"4365,0,1"
"4375,1,1"
"4385,1,1"
"4396,1,1"
"4406,1,1"
"4416,1,7"
"4427,1,1"
"4438,1,1"
"4448,1,1"
"4458,1,1"
"4468,1,4"
"4478,1,1"
"4489,1,1"
"4500,1,3"
"4510,0,2"
"4520,0,1"
"4531,0,0"
"4541,0,1"
"4551,0,0"
"4562,0,-1"
"4574,0,1"
"4584,0,1"
"4594,0,1"
"4604,0,1"
"4615,0,1"
"4626,0,1"
"4636,0,1"
"4646,0,1"
"4657,0,1"
"4667,0,1"
"4677,0,1"
"4687,0,1"
"4699,0,1"
"4709,0,1"
"4719,0,1"
"4729,0,1"
"4740,0,1"
"4750,0,1"
"4761,0,1"
"4771,0,1"
"4782,0,1"
"4792,0,1"
"4802,0,1"
"4812,0,1"
"4823,0,1"
"4834,0,1"
"4844,0,1"
"4854,0,1"
"4865,0,1"
"4875,0,1"
"4885,0,1"
"4896,0,1"
"4907,0,1"
"4917,0,1"
"4927,0,1"
"4937,0,1"
"4947,0,1"
"4959,0,1"
"4969,0,1"
"4979,0,1"
"4989,0,1"
"5000,0,1"
"5010,0,1"
"5020,0,1"
"5031,0,1"
"5042,0,1"
"5052,0,1"
"5062,0,1"
"5072,0,1"
"5083,0,1"
"5094,0,1"
"5104,0,1"
"5114,0,1"
"5125,0,1"
"5135,0,1"
"5145,0,1"
"5155,0,1"
"5167,0,1"
"5177,0,1"
"5187,0,1"
"5197,0,1"
"5208,0,1"
"5218,0,1"
"5229,0,1"
"5239,0,1"
"5250,0,1"
"5260,0,1"
"5270,0,1"
"5280,0,1"
"5292,0,1"
"5302,0,1"
"5312,0,1"
"5322,0,1"
"5332,0,1"
"5343,0,1"
"5353,0,1"
"5364,0,1"
"5374,0,1"
"5385,0,1"
"5395,0,1"
"5405,0,1"
"5415,0,1"
"5427,0,1"
"5437,0,1"
"5447,0,1"
"5457,0,1"
"5468,0,1"
"5478,0,1"
"5488,0,1"
"5499,1,1"
"5510,1,1"
"5520,1,1"
"5530,1,4"
"5540,1,1"
"5551,1,1"
"5562,1,5"
"5572,1,1"
"5582,1,1"
"5593,1,11"
"5604,1,1"
"5614,1,1"
"5625,0,7"
"5636,0,1"
"5646,0,1"
"5656,0,3"
"5666,0,1"
"5677,0,5"
"5687,0,1"
"5698,0,1"
"5708,0,1"
"5719,0,1"
"5729,0,-1"
"5740,0,1"
"5750,0,1"
"5762,0,1"
"5772,0,1"
"5782,0,1"
"5792,0,1"
"5803,0,0"
"5813,0,0"
"5824,0,1"
"5834,0,1"
"5844,0,1"
"5855,0,1"
"5865,0,1"
"5875,0,1"
"5885,0,1"
"5897,0,1"
"5907,0,1"
"5917,0,1"
"5927,0,1"
"5938,0,1"
"5948,0,1"
"5959,0,1"
"5969,0,1"
"5980,0,1"
"5990,0,1"
"6000,0,1"
"6010,0,1"
"6021,0,1"
"6032,0,1"
"6042,0,1"
"6052,0,1"
"6063,0,1"
"6073,0,1"
"6083,0,1"
"6094,0,0"
"6105,0,1"
"6115,0,0"
"6125,0,1"
"6135,0,1"
"6146,0,1"
"6157,0,1"
"6167,0,1"
"6177,0,1"
"6188,0,1"
"6198,0,1"
"6208,0,1"
"6218,0,1"
"6230,0,1"
"6240,0,1"
"6250,0,1"
"6260,0,1"
"6270,0,1"
"6281,0,1"
"6292,0,1"
"6302,0,1"
"6312,0,1"
"6323,0,1"
"6333,0,1"
"6343,0,1"
"6353,0,1"
"6365,0,1"
"6375,0,1"
"6385,0,1"
"6395,0,1"
"6406,0,1"
"6416,0,1"
"6427,0,1"
"6437,0,1"
"6448,0,1"
"6458,0,1"
"6468,0,1"
"6478,0,1"
"6490,0,1"
"6500,0,1"
"6510,0,1"
"6520,0,1"
"6531,0,1"
"6541,0,1"
"6551,0,1"
"6562,0,1"
"6573,0,1"
"6583,0,1"
"6593,0,1"
"6603,0,1"
"6614,0,1"
"6625,1,1"
"6635,1,1"
"6645,1,1"
"6656,1,8"
"6666,1,1"
"6676,1,1"
"6686,1,4"
"6697,1,1"
"6708,1,1"
"6718,1,7"
"6728,1,1"
"6738,1,1"
"6749,0,3"
"6760,0,1"
"6770,0,1"
"6780,0,3"
"6791,0,1"
"6801,0,2"
"6811,0,1"
"6822,0,1"
"6833,0,1"
"6843,0,1"
"6853,0,1"
"6863,0,1"
"6874,0,0"
"6884,0,1"
"6895,0,1"
"6905,0,1"
"6916,0,1"
"6926,0,1"
"6936,0,0"
"6946,0,1"
"6958,0,1"
"6968,0,1"
"6978,0,1"
"6988,0,1"
"6999,0,1"
"7009,0,1"
"7019,0,1"
"7030,0,1"
"7041,0,1"
"7051,0,1"
"7061,0,1"
"7071,0,1"
"7081,0,1"
"7093,0,1"
"7103,0,1"
"7113,0,1"
"7123,0,1"
"7134,0,1"
"7144,0,1"
"7155,0,1"
"7165,0,1"
"7176,0,1"
"7186,0,1"
"7196,0,1"
"7206,0,1"
"7217,0,1"
"7228,0,1"
"7238,0,1"
"7248,0,1"
"7259,0,1"
"7269,0,1"
"7279,0,1"
"7290,0,1"
"7301,0,1"
"7311,0,1"
"7321,0,1"
"7331,0,1"
"7342,0,1"
"7352,0,1"
"7363,0,1"
"7373,0,1"
"7384,0,1"
"7394,0,1"
"7404,0,1"
"7414,0,1"
"7426,0,1"
"7436,0,1"
"7446,0,1"
"7456,0,1"
"7467,0,1"
"7477,0,1"
"7488,0,1"
"7498,0,1"
"7508,0,1"
"7519,0,1"
"7529,0,1"
"7539,0,1"
"7549,0,1"
"7561,0,1"
"7571,0,1"
"7581,0,1"
"7591,0,1"
"7602,0,1"
"7612,0,1"
"7623,0,1"
"7633,0,1"
"7644,0,1"
"7654,0,1"
"7664,0,1"
"7674,0,1"
"7685,0,1"
"7696,0,1"
"7706,0,1"
"7716,0,1"
"7727,0,1"
"7737,0,1"
"7747,1,1"
"7758,1,1"
"7769,1,0"
"7779,1,6"
"7789,1,1"
"7799,1,1"
"7810,1,5"
"7821,1,0"
"7831,1,1"
"7841,1,6"
"7852,1,1"
"7862,1,1"
"7872,0,3"
"7882,0,1"
"7894,0,1"
"7904,0,3"
"7914,0,1"
"7924,0,3"
"7934,0,1"
"7945,0,1"
"7956,0,1"
"7966,0,0"
"7976,0,1"
"7987,0,1"
"7997,0,1"
"8007,0,1"
"8017,0,1"
"8029,0,1"
"8039,0,1"
"8049,0,0"
"8059,0,-1"
"8071,0,1"
"8081,0,1"
"8092,0,1"
"8102,0,1"
"8113,0,1"
"8123,0,0"
"8133,0,1"
"8143,0,1"
"8155,0,1"
"8165,0,1"
"8175,0,1"
"8185,0,1"
"8196,0,1"
"8206,0,1"
"8216,0,1"
"8227,0,1"
"8238,0,1"
"8248,0,1"
"8258,0,1"
"8268,0,1"
"8279,0,1"
"8290,0,1"
"8300,0,1"
"8310,0,1"
"8321,0,1"
"8331,0,1"
"8341,0,1"
"8351,0,1"
"8363,0,1"
"8373,0,1"
"8383,0,1"
"8393,0,1"
"8403,0,1"
"8414,0,1"
"8425,0,1"
"8435,0,1"
"8445,0,1"
"8456,0,1"
"8466,0,1"
"8476,0,1"
"8487,0,1"
"8498,0,1"
"8508,0,1"
"8518,0,1"
"8528,0,1"
"8539,0,1"
"8549,0,1"
"8560,0,1"
"8570,0,1"
"8581,0,1"
"8591,0,1"
"8601,0,1"
"8611,0,1"
"8623,0,1"
"8633,0,1"
"8643,0,1"
"8653,0,1"
"8664,0,0"
"8674,0,1"
"8684,0,1"
"8695,0,1"
"8706,0,1"
"8716,0,1"
"8726,0,1"
"8736,0,1"
"8747,0,1"
"8758,0,1"
"8768,0,1"
"8778,0,1"
"8788,0,1"
"8799,0,1"
"8809,0,1"
"8820,0,1"
"8830,0,1"
"8841,0,1"
"8851,0,1"
"8861,1,1"
"8871,1,1"
"8882,1,1"
"8893,1,2"
"8903,1,4"
"8913,1,1"
"8924,1,2"
"8934,1,1"
"8944,1,1"
"8955,1,4"
"8966,1,1"
"8976,1,1"
"8986,1,5"
"8996,0,0"
"9007,0,1"
"9017,0,1"
"9028,0,1"
"9038,0,0"
"9049,0,1"
"9059,0,1"
"9069,0,1"
"9079,0,1"
"9091,0,1"
"9101,0,1"
"9111,0,0"
"9121,0,1"
"9132,0,1"
"9142,0,1"
"9153,0,1"
"9163,0,1"
"9174,0,-1"
"9185,0,1"
"9195,0,1"
"9205,0,1"
"9216,0,1"
"9227,0,1"
"9237,0,1"
"9247,0,0"
"9257,0,1"
"9268,0,1"
"9278,0,1"
"9289,0,1"
"9299,0,1"
"9310,0,1"
"9320,0,1"
"9330,0,1"
"9340,0,1"
"9352,0,1"
"9362,0,1"
"9372,0,1"
"9382,0,1"
"9393,0,1"
"9403,0,1"
"9413,0,1"
"9424,0,1"
"9435,0,1"
"9445,0,1"
"9455,0,1"
"9465,0,1"
"9476,0,1"
"9487,0,1"
"9497,0,1"
"9507,0,1"
"9518,0,1"
"9528,0,1"
"9538,0,1"
"9548,0,1"
"9560,0,1"
"9570,0,1"
"9580,0,1"
"9590,0,1"
"9601,0,1"
"9611,0,1"
"9622,0,1"
"9632,0,1"
"9643,0,1"
"9653,0,1"
"9663,0,1"
"9673,0,1"
"9684,0,1"
"9695,0,1"
"9705,0,1"
"9715,0,1"
"9725,0,1"
"9736,0,1"
"9746,0,1"
"9757,0,1"
"9767,0,1"
"9778,0,1"
"9788,0,1"
"9798,0,1"
"9808,0,1"
"9820,0,1"
"9830,0,1"
"9840,0,1"
"9850,0,1"
"9861,0,1"
"9871,0,1"
"9881,0,1"
"9892,0,1"
"9903,0,1"
"9913,0,1"
"9923,0,1"
"9933,0,1"
"9944,0,1"
"9955,0,1"
"9965,0,1"
"9975,0,1"
"9986,1,1"
"9996,1,1"
"10006,1,1"
"10018,1,5"
"10030,1,1"
"10041,1,1"
"10052,1,4"
"10063,1,1"
"10075,1,3"
"10087,1,1"
"10098,1,1"
"10109,1,6"
"10121,0,1"
"10132,0,1"
"10143,0,1"
"10156,0,1"
"10167,0,0"
"10178,0,1"
"10189,0,1"
"10201,0,1"
"10212,0,2"
"10224,0,1"
"10235,0,0"
"10247,0,1"
"10258,0,1"
"10269,0,1"
"10280,0,1"
"10293,0,-1"
"10305,0,1"
"10316,0,1"
"10328,0,1"
"10339,0,1"
"10351,0,1"
"10362,0,1"
"10374,0,1"
"10385,0,1"
"10396,0,1"
"10407,0,1"
"10420,0,1"
"10431,0,1"
"10442,0,1"
"10454,0,1"
"10465,0,1"
"10476,0,1"
"10488,0,1"
"10500,0,1"
"10511,0,0"
"10522,0,1"
"10533,0,1"
"10545,0,1"
"10557,0,1"
"10568,0,1"
"10579,0,1"
"10591,0,1"
"10602,0,1"
"10613,0,1"
"10626,0,1"
"10637,0,1"
"10648,0,1"
"10659,0,1"
"10671,0,1"
"10683,0,1"
"10694,0,1"
"10705,0,1"
"10717,0,1"
"10728,0,1"
"10739,0,1"
"10752,0,1"
"10763,0,1"
"10774,0,1"
"10785,0,1"
"10797,0,1"
"10808,0,1"
"10820,0,1"
"10831,0,1"
"10843,0,1"
"10854,0,1"
"10865,0,1"
"10876,0,1"
"10889,0,1"
"10900,0,1"
"10911,0,1"
"10923,0,1"
"10934,0,1"
"10945,0,1"
"10957,0,1"
"10969,0,1"
"10980,0,1"
"10991,0,1"
"11002,0,1"
"11014,0,1"
"11026,0,1"
"11037,0,1"
"11048,0,1"
"11060,0,1"
"11071,0,1"
"11083,0,1"
"11095,0,1"
"11106,1,1"
"11117,1,1"
"11128,1,1"
"11140,1,7"
"11152,1,1"
"11163,1,1"
"11174,1,4"
"11186,1,1"
"11197,1,5"
"11208,1,1"
"11220,1,1"
"11232,1,6"
"11243,0,1"
"11254,0,1"
"11266,0,1"
"11277,0,0"
"11289,0,1"
"11300,0,1"
"11312,0,1"
"11323,0,1"
"11334,0,1"
"11345,0,1"
"11358,0,0"
"11369,0,1"
"11380,0,1"
"11392,0,1"
"11403,0,1"
"11415,0,2"
"11426,0,1"
"11438,0,1"
"11449,0,1"
"11460,0,1"
"11471,0,1"
"11484,0,1"
"11495,0,1"
"11506,0,1"
"11517,0,1"
"11529,0,1"
"11540,0,1"
"11552,0,1"
"11564,0,1"
"11575,0,1"
"11586,0,1"
"11597,0,1"
"11609,0,1"
"11621,0,1"
"11632,0,1"
"11643,0,1"
"11655,0,1"
"11666,0,1"
"11677,0,1"
"11689,0,1"
"11701,0,1"
"11712,0,1"
"11723,0,1"
"11735,0,1"
"11746,0,1"
"11758,0,1"
"11769,0,1"
"11781,0,1"
"11792,0,1"
"11803,0,1"
"11815,0,1"
"11827,0,1"
"11838,0,1"
"11849,0,1"
"11860,0,1"
"11872,0,1"
"11884,0,1"
"11895,0,1"
"11907,0,1"
"11918,0,1"
"11929,0,1"
"11940,0,1"
"11953,0,1"
"11964,0,1"
"11975,0,1"
"11986,0,1"
"11998,0,1"
"12009,0,1"
"12021,0,1"
"12033,0,1"
"12044,0,1"
"12055,0,1"
"12066,0,1"
"12078,0,1"
"12090,0,1"
"12101,0,1"
"12112,0,1"
"12124,0,1"
"12135,0,1"
"12147,0,1"
"12158,0,1"
"12170,0,1"
"12181,0,1"
"12192,0,1"
"12204,0,1"
"12216,0,1"
"12227,1,1"
"12238,1,1"
"12250,1,1"
"12261,1,6"
"12272,1,1"
"12284,1,1"
"12296,1,4"
"12307,1,1"
"12318,1,1"
"12329,1,1"
"12341,1,1"
"12353,1,3"
"12364,0,1"
"12376,0,1"
"12387,0,3"
"12398,0,1"
"12409,0,1"
"12422,0,1"
"12433,0,1"
"12444,0,1"
"12455,0,1"
"12467,0,1"
"12478,0,1"
"12490,0,1"
"12502,0,1"
"12513,0,1"
"12524,0,1"
"12535,0,1"
"12548,0,0"
"12559,0,1"
"12570,0,1"
"12581,0,1"
"12593,0,1"
"12604,0,1"
"12616,0,1"
"12627,0,1"
"12639,0,1"
"12650,0,1"
"12661,0,1"
"12673,0,1"
"12685,0,1"
"12696,0,1"
"12707,0,1"
"12719,0,1"
"12730,0,1"
"12741,0,1"
"12753,0,1"
"12765,0,1"
"12776,0,1"
"12787,0,1"
"12798,0,1"
"12810,0,1"
"12822,0,1"
"12833,0,1"
"12845,0,1"
"12856,0,1"
"12867,0,1"
"12879,0,1"
"12891,0,1"
"12902,0,1"
"12913,0,1"
"12924,0,1"
"12936,0,1"
"12948,0,1"
"12959,0,1"
"12971,0,1"
"12982,0,1"
"12993,0,1"
"13004,0,1"
"13017,0,1"
"13028,0,1"
"13039,0,1"
"13050,0,1"
"13062,0,1"
"13073,0,1"
"13085,0,1"
"13096,0,1"
"13108,0,1"
"13119,0,1"
"13130,0,1"
"13142,0,1"
"13154,0,1"
"13165,0,1"
"13176,0,1"
"13188,0,1"
"13199,0,1"
"13210,0,1"
"13222,0,1"
"13234,0,1"
"13245,0,1"
"13256,0,1"
"13267,0,1"
"13280,0,1"
"13291,0,1"
"13302,0,1"
"13314,0,1"
"13325,0,1"
"13336,0,1"
"13348,1,1"
"13360,1,1"
"13371,1,1"
"13382,1,7"
"13393,1,1"
"13405,1,1"
"13417,1,2"
"13428,1,1"
"13440,1,2"
"13451,1,1"
"13462,1,1"
"13473,1,8"
"13486,0,1"
"13497,0,1"
"13508,0,3"
"13519,0,1"
"13531,0,1"
"13542,0,1"
"13554,0,1"
"13565,0,1"
"13577,0,-1"
"13589,0,1"
"13600,0,1"
"13613,0,1"
"13624,0,1"
"13635,0,1"
"13646,0,1"
"13658,0,1"
"13669,0,1"
"13681,0,1"
"13692,0,1"
"13704,0,1"
"13715,0,1"
"13726,0,0"
"13737,0,1"
"13750,0,1"
"13761,0,1"
"13772,0,1"
"13784,0,1"
"13795,0,1"
"13806,0,1"
"13818,0,1"
"13830,0,1"
"13841,0,1"
"13852,0,1"
"13863,0,1"
"13875,0,1"
"13887,0,1"
"13898,0,1"
"13910,0,1"
"13921,0,1"
"13932,0,1"
"13944,0,1"
"13956,0,1"
"13967,0,1"
"13978,0,1"
"13989,0,1"
"14001,0,1"
"14013,0,1"
"14024,0,1"
"14035,0,1"
"14047,0,1"
"14058,0,1"
"14069,0,1"
"14082,0,1"
"14093,0,1"
"14104,0,1"
"14115,0,1"
"14127,0,1"
"14138,0,1"
"14150,0,1"
"14161,0,1"
"14173,0,1"
"14184,0,1"
"14195,0,1"
"14206,0,1"
"14219,0,1"
"14230,0,1"
"14241,0,1"
"14253,0,1"
"14264,0,1"
"14275,0,1"
"14287,0,1"
"14299,0,1"
"14310,0,1"
"14321,0,1"
"14332,0,1"
"14345,0,1"
"14356,0,1"
"14367,0,1"
"14379,0,1"
"14390,0,1"
"14401,0,1"
"14413,0,1"
"14425,0,1"
"14436,0,1"
"14447,0,1"
"14458,0,1"
"14470,1,1"
"14482,1,1"
"14493,1,1"
"14504,1,5"
"14516,1,1"
"14527,1,1"
"14538,1,2"
"14551,1,1"
"14562,1,4"
"14573,1,1"
"14584,1,1"
"14596,0,5"
"14607,0,1"
"14619,0,1"
"14630,0,0"
"14642,0,0"
"14653,0,1"
"14664,0,1"
"14676,0,1"
"14688,0,1"
"14699,0,0"
"14710,0,1"
"14722,0,1"
"14733,0,1"
"14745,0,1"
"14756,0,1"
"14768,0,1"
"14779,0,1"
"14790,0,1"
"14801,0,1"
"14814,0,1"
"14825,0,1"
"14836,0,1"
"14848,0,1"
"14859,0,1"
"14870,0,1"
"14882,0,1"
"14894,0,1"
"14905,0,1"
"14916,0,1"
"14927,0,1"
"14939,0,1"
"14951,0,1"
"14962,0,1"
"14973,0,1"
"14985,0,1"
"14996,0,1"
"15007,0,1"
"15020,0,1"
"15031,0,1"
"15042,0,1"
"15053,0,1"
"15065,0,1"
"15077,0,1"
"15088,0,1"
"15099,0,1"
"15111,0,1"
"15122,0,1"
"15133,0,1"
"15145,0,1"
"15157,0,1"
"15168,0,1"
"15179,0,1"
"15191,0,1"
"15202,0,1"
"15214,0,1"
"15225,0,1"
"15237,0,1"
"15248,0,1"
"15259,0,1"
"15270,0,1"
"15283,0,1"
"15294,0,1"
"15305,0,1"
"15316,0,1"
"15328,0,1"
"15339,0,1"
"15351,0,1"
"15363,0,1"
"15374,0,1"
"15385,0,1"
"15396,0,1"
"15409,0,1"
"15420,0,1"
"15431,0,1"
"15442,0,1"
"15454,0,1"
"15465,0,1"
"15477,0,1"
"15489,0,1"
"15500,0,1"
"15511,0,1"
"15522,0,1"
"15534,0,1"
"15546,0,1"
"15557,0,1"
"15568,0,1"
"15580,0,1"
"15591,1,1"
"15602,1,1"
"15614,1,1"
"15626,1,4"
"15637,1,1"
"15648,1,1"
"15660,1,0"
"15671,1,2"
"15683,1,1"
"15694,1,1"
"15706,1,1"
"15717,0,1"
"15728,0,1"
"15739,0,1"
"15752,0,1"
"15763,0,0"
"15774,0,1"
"15785,0,1"
"15797,0,1"
"15809,0,1"
"15820,0,1"
"15832,0,0"
"15843,0,1"
"15854,0,1"
"15865,0,1"
"15878,0,1"
"15889,0,1"
"15900,0,1"
"15911,0,1"
"15923,0,1"
"15934,0,1"
"15946,0,1"
"15958,0,1"
"15969,0,1"
"15980,0,1"
"15991,0,1"
"16003,0,1"
"16015,0,1"
"16026,0,1"
"16037,0,1"
"16049,0,1"
"16060,0,1"
"16071,0,1"
"16083,0,1"
"16095,0,1"
"16106,0,1"
"16117,0,1"
"16129,0,1"
"16141,0,1"
"16152,0,1"
"16163,0,1"
"16175,0,1"
"16186,0,1"
"16197,0,1"
"16209,0,1"
"16221,0,1"
"16232,0,1"
"16243,0,1"
"16254,0,1"
"16266,0,1"
"16278,0,1"
"16289,0,1"
"16301,0,1"
"16312,0,1"
"16323,0,1"
"16334,0,1"
"16347,0,1"
"16358,0,1"
"16369,0,1"
"16380,0,1"
"16392,0,1"
"16403,0,1"
"16415,0,1"
"16427,0,1"
"16438,0,1"
"16449,0,1"
"16460,0,1"
"16472,0,1"
"16484,0,1"
"16495,0,1"
"16506,0,1"
"16518,0,1"
"16529,0,1"
"16541,0,1"
"16552,0,1"
"16564,0,1"
"16575,0,1"
"16586,0,1"
"16598,0,1"
"16610,0,1"
"16621,0,1"
"16632,0,1"
"16644,0,1"
"16655,0,1"
"16666,0,1"
"16678,0,1"
"16690,0,1"
"16701,0,1"
"16712,1,1"
"16723,1,1"
"16735,1,1"
"16747,1,3"
"16758,1,1"
"16770,1,1"
"16781,1,2"
"16792,1,0"
"16803,1,5"
"16816,1,1"
"16827,1,1"
"16838,0,1"
"16849,0,1"
"16861,0,1"
"16873,0,1"
"16884,0,4"
"16896,0,1"
"16907,0,1"
"16918,0,1"
"16929,0,1"
"16942,0,1"
"16953,0,0"
"16964,0,1"
"16975,0,1"
"16987,0,1"
"16998,0,1"
"17010,0,1"
"17021,0,0"
"17033,0,1"
"17044,0,1"
"17055,0,1"
"17067,0,1"
"17079,0,1"
"17090,0,1"
"17101,0,0"
"17113,0,1"
"17124,0,1"
"17135,0,1"
"17147,0,1"
"17159,0,1"
"17170,0,1"
"17181,0,1"
"17192,0,1"
"17204,0,1"
"17216,0,0"
"17227,0,1"
"17239,0,1"
"17250,0,1"
"17261,0,1"
"17273,0,1"
"17285,0,1"
"17296,0,1"
"17307,0,1"
"17318,0,1"
"17330,0,1"
"17342,0,1"
"17353,0,1"
"17364,0,1"
"17376,0,1"
"17387,0,1"
"17398,0,1"
"17411,0,1"
"17422,0,1"
"17433,0,1"
"17444,0,1"
"17456,0,1"
"17467,0,1"
"17479,0,1"
"17490,0,1"
"17502,0,1"
"17513,0,1"
"17524,0,1"
"17536,0,1"
"17548,0,1"
"17559,0,1"
"17570,0,1"
"17582,0,1"
"17593,0,1"
"17605,0,1"
"17616,0,1"
"17628,0,1"
"17639,0,1"
"17650,0,1"
"17661,0,1"
"17674,0,1"
"17685,0,1"
"17696,0,1"
"17708,0,1"
"17719,0,1"
"17730,0,1"
"17742,0,1"
"17754,0,1"
"17765,0,1"
"17776,0,1"
"17787,0,1"
"17799,0,1"
"17811,0,1"
"17822,0,1"
"17833,1,1"
"17845,1,1"
"17856,1,1"
"17867,1,2"
"17880,1,1"
"17891,1,1"
"17902,1,1"
"17913,1,1"
"17925,1,6"
"17936,1,1"
"17948,1,1"
"17959,0,1"
"17971,0,1"
"17982,0,0"
"17993,0,1"
"18006,0,1"
"18017,0,1"
"18028,0,1"
"18039,0,1"
"18051,0,1"
"18062,0,0"
"18074,0,1"
"18085,0,0"
"18097,0,1"
"18108,0,1"
"18119,0,1"
"18130,0,1"
"18143,0,1"
"18154,0,1"
"18165,0,1"
"18177,0,1"
"18188,0,1"
"18199,0,1"
"18211,0,1"
"18223,0,1"
"18234,0,1"
"18245,0,1"
"18256,0,1"
"18268,0,1"
"18280,0,1"
"18291,0,1"
"18302,0,1"
"18314,0,1"
"18325,0,1"
"18337,0,1"
"18349,0,1"
"18360,0,1"
"18371,0,1"
"18382,0,1"
"18394,0,1"
"18406,0,1"
"18417,0,1"
"18428,0,1"
"18440,0,1"
"18451,0,1"
"18462,0,1"
"18475,0,1"
"18486,0,1"
"18497,0,1"
"18508,0,1"
"18520,0,1"
"18531,0,1"
"18543,0,1"
"18554,0,1"
"18566,0,1"
"18577,0,1"
"18588,0,1"
"18599,0,1"
"18612,0,1"
"18623,0,1"
"18634,0,1"
"18646,0,1"
"18657,0,1"
"18668,0,1"
"18680,0,1"
"18692,0,1"
"18703,0,1"
"18714,0,1"
"18725,0,1"
"18738,0,1"
"18749,0,1"
"18760,0,1"
"18771,0,1"
"18783,0,1"
"18794,0,1"
"18806,0,1"
"18818,0,1"
"18829,0,1"
"18840,0,1"
"18851,0,1"
"18863,0,1"
"18875,0,1"
"18886,0,1"
"18897,0,1"
"18909,0,1"
"18920,0,1"
"18931,0,1"
"18944,0,1"
"18955,1,1"
"18966,1,1"
"18977,1,1"
"18989,1,3"
"19000,1,1"
"19012,1,1"
"19023,1,2"
"19035,1,1"
"19046,1,8"
"19057,1,1"
"19069,1,1"
"19081,0,2"
"19092,0,1"
"19103,0,1"
"19115,0,1"
"19126,0,1"
"19138,0,1"
"19149,0,1"
"19161,0,1"
"19172,0,1"
"19183,0,1"
"19194,0,1"
"19207,0,0"
"19218,0,1"
"19229,0,1"
"19240,0,1"
"19252,0,1"
"19263,0,0"
"19275,0,1"
"19287,0,1"
"19298,0,1"
"19309,0,1"
"19320,0,1"
"19332,0,1"
"19344,0,1"
"19355,0,1"
"19366,0,1"
"19378,0,1"
"19389,0,0"
"19400,0,1"
"19412,0,1"
"19424,0,1"
"19435,0,1"
"19446,0,1"
"19458,0,1"
"19470,0,1"
"19481,0,1"
"19492,0,1"
"19504,0,1"
"19515,0,1"
"19526,0,1"
"19538,0,1"
"19550,0,1"
"19561,0,1"
"19572,0,1"
"19584,0,1"
"19595,0,1"
"19607,0,1"
"19618,0,1"
"19630,0,1"
"19641,0,1"
"19652,0,1"
"19663,0,1"
"19676,0,1"
"19687,0,1"
"19698,0,1"
"19709,0,1"
"19721,0,1"
"19732,0,1"
"19744,0,1"
"19756,0,1"
"19767,0,1"
"19778,0,1"
"19789,0,1"
"19802,0,1"
"19813,0,1"
"19824,0,1"
"19835,0,1"
"19847,0,1"
"19858,0,1"
"19870,0,1"
"19881,0,1"
"19893,0,1"
"19904,0,1"
"19915,0,1"
"19927,0,1"
"19939,0,1"
"19950,0,1"
"19961,0,1"
"19973,0,1"
"19984,0,1"
"19995,0,1"
"20007,0,1"
"20019,0,1"
"20030,0,1"
"20041,0,1"
"20052,0,1"
"20064,0,1"
"20076,1,1"
"20087,1,1"
"20099,1,1"
"20110,1,4"
"20121,1,1"
"20132,1,1"
"20145,1,1"
"20156,1,0"
"20167,1,1"
"20178,1,1"
"20190,1,1"
"20202,0,1"
"20213,0,0"
"20225,0,1"
"20236,0,0"
"20247,0,1"
"20258,0,4"
"20271,0,1"
"20282,0,1"
"20293,0,1"
"20304,0,-2"
"20317,0,1"
"20328,0,1"
"20340,0,1"
"20352,0,1"
"20363,0,1"
"20374,0,1"
"20385,0,0"
"20397,0,1"
"20409,0,1"
"20420,0,1"
"20431,0,1"
"20443,0,1"
"20454,0,1"
"20465,0,1"
"20477,0,1"
"20489,0,1"
"20500,0,1"
"20511,0,1"
"20523,0,1"
"20535,0,1"
"20546,0,1"
"20557,0,1"
"20569,0,1"
"20580,0,1"
"20591,0,1"
"20603,0,1"
"20615,0,1"
"20626,0,1"
"20637,0,1"
"20648,0,1"
"20660,0,1"
"20672,0,1"
"20683,0,1"
"20695,0,1"
"20706,0,1"
"20717,0,1"
"20728,0,1"
"20741,0,1"
"20752,0,1"
"20763,0,1"
"20774,0,1"
"20786,0,1"
"20797,0,1"
"20809,0,1"
"20820,0,1"
"20832,0,1"
"20843,0,1"
"20854,0,1"
"20867,0,1"
"20878,0,1"
"20889,0,1"
"20900,0,1"
"20912,0,1"
"20923,0,1"
"20935,0,1"
"20946,0,1"
"20958,0,1"
"20969,0,1"
"20980,0,1"
"20992,0,1"
"21004,0,1"
"21015,0,1"
"21026,0,1"
"21038,0,1"
"21049,0,1"
"21060,0,1"
"21072,0,1"
"21084,0,1"
"21095,0,1"
"21106,0,1"
"21117,0,1"
"21129,0,1"
"21141,0,1"
"21152,0,1"
"21164,0,1"
"21175,0,1"
"21186,0,1"
"21197,1,1"
"21210,1,1"
"21221,1,1"
"21232,1,6"
"21243,1,1"
"21255,1,1"
"21267,1,-1"
"21279,1,1"
"21291,1,3"
"21302,1,1"
"21313,1,1"
"21324,0,5"
"21337,0,1"
"21348,0,1"
"21359,0,2"
"21370,0,0"
"21382,0,1"
"21393,0,1"
"21405,0,1"
"21416,0,1"
"21428,0,2"
"21439,0,1"
"21450,0,1"
"21462,0,1"
"21474,0,1"
"21485,0,1"
"21496,0,1"
"21508,0,1"
"21519,0,1"
"21530,0,1"
"21542,0,1"
"21554,0,1"
"21565,0,1"
"21576,0,1"
"21587,0,1"
"21600,0,1"
"21611,0,1"
"21622,0,1"
"21634,0,1"
"21645,0,1"
"21656,0,1"
"21668,0,1"
"21680,0,1"
"21691,0,1"
"21702,0,1"
"21713,0,1"
"21725,0,1"
"21737,0,1"
"21748,0,1"
"21760,0,1"
"21771,0,1"
"21782,0,1"
"21793,0,1"
"21806,0,1"
"21817,0,1"
"21828,0,1"
"21839,0,1"
"21851,0,1"
"21862,0,1"
"21874,0,1"
"21885,0,1"
"21897,0,1"
"21908,0,1"
"21919,0,1"
"21932,0,1"
"21943,0,1"
"21954,0,1"
"21965,0,1"
"21977,0,1"
"21988,0,1"
"22000,0,1"
"22011,0,1"
"22023,0,1"
"22034,0,1"
"22045,0,1"
"22056,0,1"
"22069,0,1"
"22080,0,1"
"22091,0,1"
"22103,0,1"
"22114,0,1"
"22125,0,1"
"22137,0,1"
"22149,0,1"
"22160,0,1"
"22171,0,1"
"22182,0,1"
"22194,0,1"
"22206,0,1"
"22217,0,1"
"22228,0,1"
"22240,0,1"
"22251,0,1"
"22262,0,1"
"22275,0,1"
"22286,0,1"
"22297,0,1"
"22308,0,1"
"22320,1,1"
"22332,1,1"
"22343,1,1"
"22354,1,10"
"22367,1,1"
"22378,1,4"
"22389,1,1"
"22402,1,1"
"22413,1,11"
"22425,1,1"
"22436,1,1"
"22448,0,2"
"22459,0,1"
"22471,0,1"
"22482,0,1"
"22494,0,3"
"22505,0,1"
"22516,0,1"
"22528,0,1"
"22540,0,1"
"22551,0,1"
"22562,0,0"
"22574,0,1"
"22585,0,1"
"22597,0,1"
"22608,0,1"
"22620,0,0"
"22631,0,1"
"22642,0,1"
"22653,0,1"
"22666,0,1"
"22677,0,1"
"22688,0,1"
"22700,0,-1"
"22712,0,1"
"22723,0,1"
"22735,0,1"
"22747,0,1"
"22758,0,1"
"22769,0,1"
"22780,0,1"
"22792,0,1"
"22804,0,1"
"22815,0,1"
"22827,0,1"
"22838,0,1"
"22849,0,1"
"22860,0,1"
"22873,0,1"
"22884,0,1"
"22895,0,1"
"22906,0,1"
"22918,0,1"
"22930,0,1"
"22941,0,1"
"22952,0,1"
"22964,0,1"
"22975,0,1"
"22986,0,1"
"22999,0,1"
"23010,0,1"
"23021,0,1"
"23032,0,1"
"23044,0,1"
"23055,0,1"
"23067,0,1"
"23078,0,1"
"23090,0,1"
"23101,0,1"
"23112,0,1"
"23123,0,1"
"23136,0,1"
"23147,0,1"
"23158,0,1"
"23170,0,1"
"23181,0,1"
"23192,0,1"
"23204,0,1"
"23216,0,1"
"23227,0,1"
"23238,0,1"
"23249,0,1"
"23261,0,1"
"23273,0,1"
"23284,0,1"
"23296,0,1"
"23307,0,1"
"23318,0,1"
"23330,0,1"
"23342,0,1"
"23353,0,1"
"23364,0,1"
"23375,0,1"
"23387,0,1"
"23399,0,1"
"23410,0,1"
"23421,0,1"
"23433,0,1"
"23444,1,1"
"23455,1,1"
"23468,1,1"
"23479,1,12"
"23491,1,1"
"23502,1,6"
"23514,1,0"
"23525,1,1"
"23537,1,11"
"23549,1,1"
"23561,1,-1"
"23573,0,1"
"23584,0,1"
"23597,0,1"
"23608,0,1"
"23619,0,6"
"23630,0,1"
"23642,0,1"
"23653,0,1"
"23665,0,2"
"23676,0,1"
"23688,0,1"
"23699,0,1"
"23710,0,1"
"23721,0,1"
"23734,0,1"
"23745,0,1"
"23756,0,1"
"23768,0,1"
"23779,0,1"
"23790,0,1"
"23802,0,1"
"23814,0,1"
"23825,0,1"
"23836,0,1"
"23847,0,1"
"23859,0,1"
"23871,0,1"
"23882,0,1"
"23894,0,1"
"23905,0,1"
"23916,0,1"
"23928,0,1"
"23940,0,1"
"23951,0,1"
"23962,0,1"
"23973,0,1"
"23985,0,1"
"23997,0,1"
"24008,0,1"
"24019,0,1"
"24031,0,1"
"24042,0,1"
"24053,0,1"
"24066,0,1"
"24077,0,1"
"24088,0,1"
"24099,0,1"
"24111,0,1"
"24122,0,1"
"24134,0,1"
"24145,0,1"
"24157,0,1"
"24168,0,1"
"24179,0,1"
"24190,0,1"
"24203,0,1"
"24214,0,1"
"24225,0,1"
"24237,0,1"
"24248,0,1"
"24259,0,1"
"24271,0,1"
"24283,0,1"
"24294,0,1"
"24305,0,1"
"24316,0,1"
"24329,0,1"
"24340,0,1"
"24351,0,1"
"24363,0,1"
"24374,0,1"
"24385,0,1"
"24397,0,1"
"24409,0,1"
"24420,0,1"
"24431,0,1"
"24442,0,1"
"24454,0,1"
"24466,0,1"
"24477,0,1"
"24488,0,1"
"24500,0,1"
"24511,0,1"
"24522,0,1"
"24535,0,1"
"24546,0,1"
"24557,1,1"
"24568,1,1"
"24580,1,1"
"24591,1,1"
"24603,1,4"
"24614,1,1"
"24626,1,7"
"24637,1,1"
"24648,1,1"
"24660,1,7"
"24672,1,1"
"24683,1,1"
"24694,0,5"
"24706,0,1"
"24717,0,1"
"24729,0,1"
"24740,0,4"
"24752,0,1"
"24763,0,1"
"24774,0,1"
"24785,0,0"
"24798,0,1"
"24809,0,1"
"24820,0,1"
"24832,0,1"
"24843,0,1"
"24854,0,1"
"24866,0,1"
"24878,0,1"
"24889,0,1"
"24900,0,1"
"24911,0,1"
"24923,0,1"
"24935,0,1"
"24946,0,1"
"24957,0,1"
"24969,0,1"
"24980,0,1"
"24991,0,1"
"25004,0,1"
"25015,0,1"
"25026,0,1"
"25037,0,1"
"25049,0,1"
"25061,0,1"
"25072,0,1"
"25083,0,1"
"25095,0,1"
"25106,0,1"
"25117,0,1"
"25129,0,1"
"25141,0,1"
"25152,0,1"
"25163,0,1"
"25175,0,1"
"25186,0,1"
"25198,0,1"
"25209,0,1"
"25221,0,1"
"25232,0,1"
"25243,0,1"
"25254,0,1"
"25267,0,1"
"25278,0,1"
"25289,0,1"
"25300,0,1"
"25312,0,1"
"25323,0,1"
"25335,0,1"
"25347,0,1"
"25358,0,1"
"25369,0,1"
"25380,0,1"
"25393,0,1"
"25404,0,1"
"25415,0,1"
"25426,0,1"
"25438,0,1"
"25449,0,1"
"25461,0,1"
"25473,0,1"
"25484,0,1"
"25495,0,1"
"25506,0,1"
"25518,0,1"
"25530,0,1"
"25541,0,1"
"25552,0,1"
"25564,0,1"
"25575,0,1"
"25586,0,1"
"25598,0,1"
"25610,0,1"
"25621,0,1"
"25632,0,1"
"25644,0,1"
"25655,0,1"
"25667,0,1"
"25678,1,1"
"25690,1,1"
"25701,1,1"
"25712,1,4"
"25723,1,1"
"25736,1,1"
"25747,1,7"
"25758,1,1"
"25769,1,1"
"25781,1,4"
"25793,1,1"
"25804,1,-1"
"25817,0,2"
"25828,0,1"
"25839,0,1"
"25850,0,1"
"25863,0,3"
"25874,0,1"
"25885,0,1"
"25896,0,1"
"25908,0,0"
"25919,0,1"
"25931,0,0"
"25943,0,1"
"25954,0,1"
"25965,0,1"
"25976,0,1"
"25988,0,0"
"26000,0,-1"
"26012,0,1"
"26023,0,1"
"26035,0,1"
"26046,0,1"
"26058,0,1"
"26070,0,1"
"26081,0,1"
"26092,0,1"
"26103,0,1"
"26115,0,0"
"26127,0,1"
"26138,0,1"
"26149,0,1"
"26161,0,1"
"26172,0,1"
"26183,0,1"
"26195,0,1"
"26207,0,1"
"26218,0,1"
"26229,0,1"
"26241,0,1"
"26252,0,1"
"26264,0,1"
"26275,0,1"
"26287,0,1"
"26298,0,1"
"26309,0,1"
"26320,0,1"
"26333,0,1"
"26344,0,1"
"26355,0,1"
"26366,0,1"
"26378,0,1"
"26389,0,1"
"26401,0,1"
"26413,0,1"
"26424,0,1"
"26435,0,1"
"26446,0,1"
"26459,0,1"
"26470,0,1"
"26481,0,1"
"26492,0,1"
"26504,0,1"
"26515,0,1"
"26527,0,1"
"26539,0,1"
"26550,0,1"
"26561,0,1"
"26572,0,1"
"26584,0,1"
"26596,0,1"
"26607,0,1"
"26618,0,1"
"26630,0,1"
"26641,0,1"
"26652,0,1"
"26664,0,1"
"26676,0,1"
"26687,0,1"
"26698,0,1"
"26710,0,1"
"26721,0,1"
"26733,0,1"
"26744,0,1"
"26756,0,1"
"26767,0,1"
"26778,0,1"
"26790,0,1"
"26802,1,1"
"26813,1,1"
"26824,1,1"
"26835,1,8"
"26847,1,1"
"26859,1,1"
"26870,1,6"
"26882,1,1"
"26893,1,0"
"26904,1,1"
"26915,1,1"
"26928,1,3"
"26939,0,1"
"26950,0,1"
"26961,0,0"
"26973,0,1"
"26984,0,0"
"26996,0,1"
"27008,0,1"
"27019,0,1"
"27030,0,0"
"27041,0,1"
"27053,0,0"
"27065,0,1"
"27076,0,1"
"27087,0,1"
"27099,0,1"
"27110,0,0"
"27121,0,1"
"27133,0,1"
"27145,0,1"
"27156,0,1"
"27167,0,1"
"27179,0,-1"
"27192,0,1"
"27203,0,1"
"27214,0,1"
"27226,0,1"
"27237,0,0"
"27248,0,1"
"27260,0,1"
"27272,0,1"
"27283,0,1"
"27294,0,1"
"27305,0,1"
"27317,0,1"
"27329,0,1"
"27340,0,1"
"27352,0,1"
"27363,0,1"
"27374,0,1"
"27385,0,1"
"27398,0,1"
"27409,0,1"
"27420,0,1"
"27431,0,1"
"27443,0,1"
"27454,0,1"
"27466,0,1"
"27478,0,1"
"27489,0,1"
"27500,0,1"
"27511,0,1"
"27524,0,1"
"27535,0,1"
"27546,0,1"
"27557,0,1"
"27569,0,1"
"27580,0,1"
"27592,0,1"
"27603,0,1"
"27615,0,1"
"27626,0,1"
"27637,0,1"
"27649,0,1"
"27661,0,1"
"27672,0,1"
"27683,0,1"
"27695,0,1"
"27706,0,1"
"27717,0,1"
"27729,0,1"
"27741,0,1"
"27752,0,1"
"27763,0,1"
"27774,0,1"
"27786,0,1"
"27798,0,1"
"27809,0,1"
"27821,0,1"
"27832,0,1"
"27843,0,1"
"27855,0,1"
"27867,0,1"
"27878,0,1"
"27889,0,1"
"27900,0,1"
"27912,0,1"
"27924,1,1"
"27935,1,1"
"27947,1,1"
"27958,1,6"
"27969,1,1"
"27980,1,1"
"27993,1,1"
"28004,1,3"
"28015,1,-1"
"28027,1,1"
"28039,1,1"
"28050,0,1"
"28062,0,1"
"28073,0,1"
"28085,0,1"
"28096,0,1"
"28107,0,0"
"28119,0,1"
"28131,0,1"
"28142,0,1"
"28153,0,0"
"28165,0,1"
"28176,0,0"
"28188,0,1"
"28199,0,1"
"28211,0,1"
"28222,0,0"
"28233,0,1"
"28244,0,1"
"28257,0,1"
"28268,0,1"
"28279,0,1"
"28291,0,1"
"28302,0,0"
"28313,0,1"
"28325,0,1"
"28337,0,1"
"28348,0,1"
"28359,0,1"
"28370,0,1"
"28382,0,1"
"28394,0,1"
"28405,0,1"
"28417,0,1"
"28428,0,1"
"28439,0,1"
"28450,0,1"
"28463,0,1"
"28474,0,1"
"28485,0,1"
"28496,0,1"
"28508,0,1"
"28519,0,1"
"28531,0,1"
"28542,0,1"
"28554,0,1"
"28565,0,1"
"28576,0,1"
"28589,0,1"
"28600,0,1"
"28611,0,1"
"28622,0,1"
"28634,0,1"
"28645,0,1"
"28657,0,1"
"28668,0,1"
"28680,0,1"
"28691,0,1"
"28702,0,1"
"28713,0,1"
"28726,0,1"
"28737,0,1"
"28748,0,1"
"28760,0,1"
"28771,0,1"
"28782,0,1"
"28794,0,1"
"28806,0,1"
"28817,0,1"
"28828,0,1"
"28839,0,1"
"28851,0,1"
"28863,0,1"
"28874,0,1"
"28886,0,1"
"28897,0,1"
"28908,0,1"
"28920,0,1"
"28932,0,1"
"28943,0,1"
"28954,0,1"
"28965,0,1"
"28977,0,1"
"28989,0,1"
"29000,0,1"
"29011,0,1"
"29023,0,1"
"29034,0,1"
"29045,1,1"
"29058,1,1"
"29069,1,1"
"29080,1,5"
"29091,1,1"
"29103,1,1"
"29114,1,3"
"29126,1,0"
"29137,1,2"
"29149,1,1"
"29160,1,1"
"29171,1,3"
"29182,0,1"
"29195,0,1"
"29206,0,1"
"29217,0,1"
"29229,0,1"
"29240,0,1"
"29251,0,1"
"29263,0,1"
"29275,0,-1"
"29287,0,1"
"29298,0,1"
"29309,0,1"
"29322,0,1"
"29333,0,1"
"29344,0,1"
"29356,0,1"
"29367,0,1"
"29378,0,1"
"29390,0,1"
"29402,0,1"
"29413,0,1"
"29424,0,1"
"29435,0,1"
"29447,0,1"
"29459,0,1"
"29470,0,1"
"29481,0,1"
"29493,0,1"
"29504,0,1"
"29515,0,1"
"29528,0,1"
"29539,0,1"
"29550,0,1"
"29561,0,1"
"29573,0,1"
"29584,0,1"
"29596,0,1"
"29607,0,1"
"29619,0,1"
"29630,0,1"
"29641,0,1"
"29654,0,1"
"29665,0,1"
"29676,0,1"
"29687,0,1"
"29699,0,1"
"29710,0,1"
"29722,0,1"
"29733,0,1"
"29745,0,1"
"29756,0,1"
"29767,0,1"
"29778,0,1"
"29791,0,1"
"29802,0,1"
"29813,0,1"
"29825,0,1"
"29836,0,1"
"29847,0,1"
"29859,0,1"
"29871,0,1"
"29882,0,1"
"29893,0,1"
"29904,0,1"
"29916,0,1"
"29928,0,1"
"29939,0,1"
"29950,0,1"
"29962,0,1"
"29973,0,1"
"29985,0,1"
"29997,0,1"
"30008,0,1"
"30019,0,1"
"30030,0,1"
"30042,0,1"
"30054,0,1"
"30065,0,1"
"30076,0,1"
"30088,0,1"
"30099,0,1"
"30110,0,1"
"30123,0,1"
"30134,0,1"
"30145,0,1"
"30156,0,1"
"30168,1,1"
"30179,1,1"
"30191,1,1"
"30202,1,5"
"30214,1,1"
"30225,1,1"
"30236,1,2"
"30247,1,1"
"30260,1,4"
"30271,1,1"
"30282,1,1"
"30294,1,5"
"30305,0,1"
"30316,0,1"
"30328,0,1"
"30340,0,1"
"30351,0,0"
"30362,0,1"
"30373,0,1"
"30386,0,1"
"30397,0,0"
"30408,0,1"
"30419,0,1"
"30431,0,1"
"30442,0,1"
"30454,0,1"
"30466,0,1"
"30477,0,0"
"30488,0,1"
"30499,0,1"
"30511,0,1"
"30523,0,1"
"30534,0,1"
"30545,0,0"
"30557,0,1"
"30568,0,1"
"30579,0,1"
"30592,0,0"
"30603,0,1"
"30614,0,1"
"30625,0,1"
"30637,0,1"
"30648,0,1"
"30660,0,1"
"30671,0,1"
"30683,0,1"
"30694,0,1"
"30705,0,1"
"30717,0,1"
"30729,0,1"
"30740,0,1"
"30751,0,1"
"30763,0,1"
"30774,0,1"
"30786,0,1"
"30797,0,1"
"30809,0,1"
"30820,0,1"
"30831,0,1"
"30842,0,1"
"30855,0,1"
"30866,0,1"
"30877,0,1"
"30888,0,1"
"30900,0,1"
"30911,0,1"
"30923,0,1"
"30935,0,1"
"30946,0,1"
"30957,0,1"
"30968,0,1"
"30980,0,1"
"30992,0,1"
"31003,0,1"
"31014,0,1"
"31026,0,1"
"31037,0,1"
"31048,0,1"
"31060,0,1"
"31072,0,1"
"31083,0,1"
"31094,0,1"
"31106,0,1"
"31118,0,1"
"31129,0,1"
"31140,0,1"
"31152,0,1"
"31163,0,1"
"31174,0,1"
"31186,0,1"
"31198,0,1"
"31209,0,1"
"31220,0,1"
"31232,0,1"
"31243,0,1"
"31255,0,1"
"31266,0,1"
"31278,0,1"
"31289,1,1"
"31300,1,1"
"31311,1,1"
"31324,1,6"
"31335,1,1"
"31346,1,1"
"31357,1,1"
"31369,1,1"
"31380,1,7"
"31392,1,1"
"31404,1,1"
"31415,0,2"
"31426,0,1"
"31437,0,3"
"31450,0,1"
"31461,0,2"
"31472,0,1"
"31483,0,1"
"31495,0,1"
"31506,0,1"
"31518,0,1"
"31529,0,1"
"31541,0,1"
"31552,0,1"
"31563,0,1"
"31575,0,1"
"31587,0,1"
"31598,0,0"
"31609,0,1"
"31621,0,1"
"31632,0,1"
"31643,0,1"
"31655,0,1"
"31667,0,1"
"31678,0,1"
"31689,0,1"
"31700,0,1"
"31712,0,1"
"31724,0,1"
"31735,0,1"
"31747,0,1"
"31758,0,1"
"31769,0,1"
"31780,0,1"
"31793,0,1"
"31804,0,1"
"31815,0,1"
"31826,0,1"
"31838,0,1"
"31850,0,1"
"31861,0,1"
"31873,0,1"
"31884,0,1"
"31895,0,1"
"31906,0,1"
"31919,0,1"
"31930,0,1"
"31941,0,1"
"31952,0,1"
"31964,0,1"
"31975,0,1"
"31987,0,1"
"31998,0,1"
"32010,0,1"
"32021,0,1"
"32032,0,1"
"32044,0,1"
"32056,0,1"
"32067,0,1"
"32078,0,1"
"32090,0,1"
"32101,0,1"
"32112,0,1"
"32124,0,1"
"32136,0,1"
"32147,0,1"
"32158,0,1"
"32169,0,1"
"32182,0,1"
"32193,0,1"
"32204,0,1"
"32216,0,1"
"32227,0,1"
"32238,0,1"
"32250,0,1"
"32262,0,1"
"32273,0,1"
"32284,0,1"
"32295,0,1"
"32307,0,1"
"32319,0,1"
"32330,0,1"
"32342,0,1"
"32353,0,1"
"32364,0,1"
"32375,0,1"
"32388,0,1"
"32399,0,1"
"32410,1,1"
"32421,1,1"
"32433,1,1"
"32444,1,3"
"32456,1,1"
"32467,1,1"
"32479,1,1"
"32490,1,2"
"32501,1,4"
"32513,1,1"
"32525,1,1"
"32536,0,1"
"32547,0,1"
"32559,0,1"
"32570,0,1"
"32582,0,3"
"32593,0,0"
"32605,0,1"
"32616,0,1"
"32627,0,1"
"32638,0,1"
"32651,0,1"
"32662,0,1"
"32673,0,1"
"32685,0,1"
"32696,0,1"
"32707,0,1"
"32719,0,1"
"32731,0,1"
"32742,0,1"
"32753,0,1"
"32764,0,1"
"32776,0,1"
"32788,0,1"
"32799,0,-1"
"32812,0,1"
"32823,0,1"
"32834,0,1"
"32845,0,1"
"32858,0,1"
"32869,0,1"
"32880,0,1"
"32891,0,1"
"32903,0,1"
"32915,0,1"
"32926,0,1"
"32937,0,1"
"32949,0,1"
"32960,0,1"
"32971,0,1"
"32984,0,1"
"32995,0,1"
"33006,0,1"
"33017,0,1"
"33029,0,1"
"33040,0,1"
"33052,0,1"
"33063,0,1"
"33075,0,1"
"33086,0,1"
"33097,0,1"
"33108,0,1"
"33121,0,1"
"33132,0,1"
"33143,0,1"
"33155,0,1"
"33166,0,1"
"33177,0,1"
"33189,0,1"
"33201,0,1"
"33212,0,1"
"33223,0,1"
"33234,0,1"
"33247,0,1"
"33258,0,1"
"33269,0,1"
"33281,0,1"
"33292,0,1"
"33303,0,1"
"33315,0,1"
"33327,0,1"
"33338,0,1"
"33349,0,1"
"33360,0,1"
"33372,0,1"
"33384,0,1"
"33395,0,1"
"33406,0,1"
"33418,0,1"
"33429,0,1"
"33440,0,1"
"33453,0,1"
"33464,0,1"
"33475,0,1"
"33486,0,1"
"33498,0,1"
"33509,0,1"
"33521,0,1"
"33532,1,1"
"33544,1,1"
"33555,1,1"
"33566,1,3"
"33577,1,1"
"33590,1,1"
"33601,1,1"
"33612,1,1"
"33624,1,10"
"33636,1,1"
"33648,1,1"
"33659,0,0"
"33671,0,1"
"33682,0,1"
"33693,0,1"
"33704,0,2"
"33717,0,1"
"33728,0,1"
"33739,0,1"
"33751,0,1"
"33762,0,1"
"33773,0,1"
"33785,0,0"
"33797,0,1"
"33808,0,1"
"33819,0,1"
"33830,0,1"
"33842,0,2"
"33854,0,1"
"33865,0,1"
"33876,0,1"
"33888,0,1"
"33899,0,1"
"33910,0,1"
"33923,0,1"
"33934,0,1"
"33945,0,1"
"33956,0,1"
"33968,0,1"
"33980,0,1"
"33991,0,1"
"34002,0,1"
"34014,0,1"
"34025,0,1"
"34036,0,1"
"34049,0,1"
"34060,0,1"
"34071,0,1"
"34082,0,1"
"34094,0,1"
"34105,0,1"
"34117,0,1"
"34128,0,1"
"34140,0,1"
"34151,0,1"
"34162,0,1"
"34173,0,1"
"34186,0,1"
"34197,0,1"
"34208,0,1"
"34220,0,1"
"34231,0,1"
"34242,0,1"
"34254,0,1"
"34266,0,1"
"34277,0,1"
"34288,0,1"
"34299,0,1"
"34312,0,1"
"34323,0,1"
"34334,0,1"
"34345,0,1"
"34357,0,1"
"34368,0,1"
"34380,0,1"
"34392,0,1"
"34403,0,1"
"34414,0,1"
"34425,0,1"
"34437,0,1"
"34449,0,1"
"34460,0,1"
"34471,0,1"
"34483,0,1"
"34494,0,1"
"34505,0,1"
"34518,0,1"
"34529,0,1"
"34540,0,1"
"34551,0,1"
"34563,0,0"
"34574,0,1"
"34586,0,1"
"34597,0,1"
"34609,0,1"
"34620,0,1"
"34631,0,1"
"34642,0,1"
"34655,1,1"
"34666,1,1"
"34677,1,1"
"34689,1,6"
"34700,1,1"
"34712,1,1"
"34723,1,0"
"34735,1,1"
"34746,1,9"
"34757,1,1"
"34768,1,1"
"34781,0,2"
"34792,0,1"
"34803,0,0"
"34814,0,1"
"34826,0,4"
"34837,0,1"
"34849,0,1"
"34861,0,1"
"34872,0,1"
"34883,0,1"
"34894,0,1"
"34906,0,1"
"34918,0,1"
"34929,0,1"
"34940,0,1"
"34952,0,0"
"34963,0,1"
"34974,0,1"
"34987,0,1"
"34998,0,1"
"35009,0,1"
"35020,0,1"
"35032,0,1"
"35044,0,1"
"35055,0,1"
"35066,0,1"
"35078,0,1"
"35089,0,1"
"35100,0,1"
"35112,0,1"
"35124,0,1"
"35135,0,1"
"35146,0,1"
"35158,0,1"
"35169,0,1"
"35181,0,1"
"35192,0,1"
"35204,0,1"
"35215,0,1"
"35226,0,1"
"35237,0,1"
"35250,0,1"
"35261,0,1"
"35272,0,1"
"35283,0,1"
"35295,0,1"
"35306,0,1"
"35318,0,1"
"35330,0,1"
"35341,0,1"
"35352,0,1"
"35363,0,1"
"35375,0,1"
"35387,0,1"
"35398,0,1"
"35409,0,1"
"35421,0,1"
"35432,0,1"
"35444,0,1"
"35456,0,1"
"35467,0,1"
"35478,0,1"
"35489,0,1"
"35501,0,1"
"35513,0,1"
"35524,0,1"
"35535,0,1"
"35547,0,1"
"35558,0,1"
"35569,0,1"
"35581,0,1"
"35593,0,1"
"35604,0,1"
"35615,0,1"
"35627,0,1"
"35638,0,1"
"35650,0,1"
"35661,0,1"
"35673,0,1"
"35684,0,1"
"35695,0,1"
"35706,0,1"
"35719,0,1"
"35730,0,1"
"35741,0,1"
"35752,0,1"
"35764,0,1"
"35776,1,1"
"35787,1,1"
"35799,1,1"
"35810,1,8"
"35821,1,1"
"35832,1,1"
"35845,1,1"
"35856,1,1"
"35867,1,10"
"35879,1,1"
"35891,1,1"
"35902,0,2"
"35914,0,1"
"35926,0,1"
"35937,0,1"
"35948,0,3"
"35959,0,1"
"35971,0,1"
"35983,0,1"
"35994,0,1"
"36005,0,1"
"36017,0,1"
"36028,0,-1"
"36040,0,1"
"36052,0,1"
"36064,0,1"
"36075,0,1"
"36086,0,0"
"36098,0,1"
"36110,0,1"
"36121,0,1"
"36132,0,1"
"36144,0,1"
"36155,0,1"
"36166,0,1"
"36178,0,1"
"36190,0,1"
"36201,0,1"
"36212,0,0"
"36224,0,1"
"36235,0,1"
"36247,0,1"
"36258,0,1"
"36270,0,1"
"36281,0,1"
"36292,0,1"
"36303,0,1"
"36316,0,1"
"36327,0,1"
"36338,0,1"
"36349,0,1"
"36361,0,1"
"36372,0,1"
"36384,0,1"
"36396,0,1"
"36407,0,1"
"36418,0,1"
"36429,0,1"
"36442,0,1"
"36453,0,1"
"36464,0,1"
"36475,0,1"
"36487,0,1"
"36498,0,1"
"36510,0,1"
"36521,0,1"
"36533,0,1"
"36544,0,1"
"36555,0,1"
"36567,0,1"
"36579,0,1"
"36590,0,1"
"36601,0,1"
"36613,0,1"
"36624,0,1"
"36635,0,1"
"36647,0,1"
"36659,0,1"
"36670,0,1"
"36681,0,1"
"36692,0,1"
"36704,0,1"
"36716,0,1"
"36727,0,1"
"36739,0,1"
"36750,0,1"
"36761,0,1"
"36772,0,1"
"36785,0,1"
"36796,0,1"
"36807,0,1"
"36818,0,1"
"36830,0,1"
"36842,0,1"
"36853,0,1"
"36865,0,1"
"36876,0,1"
"36887,0,1"
"36898,1,1"
"36911,1,1"
"36922,1,1"
"36933,1,10"
"36945,1,1"
"36957,1,2"
"36968,1,1"
"36980,1,1"
"36992,1,12"
"37004,1,1"
"37015,1,1"
"37026,0,1"
"37038,0,1"
"37050,0,1"
"37061,0,1"
"37072,0,3"
"37084,0,1"
"37095,0,1"
"37107,0,1"
"37118,0,1"
"37130,0,0"
"37141,0,0"
"37152,0,1"
"37164,0,1"
"37176,0,1"
"37187,0,1"
"37198,0,1"
"37210,0,2"
"37221,0,1"
"37232,0,1"
"37244,0,1"
"37256,0,1"
"37267,0,1"
"37278,0,1"
"37289,0,1"
"37301,0,1"
"37313,0,1"
"37324,0,1"
"37336,0,1"
"37347,0,1"
"37358,0,1"
"37369,0,1"
"37382,0,1"
"37393,0,1"
"37404,0,1"
"37415,0,1"
"37427,0,1"
"37438,0,1"
"37450,0,1"
"37462,0,1"
"37473,0,1"
"37484,0,1"
"37495,0,1"
"37508,0,1"
"37519,0,1"
"37530,0,1"
"37541,0,1"
"37553,0,1"
"37564,0,1"
"37576,0,1"
"37587,0,1"
"37599,0,1"
"37610,0,1"
"37621,0,1"
"37633,0,1"
"37645,0,1"
"37656,0,1"
"37667,0,1"
"37679,0,1"
"37690,0,1"
"37701,0,1"
"37713,0,1"
"37725,0,1"
"37736,0,1"
"37747,0,1"
"37758,0,1"
"37770,0,1"
"37782,0,1"
"37793,0,1"
"37805,0,1"
"37816,0,1"
"37827,0,1"
"37839,0,1"
"37851,0,1"
"37862,0,1"
"37873,0,1"
"37884,0,1"
"37896,0,1"
"37908,0,1"
"37919,0,1"
"37931,0,1"
"37942,0,1"
"37953,0,1"
"37964,0,1"
"37977,0,1"
"37988,0,1"
"37999,0,1"
"38010,0,1"
"38022,1,1"
"38033,1,1"
"38045,1,1"
"38056,1,7"
"38068,1,1"
"38079,1,4"
"38090,1,1"
"38102,1,1"
"38114,1,12"
"38126,1,1"
"38137,1,1"
"38149,0,1"
"38160,0,1"
"38172,0,1"
"38183,0,1"
"38195,0,4"
"38206,0,1"
"38217,0,1"
"38228,0,1"
"38241,0,0"
"38252,0,0"
"38263,0,0"
"38275,0,1"
"38286,0,1"
"38297,0,1"
"38309,0,1"
"38321,0,0"
"38332,0,0"
"38343,0,1"
"38354,0,1"
"38366,0,1"
"38378,0,1"
"38389,0,1"
"38401,0,1"
"38412,0,1"
"38423,0,1"
"38434,0,1"
"38447,0,1"
"38458,0,1"
"38469,0,1"
"38480,0,1"
"38492,0,1"
"38503,0,1"
"38515,0,1"
"38526,0,1"
"38538,0,1"
"38549,0,1"
"38560,0,1"
"38573,0,1"
"38584,0,1"
"38595,0,1"
"38606,0,1"
"38618,0,1"
"38629,0,1"
"38641,0,1"
"38652,0,1"
"38664,0,1"
"38675,0,1"
"38686,0,1"
"38697,0,1"
"38710,0,1"
"38721,0,1"
"38732,0,1"
"38744,0,1"
"38755,0,1"
"38766,0,1"
"38778,0,1"
"38790,0,1"
"38801,0,0"
"38812,0,1"
"38823,0,1"
"38835,0,1"
"38847,0,1"
"38858,0,1"
"38870,0,1"
"38881,0,1"
"38892,0,1"
"38904,0,1"
"38916,0,1"
"38927,0,1"
"38938,0,1"
"38949,0,1"
"38961,0,1"
"38973,0,1"
"38984,0,1"
"38995,0,1"
"39007,0,1"
"39018,0,1"
"39029,0,1"
"39042,0,1"
"39053,0,1"
"39064,0,1"
"39075,0,1"
"39087,0,1"
"39098,0,1"
"39110,0,1"
"39121,0,1"
"39133,1,1"
"39144,1,1"
"39155,1,1"
"39166,1,0"
"39179,1,4"
"39190,1,1"
"39201,1,9"
"39213,1,1"
"39224,1,1"
"39235,1,10"
"39248,1,1"
"39260,1,7"
"39271,0,1"
"39282,0,1"
"39293,0,2"
"39306,0,1"
"39317,0,5"
"39328,0,1"
"39340,0,1"
"39351,0,1"
"39362,0,2"
"39374,0,1"
"39386,0,1"
"39397,0,1"
"39408,0,1"
"39419,0,1"
"39431,0,1"
"39443,0,-1"
"39455,0,0"
"39467,0,1"
"39478,0,1"
"39489,0,1"
"39500,0,1"
"39513,0,1"
"39524,0,0"
"39535,0,1"
"39546,0,1"
"39558,0,1"
"39570,0,1"
"39581,0,0"
"39592,0,1"
"39604,0,1"
"39615,0,1"
"39626,0,1"
"39639,0,1"
"39650,0,1"
"39661,0,1"
"39672,0,1"
"39684,0,1"
"39695,0,1"
"39707,0,1"
"39718,0,1"
"39730,0,1"
"39741,0,1"
"39752,0,1"
"39763,0,1"
"39776,0,1"
"39787,0,1"
"39798,0,1"
"39810,0,1"
"39821,0,1"
"39832,0,1"
"39844,0,1"
"39856,0,1"
"39867,0,1"
"39878,0,1"
"39889,0,1"
"39901,0,1"
"39913,0,1"
"39924,0,1"
"39936,0,1"
"39947,0,1"
"39958,0,1"
"39970,0,1"
"39982,0,1"
"39993,0,1"
"40004,0,1"
"40015,0,1"
"40027,0,1"
"40039,0,1"
"40050,0,1"
"40061,0,1"
"40073,0,1"
"40084,0,1"
"40095,0,1"
"40108,0,1"
"40119,0,1"
"40130,0,1"
"40141,0,1"
"40153,0,1"
"40164,0,1"
"40176,0,1"
"40187,0,1"
"40199,0,1"
"40210,0,1"
"40221,0,1"
"40232,0,1"
"40245,0,1"
"40256,1,1"
"40267,1,1"
"40279,1,1"
"40290,1,7"
"40302,1,1"
"40313,1,1"
"40325,1,10"
"40337,1,1"
"40348,1,4"
"40359,1,1"
"40372,1,1"
"40383,1,8"
"40394,0,1"
"40406,0,1"
"40417,0,-2"
"40429,0,1"
"40441,0,2"
"40453,0,1"
"40464,0,1"
"40475,0,1"
"40486,0,1"
"40498,0,1"
"40510,0,-1"
"40522,0,1"
"40534,0,1"
"40545,0,1"
"40556,0,1"
"40568,0,1"
"40580,0,1"
"40591,0,1"
"40602,0,1"
"40613,0,1"
"40625,0,1"
"40637,0,1"
"40648,0,0"
"40659,0,1"
"40671,0,1"
"40682,0,1"
"40693,0,1"
"40706,0,0"
"40717,0,1"
"40728,0,1"
"40739,0,1"
"40751,0,1"
"40762,0,1"
"40774,0,1"
"40785,0,1"
"40797,0,1"
"40808,0,1"
"40819,0,1"
"40830,0,1"
"40843,0,1"
"40854,0,1"
"40865,0,1"
"40877,0,1"
"40888,0,1"
"40899,0,1"
"40911,0,1"
"40923,0,1"
"40934,0,1"
"40945,0,1"
"40956,0,1"
"40969,0,1"
"40980,0,1"
"40991,0,1"
"41003,0,1"
"41014,0,1"
"41025,0,1"
"41037,0,1"
"41049,0,1"
"41060,0,1"
"41071,0,1"
"41082,0,1"
"41094,0,1"
"41106,0,1"
"41117,0,1"
"41128,0,1"
"41140,0,1"
"41151,0,1"
"41162,0,1"
"41175,0,1"
"41186,0,1"
"41197,0,1"
"41208,0,1"
"41220,0,1"
"41231,0,1"
"41243,0,1"
"41254,0,1"
"41266,0,1"
"41277,0,1"
"41288,0,1"
"41300,0,1"
"41312,0,1"
"41323,0,1"
"41334,0,1"
"41346,0,1"
"41357,0,1"
"41369,0,1"
"41380,1,1"
"41392,1,1"
"41403,1,1"
"41414,1,11"
"41426,1,1"
"41439,1,1"
"41450,1,4"
"41461,1,1"
"41473,1,6"
"41484,1,1"
"41495,1,1"
"41507,0,6"
"41519,0,1"
"41530,0,1"
"41541,0,1"
"41552,0,0"
"41564,0,0"
"41576,0,1"
"41587,0,1"
"41598,0,1"
"41610,0,-1"
"41622,0,0"
"41634,0,0"
"41646,0,1"
"41657,0,1"
"41668,0,1"
"41679,0,0"
"41691,0,-1"
"41704,0,1"
"41715,0,1"
"41726,0,1"
"41738,0,1"
"41749,0,1"
"41760,0,1"
"41773,0,1"
"41784,0,1"
"41795,0,1"
"41806,0,1"
"41818,0,1"
"41829,0,1"
"41841,0,1"
"41852,0,1"
"41864,0,1"
"41875,0,1"
"41886,0,1"
"41897,0,1"
"41910,0,1"
"41921,0,1"
"41932,0,1"
"41944,0,1"
"41955,0,1"
"41967,0,0"
"41978,0,1"
"41990,0,1"
"42001,0,1"
"42012,0,1"
"42023,0,1"
"42036,0,1"
"42047,0,1"
"42058,0,1"
"42070,0,1"
"42081,0,1"
"42092,0,1"
"42104,0,1"
"42116,0,1"
"42127,0,1"
"42138,0,1"
"42149,0,1"
"42161,0,1"
"42173,0,1"
"42184,0,1"
"42195,0,1"
"42207,0,1"
"42218,0,1"
"42229,0,1"
"42242,0,1"
"42253,0,1"
"42264,0,1"
"42275,0,1"
"42287,0,1"
"42299,0,1"
"42310,0,1"
"42321,0,1"
"42333,0,1"
"42344,0,1"
"42355,0,1"
"42368,0,1"
"42379,0,1"
"42390,0,1"
"42401,0,1"
"42413,0,1"
"42424,0,1"
"42436,0,1"
"42447,0,1"
"42459,0,1"
"42470,0,1"
"42481,0,1"
"42492,0,1"
"42505,1,1"
"42516,1,1"
"42527,1,1"
"42539,1,7"
"42550,1,1"
"42561,1,1"
"42573,1,1"
"42585,1,3"
"42596,1,0"
"42607,1,1"
"42618,1,1"
"42630,0,1"
"42642,0,0"
"42653,0,1"
"42664,0,1"
"42676,0,3"
"42687,0,2"
"42699,0,1"
"42711,0,1"
"42722,0,1"
"42733,0,0"
"42744,0,2"
"42756,0,1"
"42768,0,1"
"42779,0,1"
"42790,0,1"
"42802,0,1"
"42813,0,0"
"42824,0,1"
"42836,0,1"
"42848,0,1"
"42859,0,1"
"42870,0,1"
"42882,0,1"
"42893,0,1"
"42905,0,1"
"42916,0,1"
"42928,0,1"
"42939,0,1"
"42950,0,1"
"42961,0,1"
"42974,0,1"
"42985,0,1"
"42996,0,1"
"43008,0,1"
"43019,0,1"
"43031,0,1"
"43042,0,1"
"43054,0,1"
"43065,0,1"
"43076,0,1"
"43087,0,1"
"43100,0,1"
"43111,0,1"
"43122,0,1"
"43133,0,1"
"43145,0,1"
"43156,0,1"
"43168,0,1"
"43180,0,1"
"43191,0,1"
"43202,0,1"
"43213,0,1"
"43225,0,1"
"43237,0,1"
"43248,0,1"
"43259,0,1"
"43271,0,1"
"43282,0,1"
"43293,0,1"
"43305,0,1"
"43317,0,1"
"43328,0,1"
"43339,0,1"
"43351,0,1"
"43362,0,1"
"43374,0,1"
"43385,0,1"
"43397,0,1"
"43408,0,1"
"43419,0,1"
"43431,0,1"
"43443,0,1"
"43454,0,1"
"43465,0,1"
"43476,0,1"
"43488,0,1"
"43500,0,1"
"43511,0,1"
"43523,0,1"
"43534,0,1"
"43545,0,1"
"43556,0,1"
"43569,0,1"
"43580,0,1"
"43591,0,1"
"43602,0,1"
"43614,0,1"
"43625,1,1"
"43637,1,1"
"43649,1,0"
"43660,1,4"
"43671,1,1"
"43682,1,1"
"43694,1,1"
"43706,1,1"
"43717,1,3"
"43728,1,1"
"43740,1,1"
"43751,0,0"
"43763,0,1"
"43774,0,1"
"43786,0,1"
"43797,0,4"
"43808,0,1"
"43820,0,1"
"43832,0,1"
"43843,0,1"
"43854,0,0"
"43866,0,1"
"43877,0,1"
"43888,0,1"
"43900,0,1"
"43912,0,1"
"43923,0,1"
"43934,0,0"
"43945,0,1"
"43957,0,1"
"43969,0,1"
"43980,0,1"
"43992,0,-1"
"44004,0,1"
"44015,0,1"
"44026,0,1"
"44039,0,1"
"44050,0,1"
"44061,0,1"
"44072,0,1"
"44084,0,1"
"44096,0,1"
"44107,0,1"
"44119,0,1"
"44130,0,1"
"44141,0,1"
"44152,0,1"
"44165,0,1"
"44176,0,1"
"44187,0,1"
"44198,0,1"
"44210,0,1"
"44221,0,1"
"44233,0,1"
"44244,0,1"
"44256,0,1"
"44267,0,1"
"44278,0,1"
"44290,0,1"
"44302,0,1"
"44313,0,1"
"44324,0,1"
"44336,0,1"
"44347,0,1"
"44358,0,1"
"44370,0,1"
"44382,0,1"
"44393,0,1"
"44404,0,1"
"44416,0,1"
"44427,0,1"
"44439,0,1"
"44450,0,1"
"44462,0,1"
"44473,0,1"
"44484,0,1"
"44496,0,1"
"44508,0,1"
"44519,0,1"
"44530,0,1"
"44541,0,1"
"44553,0,1"
"44565,0,1"
"44576,0,1"
"44588,0,1"
"44599,0,1"
"44610,0,1"
"44621,0,1"
"44634,0,1"
"44645,0,1"
"44656,0,0"
"44667,0,1"
"44679,0,1"
"44690,0,1"
"44702,0,1"
"44713,0,1"
"44725,0,1"
"44736,0,1"
"44747,1,1"
"44759,1,1"
"44771,1,1"
"44782,1,3"
"44793,1,1"
"44805,1,0"
"44816,1,1"
"44828,1,1"
"44839,1,7"
"44851,1,1"
"44862,1,1"
"44873,0,1"
"44884,0,1"
"44897,0,1"
"44908,0,1"
"44919,0,3"
"44931,0,1"
"44942,0,1"
"44953,0,1"
"44965,0,1"
"44977,0,1"
"44988,0,1"
"44999,0,0"
"45010,0,1"
"45022,0,1"
"45034,0,1"
"45045,0,1"
"45057,0,0"
"45068,0,1"
"45079,0,1"
"45090,0,1"
"45103,0,1"
"45114,0,1"
"45125,0,1"
"45136,0,1"
"45148,0,1"
"45159,0,1"
"45171,0,1"
"45182,0,1"
"45194,0,1"
"45205,0,1"
"45216,0,1"
"45229,0,1"
"45240,0,1"
"45251,0,1"
"45262,0,1"
"45274,0,1"
"45285,0,1"
"45297,0,1"
"45308,0,1"
"45320,0,1"
"45331,0,1"
"45342,0,1"
"45353,0,1"
"45366,0,1"
"45377,0,1"
"45388,0,1"
"45400,0,1"
"45411,0,1"
"45422,0,1"
"45434,0,1"
"45446,0,1"
"45457,0,1"
"45468,0,1"
"45479,0,1"
"45491,0,1"
"45503,0,1"
"45514,0,1"
"45526,0,1"
"45537,0,1"
"45548,0,1"
"45560,0,1"
"45572,0,1"
"45583,0,1"
"45594,0,1"
"45605,0,1"
"45617,0,1"
"45629,0,1"
"45640,0,1"
"45651,0,1"
"45663,0,1"
"45674,0,1"
"45685,0,1"
"45698,0,1"
"45709,0,1"
"45720,0,1"
"45731,0,1"
"45743,0,1"
"45754,0,1"
"45766,0,1"
"45777,0,1"
"45789,0,1"
"45800,0,1"
"45811,0,1"
"45822,0,1"
"45835,0,1"
"45846,0,1"
"45857,0,1"
"45869,1,1"
"45880,1,1"
"45891,1,1"
"45903,1,5"
"45915,1,1"
"45926,1,1"
"45937,1,1"
"45948,1,1"
"45961,1,9"
"45972,1,1"
"45983,1,1"
"45995,0,-1"
"46007,0,1"
"46018,0,1"
"46030,0,1"
"46042,0,3"
"46053,0,1"
"46064,0,1"
"46075,0,1"
"46087,0,1"
"46099,0,0"
"46110,0,1"
"46121,0,0"
"46133,0,1"
"46144,0,1"
"46155,0,1"
"46168,0,1"
"46179,0,2"
"46190,0,1"
"46201,0,1"
"46213,0,1"
"46224,0,1"
"46236,0,0"
"46247,0,1"
"46259,0,1"
"46270,0,1"
"46281,0,1"
"46294,0,1"
"46305,0,1"
"46316,0,1"
"46327,0,1"
"46339,0,1"
"46350,0,1"
"46362,0,1"
"46373,0,1"
"46385,0,1"
"46396,0,1"
"46407,0,1"
"46418,0,1"
"46431,0,1"
"46442,0,1"
"46453,0,1"
"46465,0,1"
"46476,0,1"
"46487,0,1"
"46499,0,1"
"46511,0,1"
"46522,0,0"
"46533,0,1"
"46544,0,1"
"46556,0,1"
"46568,0,1"
"46579,0,1"
"46590,0,1"
"46602,0,1"
"46613,0,1"
"46625,0,1"
"46637,0,1"
"46648,0,1"
"46659,0,1"
"46670,0,1"
"46682,0,0"
"46694,0,1"
"46705,0,1"
"46716,0,1"
"46728,0,1"
"46739,0,1"
"46750,0,1"
"46763,0,1"
"46774,0,1"
"46785,0,1"
"46796,0,1"
"46808,0,1"
"46819,0,0"
"46831,0,1"
"46842,0,1"
"46854,0,1"
"46865,0,1"
"46876,0,1"
"46887,0,1"
"46900,0,1"
"46911,0,1"
"46922,0,1"
"46934,0,1"
"46945,0,1"
"46956,0,1"
"46968,0,1"
"46980,0,1"
"46991,1,1"
"47002,1,1"
"47013,1,1"
"47026,1,6"
"47037,1,1"
"47048,1,3"
"47059,1,1"
"47071,1,1"
"47082,1,8"
"47094,1,1"
"47106,1,1"
"47117,0,1"
"47128,0,1"
"47139,0,2"
"47151,0,1"
"47163,0,4"
"47174,0,1"
"47185,0,1"
"47197,0,1"
"47208,0,1"
"47219,0,1"
"47232,0,1"
"47243,0,1"
"47254,0,1"
"47265,0,1"
"47277,0,1"
"47288,0,1"
"47300,0,-1"
"47312,0,1"
"47324,0,1"
"47335,0,1"
"47346,0,1"
"47358,0,0"
"47370,0,1"
"47381,0,1"
"47392,0,1"
"47404,0,1"
"47415,0,1"
"47427,0,1"
"47438,0,1"
"47450,0,1"
"47461,0,1"
"47472,0,1"
"47483,0,1"
"47496,0,1"
"47507,0,1"
"47518,0,1"
"47529,0,1"
"47541,0,1"
"47552,0,1"
"47564,0,1"
"47576,0,1"
"47587,0,1"
"47598,0,1"
"47609,0,1"
"47621,0,1"
"47633,0,1"
"47644,0,1"
"47655,0,1"
"47667,0,1"
"47678,0,1"
"47690,0,1"
"47702,0,1"
"47713,0,1"
"47724,0,1"
"47735,0,1"
"47747,0,1"
"47759,0,1"
"47770,0,1"
"47781,0,1"
"47793,0,1"
"47804,0,1"
"47815,0,1"
"47827,0,1"
"47839,0,1"
"47850,0,1"
"47861,0,1"
"47873,0,1"
"47884,0,1"
"47896,0,1"
"47907,0,1"
"47919,0,1"
"47930,0,1"
"47941,0,1"
"47952,0,1"
"47965,0,1"
"47976,0,1"
"47987,0,1"
"47998,0,1"
"48010,0,1"
"48021,0,1"
"48033,0,1"
"48045,0,1"
"48056,0,1"
"48067,0,1"
"48078,0,1"
"48091,0,1"
"48102,0,1"
"48113,1,1"
"48124,1,1"
"48136,1,1"
"48147,1,8"
"48159,1,1"
"48171,1,4"
"48182,1,1"
"48193,1,1"
"48204,1,7"
"48216,1,1"
"48228,1,3"
"48239,0,1"
"48250,0,1"
"48262,0,1"
"48273,0,1"
"48284,0,5"
"48296,0,1"
"48308,0,1"
"48319,0,1"
"48330,0,1"
"48342,0,-1"
"48354,0,0"
"48366,0,1"
"48377,0,1"
"48389,0,1"
"48400,0,1"
"48411,0,0"
"48423,0,1"
"48435,0,1"
"48446,0,1"
"48457,0,1"
"48468,0,1"
"48480,0,0"
"48492,0,1"
"48503,0,1"
"48515,0,1"
"48526,0,1"
"48537,0,1"
"48548,0,1"
"48561,0,1"
"48572,0,1"
"48583,0,1"
"48594,0,1"
"48606,0,1"
"48617,0,1"
"48629,0,1"
"48641,0,1"
"48652,0,1"
"48663,0,1"
"48674,0,1"
"48686,0,1"
"48698,0,1"
"48709,0,1"
"48720,0,1"
"48732,0,1"
"48743,0,1"
"48755,0,1"
"48766,0,1"
"48778,0,1"
"48789,0,1"
"48800,0,1"
"48812,0,1"
"48824,0,1"
"48835,0,1"
"48846,0,1"
"48858,0,1"
"48869,0,1"
"48880,0,1"
"48892,0,1"
"48904,0,1"
"48915,0,1"
"48926,0,1"
"48937,0,1"
"48949,0,1"
"48961,0,1"
"48972,0,1"
"48984,0,1"
"48995,0,1"
"49006,0,1"
"49017,0,1"
"49030,0,1"
"49041,0,1"
"49052,0,1"
"49063,0,1"
"49075,0,1"
"49086,0,1"
"49098,0,1"
"49110,0,1"
"49121,0,1"
"49132,0,1"
"49143,0,1"
"49156,0,1"
"49167,0,1"
"49178,0,1"
"49189,0,1"
"49201,0,1"
"49212,0,1"
"49224,1,1"
"49235,1,1"
"49247,1,1"
"49258,1,0"
"49269,1,5"
"49281,1,1"
"49293,1,5"
"49304,1,0"
"49315,1,1"
"49327,1,6"
"49338,1,1"
"49349,1,3"
"49361,0,1"
"49373,0,1"
"49384,0,-1"
"49396,0,1"
"49408,0,4"
"49419,0,1"
"49431,0,1"
"49442,0,1"
"49454,0,-1"
"49466,0,1"
"49477,0,0"
"49489,0,1"
"49501,0,1"
"49512,0,1"
"49523,0,1"
"49534,0,1"
"49546,0,1"
"49558,0,1"
"49569,0,1"
"49581,0,1"
"49592,0,1"
"49603,0,1"
"49614,0,1"
"49627,0,1"
"49638,0,1"
"49649,0,1"
"49660,0,1"
"49672,0,1"
"49683,0,1"
"49695,0,1"
"49707,0,1"
"49718,0,1"
"49729,0,1"
"49740,0,1"
"49752,0,1"
"49764,0,1"
"49775,0,1"
"49786,0,1"
"49798,0,1"
"49809,0,1"
"49821,0,1"
"49832,0,1"
"49844,0,1"
"49855,0,1"
"49866,0,1"
"49878,0,1"
"49890,0,1"
"49901,0,1"
"49912,0,1"
"49924,0,1"
"49935,0,1"
"49946,0,1"
"49958,0,1"
"49970,0,1"
"49981,0,1"
"49992,0,1"
"50003,0,1"
"50015,0,1"
"50027,0,1"
"50038,0,1"
"50050,0,1"
"50061,0,1"
"50072,0,1"
"50083,0,1"
"50096,0,1"
"50107,0,1"
"50118,0,1"
"50129,0,1"
"50141,0,1"
"50153,0,1"
"50164,0,1"
"50176,0,1"
"50187,0,1"
"50198,0,1"
"50209,0,1"
"50222,0,1"
"50233,0,1"
"50244,0,1"
"50255,0,1"
"50267,0,1"
"50278,0,1"
"50290,0,1"
"50301,0,1"
"50313,0,1"
"50324,0,1"
"50335,0,1"
"50347,1,1"
"50359,1,1"
"50370,1,1"
"50381,1,4"
"50393,1,1"
"50404,1,1"
"50415,1,6"
"50427,1,1"
"50439,1,0"
"50450,1,1"
"50461,1,1"
"50472,1,5"
"50484,0,-1"
"50497,0,1"
"50508,0,0"
"50520,0,0"
"50531,0,2"
"50542,0,1"
"50554,0,1"
"50566,0,1"
"50577,0,1"
"50588,0,0"
"50599,0,0"
"50611,0,1"
"50623,0,1"
"50634,0,1"
"50646,0,1"
"50657,0,1"
"50668,0,0"
"50679,0,1"
"50692,0,1"
"50703,0,1"
"50714,0,1"
"50725,0,-1"
"50738,0,1"
"50749,0,1"
"50761,0,1"
"50772,0,1"
"50784,0,1"
"50795,0,1"
"50806,0,1"
"50819,0,1"
"50830,0,1"
"50841,0,1"
"50852,0,1"
"50864,0,1"
"50875,0,1"
"50887,0,1"
"50898,0,1"
"50910,0,1"
"50921,0,1"
"50932,0,1"
"50944,0,1"
"50956,0,1"
"50967,0,1"
"50978,0,1"
"50990,0,1"
"51001,0,1"
"51012,0,1"
"51024,0,1"
"51036,0,1"
"51047,0,1"
"51058,0,1"
"51069,0,1"
"51081,0,1"
"51093,0,1"
"51104,0,1"
"51116,0,1"
"51127,0,1"
"51138,0,1"
"51149,0,1"
"51162,0,1"
"51173,0,1"
"51184,0,1"
"51195,0,1"
"51207,0,1"
"51219,0,1"
"51230,0,1"
"51241,0,1"
"51253,0,1"
"51264,0,1"
"51275,0,1"
"51288,0,1"
"51299,0,1"
"51310,0,1"
"51321,0,1"
"51333,0,1"
"51344,0,1"
"51356,0,1"
"51367,0,1"
"51379,0,1"
"51390,0,1"
"51401,0,1"
"51412,0,1"
"51425,0,1"
"51436,0,1"
"51447,0,1"
"51459,0,1"
"51470,1,1"
"51481,1,1"
"51493,1,1"
"51505,1,7"
"51516,1,1"
"51527,1,1"
"51538,1,3"
"51551,1,1"
"51562,1,2"
"51573,1,1"
"51585,1,1"
"51596,1,4"
"51607,0,1"
"51619,0,1"
"51631,0,1"
"51642,0,1"
"51653,0,3"
"51664,0,1"
"51676,0,1"
"51688,0,1"
"51699,0,1"
"51710,0,1"
"51722,0,0"
"51733,0,1"
"51744,0,1"
"51757,0,1"
"51768,0,1"
"51779,0,1"
"51790,0,0"
"51802,0,1"
"51813,0,1"
"51825,0,1"
"51836,0,1"
"51848,0,1"
"51859,0,1"
"51870,0,1"
"51881,0,1"
"51894,0,1"
"51905,0,1"
"51916,0,1"
"51928,0,1"
"51939,0,1"
"51951,0,1"
"51962,0,1"
"51974,0,1"
"51985,0,1"
"51996,0,1"
"52007,0,1"
"52020,0,1"
"52031,0,1"
"52042,0,1"
"52054,0,1"
"52065,0,1"
"52076,0,1"
"52088,0,1"
"52100,0,1"
"52111,0,1"
"52122,0,1"
"52133,0,1"
"52145,0,1"
"52157,0,1"
"52168,0,1"
"52179,0,1"
"52191,0,1"
"52202,0,1"
"52213,0,1"
"52226,0,1"
"52237,0,1"
"52248,0,1"
"52259,0,1"
"52271,0,1"
"52283,0,1"
"52294,0,1"
"52305,0,1"
"52317,0,1"
"52328,0,1"
"52339,0,1"
"52352,0,1"
"52363,0,1"
"52374,0,1"
"52385,0,1"
"52397,0,1"
"52408,0,1"
"52420,0,1"
"52431,0,1"
"52443,0,1"
"52454,0,1"
"52465,0,1"
"52476,0,1"
"52489,0,1"
"52500,0,1"
"52511,0,1"
"52523,0,1"
"52534,0,1"
"52545,0,1"
"52557,0,1"
"52569,0,1"
"52580,0,1"
"52591,1,1"
"52602,1,1"
"52614,1,1"
"52626,1,7"
"52637,1,1"
"52648,1,1"
"52660,1,4"
"52671,1,1"
"52683,1,4"
"52695,1,1"
"52706,1,1"
"52717,1,2"
"52728,0,1"
"52740,0,1"
"52752,0,1"
"52763,0,1"
"52774,0,2"
"52786,0,1"
"52797,0,1"
"52808,0,1"
"52820,0,1"
"52832,0,1"
"52843,0,0"
"52854,0,1"
"52866,0,1"
"52877,0,1"
"52889,0,1"
"52900,0,1"
"52912,0,0"
"52923,0,1"
"52934,0,1"
"52945,0,1"
"52958,0,1"
"52969,0,1"
"52980,0,1"
"52992,0,1"
"53003,0,1"
"53015,0,1"
"53026,0,1"
"53038,0,1"
"53049,0,1"
"53060,0,1"
"53071,0,1"
"53084,0,1"
"53095,0,1"
"53106,0,1"
"53117,0,1"
"53129,0,1"
"53140,0,1"
"53152,0,1"
"53164,0,1"
"53175,0,1"
"53186,0,1"
"53197,0,1"
"53209,0,1"
"53221,0,1"
"53232,0,1"
"53243,0,1"
"53255,0,1"
"53266,0,1"
"53277,0,1"
"53289,0,1"
"53301,0,1"
"53312,0,1"
"53323,0,1"
"53335,0,1"
"53346,0,1"
"53358,0,1"
"53369,0,1"
"53381,0,1"
"53392,0,1"
"53403,0,1"
"53415,0,1"
"53427,0,1"
"53438,0,1"
"53449,0,1"
"53460,0,1"
"53472,0,1"
"53484,0,1"
"53495,0,1"
"53507,0,1"
"53518,0,1"
"53529,0,1"
"53540,0,1"
"53553,0,1"
"53564,0,1"
"53575,0,1"
"53586,0,1"
"53598,0,1"
"53609,0,1"
"53621,0,1"
"53633,0,1"
"53644,0,1"
"53655,0,1"
"53666,0,1"
"53678,0,1"
"53690,0,1"
"53701,0,1"
"53712,1,1"
"53724,1,1"
"53735,1,1"
"53747,1,7"
"53758,1,1"
"53770,1,1"
"53781,1,6"
"53792,1,1"
"53804,1,4"
"53816,1,1"
"53827,1,1"
"53838,1,6"
"53850,0,1"
"53861,0,1"
"53872,0,1"
"53884,0,1"
"53896,0,-1"
"53908,0,1"
"53919,0,1"
"53931,0,1"
"53942,0,0"
"53954,0,1"
"53965,0,1"
"53977,0,1"
"53988,0,1"
"53999,0,1"
"54010,0,1"
"54023,0,0"
"54034,0,1"
"54045,0,1"
"54056,0,1"
"54068,0,1"
"54080,0,1"
"54091,0,1"
"54103,0,1"
"54114,0,1"
"54125,0,1"
"54136,0,1"
"54149,0,1"
"54160,0,1"
"54171,0,1"
"54182,0,1"
"54194,0,1"
"54205,0,1"
"54217,0,1"
"54228,0,1"
"54240,0,1"
"54251,0,1"
"54262,0,1"
"54274,0,1"
"54286,0,1"
"54297,0,1"
"54308,0,1"
"54320,0,1"
"54331,0,1"
"54342,0,1"
"54354,0,1"
"54366,0,1"
"54377,0,1"
"54388,0,1"
"54400,0,1"
"54411,0,1"
"54423,0,1"
"54434,0,1"
"54446,0,1"
"54457,0,1"
"54468,0,1"
"54480,0,1"
"54492,0,1"
"54503,0,1"
"54514,0,1"
"54525,0,1"
"54537,0,1"
"54549,0,1"
"54560,0,1"
"54572,0,1"
"54583,0,1"
"54594,0,1"
"54605,0,1"
"54618,0,1"
"54629,0,1"
"54640,0,1"
"54651,0,1"
"54663,0,1"
"54674,0,1"
"54686,0,1"
"54697,0,1"
"54709,0,1"
"54720,0,1"
"54731,0,1"
"54743,0,1"
"54755,0,1"
"54766,0,1"
"54777,0,1"
"54789,0,1"
"54800,0,1"
"54812,0,1"
"54823,0,1"
"54835,1,1"
"54846,1,1"
"54857,1,1"
"54868,1,7"
"54881,1,1"
"54892,1,1"
"54903,1,1"
"54915,1,2"
"54926,1,4"
"54937,1,1"
"54949,1,1"
"54961,1,1"
"54972,0,1"
"54983,0,0"
"54994,0,1"
"55006,0,4"
"55018,0,1"
"55029,0,1"
"55041,0,1"
"55052,0,1"
"55063,0,1"
"55074,0,0"
"55087,0,1"
"55098,0,1"
"55109,0,1"
"55120,0,1"
"55132,0,1"
"55143,0,1"
"55155,0,1"
"55166,0,1"
"55178,0,1"
"55189,0,1"
"55200,0,1"
"55213,0,1"
"55224,0,1"
"55235,0,1"
"55246,0,1"
"55258,0,1"
"55269,0,1"
"55281,0,1"
"55292,0,1"
"55304,0,1"
"55315,0,1"
"55326,0,1"
"55337,0,1"
"55350,0,1"
"55361,0,1"
"55372,0,1"
"55384,0,1"
"55395,0,1"
"55406,0,1"
"55418,0,1"
"55430,0,1"
"55441,0,1"
"55452,0,1"
"55463,0,1"
"55475,0,1"
"55487,0,1"
"55498,0,1"
"55510,0,1"
"55521,0,1"
"55532,0,1"
"55544,0,1"
"55556,0,1"
"55567,0,1"
"55578,0,1"
"55589,0,1"
"55601,0,1"
"55613,0,1"
"55624,0,1"
"55635,0,1"
"55647,0,1"
"55658,0,1"
"55669,0,1"
"55682,0,1"
"55693,0,1"
"55704,0,1"
"55715,0,1"
"55727,0,1"
"55738,0,1"
"55750,0,1"
"55761,0,1"
"55773,0,1"
"55784,0,1"
"55795,0,1"
"55806,0,1"
"55819,0,1"
"55830,0,1"
"55841,0,1"
"55853,0,1"
"55864,0,1"
"55875,0,1"
"55887,0,1"
"55899,0,1"
"55910,0,1"
"55921,0,1"
"55932,0,1"
"55945,0,1"
"55956,1,1"
"55967,1,1"
"55979,1,1"
"55990,1,7"
"56001,1,1"
"56013,1,1"
"56025,1,1"
"56036,1,1"
"56047,1,7"
"56058,1,1"
"56070,1,1"
"56082,1,0"
"56093,0,1"
"56104,0,1"
"56116,0,1"
"56127,0,4"
"56138,0,1"
"56151,0,1"
"56162,0,1"
"56173,0,1"
"56184,0,0"
"56196,0,-1"
"56208,0,1"
"56220,0,1"
"56231,0,1"
"56243,0,1"
"56254,0,1"
"56265,0,1"
"56278,0,1"
"56289,0,1"
"56300,0,1"
"56311,0,1"
"56323,0,1"
"56334,0,1"
"56346,0,1"
"56357,0,1"
"56369,0,1"
"56380,0,1"
"56391,0,1"
"56402,0,1"
"56415,0,1"
"56426,0,1"
"56437,0,1"
"56449,0,1"
"56460,0,1"
"56471,0,1"
"56483,0,1"
"56495,0,0"
"56506,0,1"
"56517,0,1"
"56528,0,1"
"56540,0,1"
"56552,0,1"
"56563,0,1"
"56574,0,1"
"56586,0,1"
"56597,0,1"
"56609,0,1"
"56621,0,1"
"56632,0,1"
"56643,0,1"
"56654,0,1"
"56666,0,1"
"56678,0,1"
"56689,0,1"
"56700,0,1"
"56712,0,1"
"56723,0,1"
"56734,0,1"
"56747,0,1"
"56758,0,1"
"56769,0,1"
"56780,0,1"
"56792,0,1"
"56803,0,1"
"56815,0,1"
"56826,0,1"
"56838,0,1"
"56849,0,1"
"56860,0,1"
"56871,0,1"
"56884,0,1"
"56895,0,1"
"56906,0,1"
"56918,0,1"
"56929,0,1"
"56940,0,1"
"56952,0,1"
"56964,0,1"
"56975,0,1"
"56986,0,1"
"56997,0,1"
"57010,0,1"
"57021,0,1"
"57032,0,1"
"57043,0,1"
"57055,0,1"
"57066,0,1"
"57078,1,1"
"57090,1,1"
"57101,1,1"
"57112,1,7"
"57123,1,1"
"57135,1,1"
"57147,1,1"
"57158,1,5"
"57169,1,4"
"57181,1,1"
"57192,1,1"
"57203,0,1"
"57216,0,1"
"57227,0,-1"
"57239,0,1"
"57250,0,5"
"57262,0,1"
"57273,0,1"
"57285,0,1"
"57296,0,1"
"57308,0,1"
"57319,0,1"
"57330,0,0"
"57342,0,1"
"57354,0,1"
"57365,0,1"
"57376,0,1"
"57388,0,0"
"57399,0,1"
"57411,0,1"
"57422,0,1"
"57434,0,1"
"57445,0,1"
"57456,0,0"
"57467,0,1"
"57480,0,1"
"57491,0,1"
"57502,0,1"
"57513,0,0"
"57525,0,1"
"57536,0,1"
"57548,0,1"
"57560,0,1"
"57571,0,1"
"57582,0,1"
"57593,0,1"
"57605,0,1"
"57617,0,1"
"57628,0,1"
"57639,0,1"
"57651,0,1"
"57662,0,1"
"57674,0,1"
"57686,0,1"
"57697,0,0"
"57708,0,1"
"57719,0,1"
"57731,0,1"
"57743,0,1"
"57754,0,1"
"57765,0,1"
"57777,0,1"
"57788,0,1"
"57799,0,1"
"57811,0,1"
"57823,0,1"
"57834,0,1"
"57845,0,1"
"57857,0,1"
"57868,0,1"
"57880,0,1"
"57891,0,1"
"57903,0,1"
"57914,0,1"
"57925,0,1"
"57936,0,1"
"57949,0,1"
"57960,0,1"
"57971,0,1"
"57982,0,1"
"57994,0,1"
"58005,0,1"
"58017,0,1"
"58029,0,1"
"58040,0,1"
"58051,0,1"
"58062,0,1"
"58075,0,1"
"58086,0,1"
"58097,0,1"
"58108,0,1"
"58120,0,1"
"58131,0,1"
"58143,0,1"
"58155,0,1"
"58166,0,1"
"58177,0,1"
"58188,0,1"
"58200,1,1"
"58212,1,1"
"58223,1,1"
"58234,1,8"
"58246,1,1"
"58257,1,1"
"58268,1,1"
"58280,1,1"
"58292,1,10"
"58304,1,1"
"58315,1,1"
"58327,0,1"
"58338,0,1"
"58350,0,0"
"58361,0,1"
"58373,0,4"
"58384,0,1"
"58395,0,1"
"58407,0,1"
"58419,0,1"
"58430,0,1"
"58441,0,1"
"58452,0,0"
"58464,0,1"
"58476,0,1"
"58487,0,1"
"58499,0,1"
"58510,0,0"
"58521,0,1"
"58532,0,1"
"58545,0,1"
"58556,0,1"
"58567,0,1"
"58578,0,1"
"58590,0,1"
"58601,0,1"
"58613,0,1"
"58625,0,1"
"58636,0,0"
"58647,0,1"
"58658,0,1"
"58670,0,1"
"58682,0,1"
"58693,0,1"
"58704,0,1"
"58716,0,1"
"58727,0,1"
"58739,0,1"
"58750,0,1"
"58762,0,1"
"58773,0,1"
"58784,0,1"
"58796,0,1"
"58808,0,1"
"58819,0,1"
"58830,0,1"
"58842,0,1"
"58853,0,1"
"58864,0,1"
"58876,0,1"
"58888,0,1"
"58899,0,1"
"58910,0,1"
"58921,0,1"
"58933,0,1"
"58945,0,1"
"58956,0,1"
"58968,0,1"
"58979,0,1"
"58990,0,1"
"59001,0,1"
"59014,0,1"
"59025,0,1"
"59036,0,1"
"59047,0,1"
"59059,0,1"
"59070,0,1"
"59082,0,1"
"59094,0,1"
"59105,0,1"
"59116,0,1"
"59127,0,1"
"59140,0,1"
"59151,0,1"
"59162,0,1"
"59173,0,1"
"59185,0,1"
"59196,0,1"
"59208,0,1"
"59219,0,1"
"59231,0,1"
"59242,0,1"
"59253,0,1"
"59265,0,1"
"59277,0,1"
"59288,0,1"
"59299,0,1"
"59311,0,1"
"59322,1,1"
"59333,1,1"
"59345,1,1"
"59357,1,8"
"59368,1,1"
"59379,1,1"
"59390,1,1"
"59402,1,1"
"59414,1,10"
"59426,1,1"
"59438,1,1"
"59449,0,0"
"59460,0,1"
"59472,0,1"
"59484,0,1"
"59495,0,3"
"59506,0,1"
"59517,0,1"
"59529,0,1"
"59541,0,1"
"59552,0,1"
"59564,0,1"
"59575,0,2"
"59586,0,1"
"59597,0,1"
"59610,0,1"
"59621,0,1"
"59632,0,2"
"59643,0,1"
"59655,0,1"
"59666,0,1"
"59678,0,1"
"59689,0,1"
"59701,0,1"
"59712,0,1"
"59723,0,1"
"59735,0,1"
"59747,0,1"
"59758,0,1"
"59769,0,1"
"59781,0,1"
"59792,0,1"
"59804,0,1"
"59815,0,1"
"59827,0,1"
"59838,0,1"
"59849,0,1"
"59860,0,1"
"59873,0,1"
"59884,0,1"
"59895,0,1"
"59907,0,1"
"59918,0,1"
"59929,0,1"
"59941,0,1"
"59953,0,1"
"59964,0,1"
"59975,0,1"
"59986,0,1"
"59998,0,1"
"60010,0,1"
"60021,0,1"
"60033,0,1"
"60044,0,1"
"60055,0,1"
"60066,0,1"
"60079,0,1"
"60090,0,1"
"60101,0,1"
"60112,0,1"
"60124,0,1"
"60135,0,1"
"60147,0,1"
"60158,0,1"
"60170,0,1"
"60181,0,1"
"60192,0,1"
"60205,0,1"
"60216,0,1"
"60227,0,1"
"60238,0,1"
"60250,0,1"
"60261,0,1"
"60273,0,1"
"60284,0,1"
"60296,0,1"
"60307,0,1"
"60318,0,1"
"60329,0,1"
"60342,0,1"
"60353,0,1"
"60364,0,1"
"60376,0,1"
"60387,0,1"
"60398,0,1"
"60410,0,1"
"60422,0,1"
"60433,0,1"
"60444,1,1"
"60455,1,1"
"60467,1,1"
"60479,1,9"
"60490,1,1"
"60502,1,1"
"60513,1,0"
"60524,1,1"
"60536,1,9"
"60548,1,1"
"60559,1,1"
"60570,0,1"
"60581,0,1"
"60593,0,0"
"60605,0,1"
"60616,0,6"
"60627,0,1"
"60639,0,1"
"60650,0,1"
"60661,0,1"
"60674,0,0"
"60685,0,1"
"60696,0,1"
"60707,0,1"
"60719,0,1"
"60730,0,1"
"60742,0,1"
"60753,0,0"
"60765,0,1"
"60776,0,1"
"60787,0,1"
"60798,0,1"
"60811,0,1"
"60822,0,1"
"60833,0,1"
"60845,0,1"
"60856,0,1"
"60867,0,1"
"60879,0,1"
"60891,0,1"
"60902,0,1"
"60913,0,1"
"60924,0,1"
"60937,0,1"
"60948,0,1"
"60959,0,1"
"60971,0,1"
"60982,0,1"
"60993,0,1"
"61005,0,1"
"61017,0,1"
"61028,0,1"
"61039,0,1"
"61050,0,1"
"61062,0,1"
"61074,0,1"
"61085,0,1"
"61096,0,1"
"61108,0,1"
"61119,0,1"
"61130,0,1"
"61143,0,1"
"61154,0,1"
"61165,0,1"
"61176,0,1"
"61188,0,1"
"61199,0,1"
"61211,0,1"
"61222,0,1"
"61234,0,1"
"61245,0,1"
"61256,0,1"
"61268,0,1"
"61280,0,1"
"61291,0,1"
"61302,0,1"
"61314,0,1"
"61325,0,1"
"61337,0,1"
"61348,0,1"
"61360,0,1"
"61371,0,1"
"61382,0,1"
"61393,0,1"
"61406,0,1"
"61417,0,1"
"61428,0,1"
"61440,0,1"
"61451,0,1"
"61462,0,1"
"61474,0,1"
"61486,0,1"
"61497,0,1"
"61508,0,1"
"61519,0,1"
"61531,0,1"
"61543,0,1"
"61554,0,1"
"61565,1,1"
"61577,1,1"
"61588,1,1"
"61599,1,9"
"61612,1,1"
"61623,1,1"
"61634,1,1"
"61645,1,1"
"61657,1,11"
"61670,1,1"
"61681,1,1"
"61692,0,2"
"61704,0,1"
"61715,0,0"
"61726,0,1"
"61739,0,7"
"61750,0,1"
"61761,0,1"
"61772,0,1"
"61784,0,1"
"61795,0,0"
"61807,0,1"
"61818,0,0"
"61830,0,1"
"61841,0,1"
"61852,0,1"
"61863,0,1"
"61876,0,2"
"61887,0,1"
"61898,0,1"
"61910,0,1"
"61921,0,1"
"61932,0,1"
"61944,0,1"
"61956,0,1"
"61967,0,1"
"61978,0,1"
"61989,0,1"
"62002,0,1"
"62013,0,1"
"62024,0,1"
"62035,0,1"
"62047,0,1"
"62058,0,1"
"62070,0,1"
"62082,0,1"
"62093,0,1"
"62104,0,1"
"62115,0,1"
"62127,0,1"
"62139,0,1"
"62150,0,1"
"62161,0,1"
"62173,0,1"
"62184,0,1"
"62195,0,1"
"62208,0,1"
"62219,0,1"
"62230,0,1"
"62241,0,1"
"62253,0,1"
"62264,0,1"
"62276,0,0"
"62287,0,1"
"62299,0,1"
"62310,0,1"
"62321,0,1"
"62333,0,1"
"62345,0,1"
"62356,0,1"
"62367,0,1"
"62379,0,1"
"62390,0,1"
"62402,0,1"
"62413,0,1"
"62425,0,1"
"62436,0,1"
"62447,0,1"
"62458,0,1"
"62471,0,1"
"62482,0,1"
"62493,0,1"
"62504,0,1"
"62516,0,1"
"62527,0,1"
"62539,0,1"
"62551,0,1"
"62562,0,1"
"62573,0,1"
"62584,0,1"
"62596,0,1"
"62608,0,1"
"62619,0,1"
"62630,0,1"
"62642,0,1"
"62653,0,1"
"62664,0,1"
"62676,0,1"
"62688,1,1"
"62699,1,1"
"62710,1,1"
"62722,1,7"
"62734,1,1"
"62745,1,-1"
"62757,1,1"
"62769,1,1"
"62780,1,8"
"62791,1,1"
"62803,1,1"
"62815,0,1"
"62826,0,1"
"62837,0,0"
"62849,0,1"
"62860,0,4"
"62872,0,1"
"62883,0,1"
"62895,0,1"
"62906,0,1"
"62917,0,1"
"62928,0,1"
"62941,0,1"
"62952,0,1"
"62963,0,1"
"62974,0,1"
"62986,0,1"
"62997,0,2"
"63009,0,1"
"63021,0,1"
"63032,0,1"
"63043,0,1"
"63054,0,1"
"63067,0,1"
"63078,0,1"
"63089,0,1"
"63100,0,1"
"63112,0,1"
"63123,0,1"
"63135,0,1"
"63147,0,1"
"63158,0,1"
"63169,0,1"
"63180,0,1"
"63192,0,1"
"63204,0,1"
"63215,0,1"
"63226,0,1"
"63238,0,1"
"63249,0,1"
"63260,0,1"
"63272,0,1"
"63284,0,1"
"63295,0,1"
"63306,0,1"
"63318,0,1"
"63329,0,1"
"63341,0,1"
"63352,0,1"
"63364,0,1"
"63375,0,1"
"63386,0,1"
"63398,0,1"
"63410,0,1"
"63421,0,1"
"63432,0,1"
"63443,0,1"
"63455,0,1"
"63467,0,1"
"63478,0,1"
"63490,0,1"
"63501,0,1"
"63512,0,1"
"63523,0,1"
"63536,0,1"
"63547,0,1"
"63558,0,1"
"63569,0,1"
"63581,0,1"
"63592,0,1"
"63604,0,1"
"63616,0,1"
"63627,0,1"
"63638,0,1"
"63649,0,1"
"63661,0,1"
"63673,0,1"
"63684,0,1"
"63695,0,1"
"63707,0,1"
"63718,0,1"
"63729,0,1"
"63741,0,1"
"63753,0,1"
"63764,0,1"
"63775,0,1"
"63787,0,1"
"63799,0,1"
"63810,1,1"
"63821,1,1"
"63833,1,0"
"63844,1,3"
"63855,1,1"
"63867,1,4"
"63879,1,1"
"63890,1,1"
"63901,1,7"
"63912,1,1"
"63924,1,0"
"63936,0,3"
"63947,0,1"
"63959,0,1"
"63970,0,1"
"63981,0,2"
"63992,0,1"
"64005,0,1"
"64016,0,1"
"64027,0,0"
"64038,0,0"
"64050,0,1"
"64061,0,1"
"64073,0,1"
"64084,0,1"
"64096,0,1"
"64107,0,1"
"64118,0,1"
"64131,0,1"
"64142,0,1"
"64153,0,1"
"64164,0,1"
"64176,0,1"
"64187,0,1"
"64199,0,1"
"64210,0,1"
"64222,0,1"
"64233,0,1"
"64244,0,1"
"64256,0,1"
"64268,0,1"
"64279,0,1"
"64290,0,1"
"64302,0,1"
"64313,0,1"
"64324,0,1"
"64336,0,1"
"64348,0,1"
"64359,0,1"
"64370,0,1"
"64381,0,1"
"64393,0,1"
"64405,0,1"
"64416,0,1"
"64428,0,1"
"64439,0,1"
"64450,0,1"
"64461,0,1"
"64474,0,1"
"64485,0,1"
"64496,0,1"
"64507,0,1"
"64519,0,1"
"64531,0,1"
"64542,0,1"
"64553,0,1"
"64565,0,1"
"64576,0,1"
"64587,0,1"
"64600,0,1"
"64611,0,1"
"64622,0,1"
"64633,0,1"
"64645,0,1"
"64656,0,1"
"64668,0,1"
"64679,0,1"
"64691,0,1"
"64702,0,1"
"64713,0,1"
"64724,0,1"
"64737,0,1"
"64748,0,1"
"64759,0,1"
"64771,0,1"
"64782,0,1"
"64793,0,1"
"64805,0,1"
"64817,0,1"
"64828,0,1"
"64839,0,1"
"64850,0,1"
"64863,0,1"
"64874,0,1"
"64885,0,1"
"64897,0,1"
"64908,0,1"
"64919,0,1"
"64931,1,1"
"64943,1,1"
"64954,1,1"
"64965,1,7"
"64976,1,1"
"64988,1,4"
"65000,1,1"
"65011,1,1"
"65022,1,9"
"65034,1,1"
"65045,1,1"
"65056,0,5"
"65069,0,1"
"65080,0,-1"
"65092,0,1"
"65103,0,3"
"65115,0,1"
"65126,0,1"
"65138,0,1"
"65149,0,-1"
"65162,0,1"
"65173,0,0"
"65184,0,1"
"65197,0,1"
"65208,0,1"
"65219,0,1"
"65230,0,1"
"65242,0,1"
"65253,0,1"
"65265,0,1"
"65276,0,1"
"65288,0,1"
"65299,0,1"
"65310,0,0"
"65321,0,1"
"65334,0,1"
"65345,0,1"
"65356,0,1"
"65368,0,1"
"65379,0,1"
"65390,0,1"
"65402,0,1"
"65414,0,1"
"65425,0,1"
"65436,0,1"
"65447,0,1"
"65459,0,1"
"65471,0,1"
"65482,0,1"
"65494,0,1"
"65505,0,1"
"65516,0,1"
"65528,0,1"
"65540,0,1"
"65551,0,1"
"65562,0,1"
"65573,0,1"
"65585,0,1"
"65597,0,1"
"65608,0,1"
"65619,0,1"
"65631,0,1"
"65642,0,1"
"65653,0,1"
"65666,0,1"
"65677,0,1"
"65688,0,1"
"65699,0,1"
"65711,0,1"
"65722,0,1"
"65734,0,1"
"65745,0,1"
"65757,0,1"
"65768,0,1"
"65779,0,1"
"65790,0,1"
"65803,0,1"
"65814,0,1"
"65825,0,1"
"65837,0,1"
"65848,0,1"
"65859,0,1"
"65871,0,1"
"65883,0,1"
"65894,0,1"
"65905,0,1"
"65916,0,1"
"65929,0,1"
"65940,0,1"
"65951,0,1"
"65963,0,1"
"65974,0,1"
"65985,0,1"
"65997,0,1"
"66009,0,1"
"66020,0,1"
"66031,0,1"
"66042,1,1"
"66054,1,1"
"66066,1,1"
"66077,1,0"
"66088,1,7"
"66100,1,1"
"66111,1,6"
"66122,1,1"
"66135,1,1"
"66146,1,9"
"66157,1,1"
"66168,1,0"
"66180,0,1"
"66191,0,1"
"66203,0,1"
"66214,0,1"
"66226,0,2"
"66237,0,1"
"66248,0,1"
"66260,0,1"
"66272,0,-1"
"66284,0,1"
"66295,0,1"
"66307,0,1"
"66318,0,1"
"66330,0,1"
"66341,0,1"
"66353,0,-1"
"66365,0,1"
"66376,0,1"
"66387,0,1"
"66400,0,1"
"66411,0,1"
"66422,0,1"
"66434,0,1"
"66445,0,1"
"66456,0,1"
"66468,0,1"
"66480,0,1"
"66491,0,1"
"66502,0,1"
"66513,0,1"
"66525,0,1"
"66537,0,1"
"66548,0,1"
"66560,0,1"
"66571,0,1"
"66582,0,1"
"66594,0,1"
"66606,0,1"
"66617,0,1"
"66628,0,1"
"66639,0,1"
"66651,0,1"
"66663,0,1"
"66674,0,1"
"66685,0,1"
"66697,0,1"
"66708,0,1"
"66719,0,1"
"66732,0,1"
"66743,0,1"
"66754,0,1"
"66765,0,1"
"66777,0,1"
"66788,0,1"
"66800,0,1"
"66811,0,1"
"66823,0,1"
"66834,0,1"
"66845,0,1"
"66856,0,1"
"66869,0,1"
"66880,0,1"
"66891,0,1"
"66903,0,1"
"66914,0,1"
"66926,0,1"
"66937,0,1"
"66949,0,1"
"66960,0,1"
"66971,0,1"
"66982,0,1"
"66995,0,1"
"67006,0,1"
"67017,0,1"
"67028,0,1"
"67040,0,1"
"67051,0,1"
"67063,0,1"
"67075,0,1"
"67086,0,1"
"67097,0,1"
"67108,0,1"
"67120,0,1"
"67132,0,1"
"67143,0,1"
"67154,0,1"
"67166,1,1"
"67177,1,1"
"67188,1,1"
"67201,1,7"
"67212,1,1"
"67223,1,1"
"67234,1,2"
"67246,1,1"
"67257,1,4"
"67269,1,1"
"67280,1,1"
"67292,1,1"
"67303,0,1"
"67314,0,2"
"67326,0,1"
"67338,0,3"
"67349,0,1"
"67360,0,1"
"67372,0,1"
"67383,0,1"
"67395,0,0"
"67406,0,0"
"67418,0,0"
"67429,0,1"
"67440,0,1"
"67451,0,1"
"67464,0,1"
"67475,0,-1"
"67487,0,1"
"67499,0,1"
"67510,0,1"
"67521,0,1"
"67533,0,0"
"67545,0,1"
"67556,0,1"
"67567,0,1"
"67578,0,1"
"67590,0,1"
"67602,0,1"
"67613,0,1"
"67624,0,1"
"67636,0,1"
"67647,0,1"
"67659,0,1"
"67671,0,1"
"67682,0,1"
"67693,0,1"
"67704,0,1"
"67716,0,1"
"67728,0,1"
"67739,0,1"
"67750,0,1"
"67762,0,1"
"67773,0,1"
"67784,0,1"
"67796,0,1"
"67808,0,1"
"67819,0,1"
"67830,0,1"
"67842,0,1"
"67853,0,1"
"67865,0,1"
"67876,0,1"
"67888,0,1"
"67899,0,1"
"67910,0,1"
"67921,0,1"
"67934,0,1"
"67945,0,1"
"67956,0,1"
"67968,0,1"
"67979,0,1"
"67991,0,1"
"68002,0,1"
"68014,0,1"
"68025,0,1"
"68036,0,1"
"68047,0,1"
"68060,0,1"
"68071,0,1"
"68082,0,1"
"68093,0,1"
"68105,0,1"
"68116,0,1"
"68128,0,1"
"68140,0,1"
"68151,0,1"
"68162,0,1"
"68173,0,1"
"68185,0,1"
"68197,0,1"
"68208,0,1"
"68219,0,1"
"68231,0,1"
"68242,0,1"
"68253,0,0"
"68265,0,1"
"68277,0,1"
"68288,1,1"
"68299,1,1"
"68311,1,1"
"68322,1,3"
"68334,1,1"
"68345,1,1"
"68357,1,1"
"68368,1,4"
"68379,1,4"
"68391,1,1"
"68403,1,1"
"68414,1,1"
"68425,0,1"
"68436,0,1"
"68448,0,1"
"68460,0,2"
"68471,0,1"
"68483,0,1"
"68494,0,1"
"68505,0,1"
"68516,0,1"
"68529,0,2"
"68540,0,0"
"68551,0,1"
"68562,0,1"
"68574,0,1"
"68585,0,1"
"68597,0,0"
"68609,0,0"
"68620,0,1"
"68631,0,1"
"68642,0,1"
"68654,0,0"
"68666,0,1"
"68677,0,0"
"68688,0,1"
"68700,0,1"
"68711,0,1"
"68723,0,1"
"68734,0,0"
"68746,0,1"
"68757,0,1"
"68768,0,1"
"68780,0,1"
"68792,0,1"
"68803,0,1"
"68814,0,1"
"68826,0,1"
"68837,0,1"
"68848,0,1"
"68860,0,1"
"68872,0,1"
"68883,0,1"
"68894,0,1"
"68905,0,1"
"68917,0,1"
"68929,0,1"
"68940,0,1"
"68952,0,1"
"68963,0,1"
"68974,0,1"
"68985,0,1"
"68998,0,1"
"69009,0,1"
"69020,0,1"
"69031,0,1"
"69043,0,1"
"69054,0,1"
"69066,0,1"
"69078,0,1"
"69089,0,1"
"69100,0,1"
"69111,0,1"
"69124,0,1"
"69135,0,1"
"69146,0,1"
"69157,0,1"
"69169,0,1"
"69180,0,1"
"69192,0,1"
"69203,0,1"
"69215,0,1"
"69226,0,1"
"69237,0,1"
"69249,0,1"
"69261,0,1"
"69272,0,1"
"69283,0,1"
"69295,0,1"
"69306,0,1"
"69317,0,1"
"69329,0,1"
"69341,0,1"
"69352,0,1"
"69363,0,1"
"69374,0,1"
"69386,0,1"
"69398,0,1"
"69409,1,1"
"69421,1,1"
"69432,1,1"
"69443,1,5"
"69455,1,1"
"69467,1,1"
"69478,1,1"
"69489,1,0"
"69500,1,4"
"69512,1,1"
"69524,1,1"
"69535,1,2"
"69547,0,1"
"69558,0,1"
"69569,0,1"
"69580,0,-1"
"69594,0,0"
"69605,0,1"
"69616,0,1"
"69627,0,1"
"69639,0,1"
"69650,0,2"
"69662,0,1"
"69673,0,1"
"69685,0,1"
"69696,0,1"
"69707,0,1"
"69719,0,1"
"69731,0,1"
"69742,0,1"
"69753,0,1"
"69765,0,1"
"69776,0,1"
"69788,0,0"
"69799,0,1"
"69811,0,1"
"69822,0,1"
"69833,0,1"
"69844,0,1"
"69857,0,1"
"69868,0,1"
"69879,0,1"
"69891,0,1"
"69902,0,1"
"69913,0,1"
"69925,0,1"
"69937,0,1"
"69948,0,1"
"69959,0,1"
"69970,0,1"
"69982,0,1"
"69994,0,1"
"70005,0,1"
"70017,0,1"
"70028,0,1"
"70039,0,1"
"70050,0,1"
"70063,0,1"
"70074,0,1"
"70085,0,1"
"70096,0,1"
"70108,0,1"
"70119,0,1"
"70131,0,1"
"70142,0,1"
"70154,0,1"
"70165,0,1"
"70176,0,1"
"70189,0,1"
"70200,0,1"
"70211,0,1"
"70222,0,1"
"70234,0,1"
"70245,0,1"
"70257,0,1"
"70268,0,1"
"70280,0,1"
"70291,0,1"
"70302,0,1"
"70313,0,1"
"70326,0,1"
"70337,0,1"
"70348,0,1"
"70360,0,1"
"70371,0,1"
"70382,0,1"
"70394,0,1"
"70406,0,1"
"70417,0,1"
"70428,0,1"
"70439,0,1"
"70451,0,1"
"70463,0,1"
"70474,0,1"
"70486,0,1"
"70497,0,1"
"70508,0,1"
"70520,0,1"
"70532,1,1"
"70543,1,1"
"70554,1,1"
"70565,1,2"
"70577,1,1"
"70589,1,1"
"70600,1,0"
"70611,1,1"
"70623,1,1"
"70634,1,1"
"70645,1,1"
"70658,1,2"
"70669,0,0"
"70680,0,1"
"70691,0,1"
"70703,0,1"
"70714,0,1"
"70726,0,1"
"70737,0,1"
"70749,0,1"
"70760,0,1"
"70771,0,0"
"70782,0,1"
"70795,0,1"
"70806,0,1"
"70817,0,1"
"70829,0,1"
"70840,0,0"
"70851,0,-1"
"70864,0,1"
"70876,0,1"
"70887,0,1"
"70898,0,1"
"70909,0,1"
"70922,0,1"
"70933,0,1"
"70944,0,1"
"70956,0,1"
"70967,0,1"
"70978,0,1"
"70990,0,1"
"71002,0,1"
"71013,0,1"
"71024,0,1"
"71035,0,1"
"71047,0,1"
"71059,0,1"
"71070,0,1"
"71081,0,1"
"71093,0,1"
"71104,0,1"
"71115,0,1"
"71128,0,1"
"71139,0,1"
"71150,0,1"
"71161,0,1"
"71173,0,1"
"71184,0,1"
"71196,0,1"
"71207,0,0"
"71219,0,1"
"71230,0,1"
"71241,0,1"
"71254,0,1"
"71265,0,1"
"71276,0,1"
"71287,0,1"
"71299,0,1"
"71310,0,1"
"71322,0,1"
"71333,0,1"
"71345,0,1"
"71356,0,1"
"71367,0,1"
"71378,0,1"
"71391,0,1"
"71402,0,1"
"71413,0,1"
"71425,0,1"
"71436,0,1"
"71447,0,1"
"71459,0,1"
"71471,0,1"
"71482,0,1"
"71493,0,1"
"71504,0,1"
"71516,0,1"
"71528,0,1"
"71539,0,1"
"71550,0,0"
"71562,0,1"
"71573,0,1"
"71585,0,1"
"71597,0,1"
"71608,0,1"
"71619,0,1"
"71630,0,1"
"71642,0,1"
"71654,1,1"
"71665,1,1"
"71676,1,1"
"71688,1,6"
"71699,1,1"
"71710,1,1"
"71723,1,1"
"71734,1,1"
"71745,1,4"
"71756,1,1"
"71768,1,1"
"71779,0,3"
"71791,0,1"
"71802,0,1"
"71814,0,1"
"71825,0,1"
"71836,0,0"
"71847,0,1"
"71860,0,1"
"71871,0,1"
"71882,0,1"
"71894,0,1"
"71905,0,1"
"71916,0,1"
"71928,0,1"
"71940,0,1"
"71951,0,1"
"71962,0,0"
"71973,0,1"
"71986,0,1"
"71997,0,1"
"72008,0,1"
"72019,0,1"
"72031,0,1"
"72042,0,1"
"72054,0,1"
"72066,0,1"
"72077,0,1"
"72088,0,-1"
"72100,0,1"
"72112,0,1"
"72124,0,1"
"72135,0,1"
"72146,0,1"
"72158,0,1"
"72169,0,1"
"72180,0,1"
"72193,0,1"
"72204,0,1"
"72215,0,1"
"72226,0,1"
"72238,0,1"
"72249,0,1"
"72261,0,1"
"72272,0,1"
"72284,0,1"
"72295,0,1"
"72306,0,1"
"72318,0,1"
"72330,0,1"
"72341,0,1"
"72352,0,1"
"72364,0,1"
"72375,0,1"
"72387,0,1"
"72398,0,1"
"72410,0,1"
"72421,0,1"
"72432,0,1"
"72443,0,1"
"72456,0,1"
"72467,0,1"
"72478,0,1"
"72489,0,1"
"72501,0,1"
"72512,0,1"
"72524,0,1"
"72536,0,1"
"72547,0,1"
"72558,0,1"
"72569,0,1"
"72581,0,1"
"72593,0,1"
"72604,0,1"
"72615,0,1"
"72627,0,1"
"72638,0,1"
"72650,0,1"
"72662,0,1"
"72673,0,1"
"72684,0,1"
"72695,0,1"
"72707,0,1"
"72719,0,1"
"72730,0,1"
"72741,0,1"
"72753,0,1"
"72764,0,1"
"72775,1,1"
"72787,1,1"
"72799,1,1"
"72810,1,8"
"72821,1,1"
"72833,1,1"
"72844,1,1"
"72856,1,1"
"72867,1,7"
"72879,1,1"
"72890,1,1"
"72901,0,1"
"72912,0,1"
"72925,0,3"
"72936,0,1"
"72947,0,4"
"72958,0,1"
"72970,0,1"
"72981,0,1"
"72993,0,1"
"73005,0,1"
"73016,0,0"
"73027,0,1"
"73038,0,1"
"73051,0,1"
"73062,0,1"
"73073,0,1"
"73084,0,1"
"73096,0,1"
"73107,0,1"
"73119,0,1"
"73131,0,1"
"73142,0,1"
"73153,0,1"
"73164,0,1"
"73176,0,1"
"73188,0,1"
"73199,0,1"
"73210,0,1"
"73222,0,1"
"73233,0,1"
"73244,0,1"
"73256,0,1"
"73268,0,1"
"73279,0,1"
"73290,0,1"
"73302,0,1"
"73313,0,1"
"73325,0,1"
"73336,0,1"
"73348,0,1"
"73359,0,1"
"73370,0,1"
"73382,0,1"
"73394,0,1"
"73405,0,1"
"73416,0,1"
"73427,0,1"
"73439,0,1"
"73451,0,1"
"73462,0,1"
"73474,0,1"
"73485,0,1"
"73496,0,1"
"73507,0,1"
"73520,0,1"
"73531,0,1"
"73542,0,1"
"73553,0,1"
"73565,0,1"
"73576,0,1"
"73588,0,1"
"73600,0,1"
"73611,0,1"
"73622,0,1"
"73633,0,1"
"73645,0,1"
"73657,0,1"
"73668,0,1"
"73679,0,1"
"73691,0,1"
"73702,0,1"
"73713,0,1"
"73725,0,1"
"73737,0,1"
"73748,0,1"
"73759,0,1"
"73771,0,1"
"73783,0,1"
"73794,0,1"
"73805,0,1"
"73817,0,1"
"73828,0,1"
"73839,0,1"
"73851,0,1"
"73863,0,1"
"73874,0,1"
"73885,0,1"
"73896,1,1"
"73908,1,1"
"73920,1,1"
"73931,1,6"
"73943,1,1"
"73954,1,1"
"73965,1,2"
"73976,1,1"
"73989,1,4"
"74000,1,1"
"74011,1,1"
"74022,0,5"
"74034,0,1"
"74045,0,1"
"74057,0,0"
"74068,0,2"
"74080,0,2"
"74091,0,1"
"74102,0,1"
"74115,0,1"
"74126,0,1"
"74137,0,1"
"74148,0,-1"
"74161,0,1"
"74172,0,1"
"74184,0,1"
"74195,0,1"
"74207,0,0"
"74218,0,1"
"74229,0,1"
"74241,0,1"
"74253,0,1"
"74264,0,1"
"74275,0,0"
"74287,0,1"
"74298,0,1"
"74309,0,1"
"74321,0,1"
"74333,0,1"
"74344,0,1"
"74355,0,1"
"74366,0,1"
"74378,0,1"
"74390,0,1"
"74401,0,1"
"74413,0,1"
"74424,0,1"
"74435,0,1"
"74447,0,1"
"74459,0,1"
"74470,0,1"
"74481,0,1"
"74492,0,1"
"74504,0,1"
"74516,0,1"
"74527,0,1"
"74539,0,1"
"74550,0,1"
"74561,0,1"
"74572,0,1"
"74585,0,1"
"74596,0,1"
"74607,0,1"
"74618,0,1"
"74630,0,1"
"74641,0,1"
"74653,0,1"
"74664,0,1"
"74676,0,1"
"74687,0,1"
"74698,0,1"
"74710,0,1"
"74722,0,1"
"74733,0,1"
"74744,0,1"
"74756,0,1"
"74767,0,1"
"74778,0,1"
"74790,0,1"
"74802,0,1"
"74813,0,1"
"74824,0,1"
"74835,0,1"
"74848,0,1"
"74859,0,1"
"74870,0,1"
"74882,0,1"
"74893,0,1"
"74904,0,1"
"74916,0,1"
"74928,0,1"
"74939,0,1"
"74950,0,1"
"74961,0,1"
"74973,0,1"
"74985,0,1"
"74996,0,1"
"75008,0,1"
"75019,1,1"
"75030,1,1"
"75041,1,1"
"75054,1,9"
"75065,1,1"
"75076,1,1"
"75087,1,3"
"75099,1,1"
"75110,1,8"
"75122,1,1"
"75133,1,1"
"75145,0,6"
"75156,0,1"
"75167,0,1"
"75180,0,2"
"75191,0,1"
"75202,0,1"
"75213,0,1"
"75225,0,1"
"75236,0,1"
"75248,0,0"
"75259,0,1"
"75271,0,1"
"75282,0,1"
"75293,0,1"
"75304,0,1"
"75317,0,1"
"75328,0,0"
"75339,0,1"
"75351,0,1"
"75362,0,1"
"75373,0,1"
"75385,0,1"
"75397,0,1"
"75408,0,1"
"75419,0,1"
"75430,0,1"
"75442,0,1"
"75454,0,1"
"75465,0,1"
"75476,0,1"
"75488,0,1"
"75499,0,1"
"75510,0,1"
"75523,0,1"
"75534,0,1"
"75545,0,1"
"75556,0,1"
"75568,0,1"
"75580,0,1"
"75591,0,1"
"75602,0,1"
"75614,0,1"
"75625,0,1"
"75636,0,1"
"75649,0,1"
"75660,0,1"
"75671,0,1"
"75682,0,1"
"75694,0,1"
"75705,0,1"
"75717,0,1"
"75728,0,1"
"75740,0,1"
"75751,0,1"
"75762,0,1"
"75773,0,1"
"75786,0,1"
"75797,0,1"
"75808,0,1"
"75820,0,1"
"75831,0,1"
"75842,0,1"
"75854,0,1"
"75866,0,1"
"75877,0,1"
"75888,0,1"
"75899,0,1"
"75912,0,1"
"75923,0,1"
"75934,0,1"
"75945,0,1"
"75957,0,1"
"75968,0,1"
"75980,0,1"
"75992,0,1"
"76003,0,1"
"76014,0,1"
"76025,0,1"
"76037,0,1"
"76049,0,1"
"76060,0,1"
"76071,0,1"
"76083,0,1"
"76094,0,1"
"76105,0,1"
"76118,0,1"
"76129,0,1"
"76140,1,1"
"76151,1,1"
"76163,1,1"
"76174,1,12"
"76187,1,1"
"76198,1,1"
"76210,1,1"
"76221,1,1"
"76232,1,11"
"76246,1,1"
"76257,1,1"
"76268,0,2"
"76279,0,1"
"76291,0,1"
"76302,0,1"
"76314,0,3"
"76325,0,1"
"76337,0,1"
"76348,0,1"
"76359,0,1"
"76370,0,1"
"76383,0,0"
"76394,0,1"
"76405,0,1"
"76417,0,1"
"76428,0,1"
"76439,0,0"
"76451,0,0"
"76463,0,1"
"76474,0,1"
"76485,0,1"
"76496,0,1"
"76508,0,1"
"76520,0,0"
"76531,0,1"
"76542,0,1"
"76554,0,1"
"76565,0,1"
"76577,0,0"
"76589,0,1"
"76600,0,1"
"76611,0,1"
"76622,0,1"
"76634,0,1"
"76646,0,1"
"76657,0,1"
"76668,0,1"
"76680,0,1"
"76691,0,1"
"76702,0,1"
"76715,0,1"
"76726,0,1"
"76737,0,1"
"76748,0,1"
"76760,0,1"
"76771,0,1"
"76783,0,1"
"76794,0,1"
"76806,0,1"
"76817,0,1"
"76828,0,1"
"76839,0,1"
"76852,0,1"
"76863,0,1"
"76874,0,1"
"76886,0,1"
"76897,0,1"
"76908,0,1"
"76920,0,1"
"76932,0,1"
"76943,0,1"
"76954,0,1"
"76965,0,1"
"76978,0,1"
"76989,0,1"
"77000,0,1"
"77011,0,1"
"77023,0,1"
"77034,0,1"
"77046,0,1"
"77058,0,1"
"77069,0,1"
"77080,0,1"
"77091,0,1"
"77103,0,1"
"77115,0,1"
"77126,0,1"
"77137,0,1"
"77149,0,1"
"77160,0,1"
"77171,0,1"
"77184,0,1"
"77195,0,1"
"77206,0,1"
"77217,0,1"
"77229,0,1"
"77240,0,1"
"77252,0,1"
"77263,1,1"
"77275,1,1"
"77286,1,1"
"77297,1,12"
"77310,1,1"
"77322,1,1"
"77333,1,1"
"77344,1,1"
"77356,1,10"
"77368,1,1"
"77380,1,-1"
"77392,0,0"
"77404,0,1"
"77415,0,1"
"77426,0,1"
"77437,0,5"
"77450,0,1"
"77461,0,1"
"77472,0,1"
"77484,0,1"
"77495,0,0"
"77506,0,1"
"77518,0,-1"
"77531,0,1"
"77542,0,1"
"77553,0,1"
"77564,0,1"
"77577,0,1"
"77588,0,1"
"77599,0,1"
"77611,0,1"
"77622,0,1"
"77633,0,1"
"77645,0,1"
"77657,0,1"
"77668,0,1"
"77679,0,1"
"77690,0,1"
"77702,0,1"
"77714,0,1"
"77725,0,1"
"77736,0,1"
"77748,0,1"
"77759,0,1"
"77770,0,1"
"77783,0,0"
"77794,0,1"
"77805,0,1"
"77816,0,1"
"77828,0,1"
"77839,0,1"
"77851,0,1"
"77862,0,1"
"77874,0,1"
"77885,0,1"
"77896,0,1"
"77908,0,1"
"77920,0,1"
"77931,0,1"
"77942,0,1"
"77954,0,1"
"77965,0,1"
"77977,0,1"
"77988,0,1"
"78000,0,1"
"78011,0,1"
"78022,0,1"
"78033,0,1"
"78046,0,1"
"78057,0,1"
"78068,0,1"
"78080,0,1"
"78091,0,1"
"78102,0,1"
"78114,0,1"
"78126,0,1"
"78137,0,1"
"78148,0,1"
"78159,0,1"
"78171,0,1"
"78183,0,1"
"78194,0,1"
"78205,0,1"
"78217,0,1"
"78228,0,1"
"78239,0,1"
"78252,0,1"
"78263,0,1"
"78274,0,1"
"78285,0,1"
"78297,0,1"
"78309,0,1"
"78320,0,1"
"78331,0,1"
"78343,0,1"
"78354,0,1"
"78365,0,1"
"78377,1,1"
"78389,1,1"
"78400,1,1"
"78411,1,1"
"78423,1,4"
"78434,1,1"
"78446,1,0"
"78457,1,1"
"78469,1,1"
"78480,1,5"
"78491,1,1"
"78502,1,0"
"78515,0,3"
"78526,0,1"
"78537,0,0"
"78548,0,1"
"78560,0,4"
"78571,0,1"
"78583,0,1"
"78595,0,1"
"78606,0,1"
"78617,0,0"
"78628,0,0"
"78641,0,0"
"78652,0,1"
"78663,0,1"
"78674,0,1"
"78686,0,1"
"78697,0,1"
"78709,0,1"
"78721,0,1"
"78732,0,1"
"78743,0,1"
"78754,0,1"
"78766,0,1"
"78778,0,1"
"78789,0,1"
"78800,0,1"
"78812,0,1"
"78823,0,1"
"78834,0,1"
"78846,0,1"
"78858,0,1"
"78869,0,1"
"78880,0,1"
"78892,0,1"
"78903,0,1"
"78915,0,1"
"78926,0,1"
"78938,0,1"
"78949,0,1"
"78960,0,1"
"78971,0,1"
"78984,0,1"
"78995,0,1"
"79006,0,1"
"79017,0,1"
"79029,0,1"
"79041,0,1"
"79052,0,1"
"79064,0,1"
"79075,0,1"
"79086,0,1"
"79097,0,1"
"79110,0,1"
"79121,0,1"
"79132,0,1"
"79143,0,1"
"79155,0,1"
"79166,0,1"
"79178,0,1"
"79190,0,1"
"79201,0,1"
"79212,0,1"
"79223,0,1"
"79235,0,0"
"79247,0,1"
"79258,0,1"
"79269,0,1"
"79281,0,1"
"79292,0,1"
"79303,0,1"
"79315,0,1"
"79327,0,1"
"79338,0,1"
"79349,0,1"
"79361,0,1"
"79373,0,1"
"79384,0,1"
"79395,0,1"
"79407,0,1"
"79418,0,1"
"79429,0,1"
"79441,0,1"
"79453,0,1"
"79464,0,1"
"79475,0,1"
"79486,0,1"
"79498,1,1"
"79510,1,1"
"79521,1,1"
"79533,1,2"
"79544,1,3"
"79555,1,1"
"79566,1,2"
"79579,1,1"
"79590,1,1"
"79601,1,5"
"79612,1,1"
"79624,1,0"
"79635,0,1"
"79647,0,1"
"79659,0,0"
"79670,0,1"
"79681,0,2"
"79692,0,1"
"79704,0,1"
"79716,0,1"
"79727,0,1"
"79738,0,0"
"79750,0,1"
"79761,0,1"
"79773,0,1"
"79784,0,1"
"79796,0,1"
"79807,0,1"
"79818,0,1"
"79830,0,1"
"79842,0,1"
"79853,0,1"
"79864,0,1"
"79876,0,1"
"79887,0,1"
"79898,0,1"
"79910,0,1"
"79922,0,1"
"79933,0,1"
"79944,0,1"
"79955,0,1"
"79967,0,1"
"79979,0,1"
"79990,0,1"
"80002,0,1"
"80013,0,1"
"80024,0,1"
"80035,0,1"
"80048,0,1"
"80059,0,1"
"80070,0,1"
"80081,0,1"
"80093,0,1"
"80105,0,1"
"80116,0,1"
"80128,0,1"
"80139,0,1"
"80150,0,1"
"80161,0,1"
"80174,0,1"
"80185,0,1"
"80196,0,1"
"80207,0,1"
"80219,0,1"
"80230,0,1"
"80242,0,1"
"80253,0,1"
"80265,0,1"
"80276,0,1"
"80287,0,1"
"80299,0,1"
"80311,0,1"
"80322,0,1"
"80333,0,1"
"80345,0,1"
"80356,0,1"
"80367,0,1"
"80379,0,1"
"80391,0,1"
"80402,0,1"
"80413,0,1"
"80424,0,1"
"80436,0,1"
"80448,0,1"
"80459,0,1"
"80471,0,1"
"80482,0,1"
"80493,0,1"
"80505,0,1"
"80517,0,1"
"80528,0,1"
"80539,0,1"
"80550,0,1"
"80562,0,1"
"80574,0,1"
"80585,0,1"
"80596,0,1"
"80608,0,1"
"80619,1,1"
"80630,1,1"
"80643,1,1"
"80654,1,3"
"80665,1,1"
"80676,1,1"
"80688,1,3"
"80699,1,1"
"80711,1,1"
"80722,1,1"
"80734,1,1"
"80745,1,2"
"80756,0,0"
"80768,0,1"
"80780,0,1"
"80791,0,1"
"80802,0,2"
"80814,0,1"
"80825,0,1"
"80837,0,1"
"80848,0,1"
"80860,0,1"
"80871,0,0"
"80882,0,1"
"80893,0,1"
"80906,0,1"
"80917,0,1"
"80928,0,0"
"80940,0,1"
"80951,0,1"
"80962,0,1"
"80974,0,1"
"80986,0,1"
"80997,0,1"
"81008,0,1"
"81019,0,1"
"81031,0,1"
"81043,0,1"
"81054,0,1"
"81065,0,1"
"81077,0,1"
"81088,0,1"
"81099,0,1"
"81112,0,1"
"81123,0,1"
"81134,0,1"
"81145,0,1"
"81157,0,1"
"81168,0,1"
"81180,0,1"
"81191,0,1"
"81203,0,1"
"81214,0,1"
"81225,0,1"
"81238,0,1"
"81249,0,1"
"81260,0,1"
"81271,0,1"
"81283,0,1"
"81294,0,1"
"81306,0,1"
"81317,0,1"
"81329,0,1"
"81340,0,1"
"81351,0,1"
"81362,0,1"
"81375,0,1"
"81386,0,1"
"81397,0,1"
"81409,0,1"
"81420,0,1"
"81431,0,1"
"81443,0,1"
"81455,0,1"
"81466,0,1"
"81477,0,1"
"81488,0,1"
"81500,0,1"
"81512,0,1"
"81523,0,1"
"81534,0,1"
"81546,0,1"
"81557,0,1"
"81569,0,1"
"81581,0,1"
"81592,0,1"
"81603,0,1"
"81614,0,1"
"81626,0,1"
"81638,0,1"
"81649,0,1"
"81660,0,1"
"81672,0,1"
"81683,0,1"
"81694,0,1"
"81707,0,1"
"81718,0,1"
"81729,0,1"
"81740,1,1"
"81752,1,1"
"81763,1,1"
"81775,1,1"
"81786,1,6"
"81798,1,1"
"81809,1,1"
"81820,1,1"
"81831,1,3"
"81844,1,1"
"81855,1,1"
"81866,1,1"
"81878,0,1"
"81889,0,1"
"81900,0,1"
"81912,0,1"
"81924,0,1"
"81935,0,1"
"81946,0,1"
"81957,0,1"
"81970,0,1"
"81981,0,1"
"81992,0,0"
"82003,0,1"
"82015,0,1"
"82026,0,1"
"82038,0,1"
"82050,0,-1"
"82062,0,1"
"82073,0,1"
"82084,0,1"
"82096,0,1"
"82108,0,1"
"82119,0,1"
"82130,0,0"
"82142,0,1"
"82153,0,1"
"82164,0,1"
"82177,0,1"
"82188,0,1"
"82199,0,1"
"82210,0,1"
"82222,0,1"
"82233,0,1"
"82245,0,1"
"82256,0,1"
"82268,0,1"
"82279,0,1"
"82290,0,1"
"82302,0,1"
"82314,0,1"
"82325,0,1"
"82336,0,1"
"82348,0,1"
"82359,0,1"
"82371,0,1"
"82382,0,1"
"82394,0,1"
"82405,0,1"
"82416,0,1"
"82427,0,1"
"82440,0,1"
"82451,0,1"
"82462,0,1"
"82473,0,1"
"82485,0,1"
"82496,0,1"
"82508,0,1"
"82520,0,1"
"82531,0,1"
"82542,0,1"
"82553,0,1"
"82565,0,1"
"82577,0,1"
"82588,0,1"
"82599,0,1"
"82611,0,1"
"82622,0,1"
"82634,0,1"
"82646,0,1"
"82657,0,1"
"82668,0,1"
"82679,0,1"
"82691,0,1"
"82703,0,1"
"82714,0,1"
"82725,0,1"
"82737,0,1"
"82748,0,1"
"82759,0,1"
"82771,0,1"
"82783,0,1"
"82794,0,1"
"82805,0,1"
"82817,0,1"
"82828,0,1"
"82840,0,1"
"82851,0,1"
"82863,1,1"
"82874,1,1"
"82885,1,1"
"82896,1,1"
"82909,1,3"
"82920,1,1"
"82931,1,2"
"82942,1,1"
"82954,1,1"
"82965,1,3"
"82977,1,1"
"82989,1,3"
"83000,0,-1"
"83012,0,1"
"83023,0,-1"
"83037,0,1"
"83048,0,1"
"83059,0,1"
"83070,0,1"
"83082,0,1"
"83093,0,1"
"83105,0,1"
"83117,0,1"
"83128,0,1"
"83139,0,1"
"83150,0,1"
"83162,0,1"
"83174,0,1"
"83185,0,1"
"83196,0,1"
"83208,0,1"
"83219,0,1"
"83230,0,0"
"83243,0,1"
"83254,0,1"
"83265,0,1"
"83276,0,1"
"83288,0,1"
"83300,0,1"
"83311,0,1"
"83322,0,1"
"83334,0,1"
"83345,0,1"
"83356,0,1"
"83368,0,1"
"83380,0,1"
"83391,0,1"
"83402,0,1"
"83414,0,1"
"83425,0,1"
"83437,0,1"
"83448,0,1"
"83460,0,1"
"83471,0,1"
"83482,0,1"
"83493,0,1"
"83506,0,1"
"83517,0,1"
"83528,0,1"
"83539,0,1"
"83551,0,1"
"83562,0,1"
"83574,0,1"
"83586,0,1"
"83597,0,1"
"83608,0,1"
"83619,0,1"
"83631,0,1"
"83643,0,1"
"83654,0,1"
"83665,0,1"
"83677,0,1"
"83688,0,1"
"83700,0,1"
"83712,0,1"
"83723,0,1"
"83734,0,1"
"83745,0,1"
"83757,0,1"
"83769,0,1"
"83780,0,1"
"83791,0,1"
"83803,0,1"
"83814,0,1"
"83825,0,1"
"83837,0,1"
"83849,0,1"
"83860,0,1"
"83871,0,1"
"83883,0,1"
"83894,0,1"
"83906,0,1"
"83917,0,1"
"83929,0,1"
"83940,0,1"
"83951,0,1"
"83962,0,1"
"83975,0,1"
"83986,1,1"
"83997,1,1"
"84008,1,1"
"84020,1,3"
"84032,1,1"
"84043,1,1"
"84055,1,4"
"84066,1,1"
"84077,1,1"
"84088,1,1"
"84101,1,1"
"84112,1,4"
"84123,0,1"
"84134,0,1"
"84146,0,1"
"84157,0,1"
"84169,0,2"
"84180,0,1"
"84192,0,1"
"84203,0,1"
"84214,0,1"
"84226,0,0"
"84238,0,1"
"84249,0,1"
"84260,0,1"
"84272,0,1"
"84283,0,1"
"84294,0,1"
"84306,0,1"
"84318,0,1"
"84329,0,1"
"84340,0,1"
"84352,0,1"
"84363,0,1"
"84375,0,1"
"84386,0,1"
"84398,0,1"
"84409,0,1"
"84420,0,1"
"84432,0,1"
"84444,0,1"
"84455,0,1"
"84466,0,1"
"84477,0,1"
"84489,0,1"
"84501,0,1"
"84512,0,1"
"84524,0,1"
"84535,0,1"
"84546,0,1"
"84557,0,1"
"84570,0,1"
"84581,0,1"
"84592,0,1"
"84603,0,1"
"84615,0,1"
"84626,0,1"
"84638,0,1"
"84649,0,1"
"84661,0,1"
"84672,0,1"
"84683,0,1"
"84695,0,1"
"84707,0,1"
"84718,0,1"
"84729,0,1"
"84741,0,1"
"84752,0,1"
"84764,0,1"
"84775,0,1"
"84787,0,1"
"84798,0,1"
"84809,0,1"
"84820,0,1"
"84833,0,1"
"84844,0,1"
"84855,0,1"
"84867,0,1"
"84878,0,1"
"84889,0,1"
"84901,0,1"
"84913,0,1"
"84924,0,1"
"84935,0,1"
"84946,0,1"
"84958,0,1"
"84970,0,1"
"84981,0,1"
"84993,0,1"
"85004,0,1"
"85015,0,1"
"85026,0,1"
"85039,0,1"
"85050,0,1"
"85061,0,1"
"85072,0,1"
"85084,0,1"
"85095,0,1"
"85107,1,1"
"85118,1,1"
"85130,1,1"
"85141,1,9"
"85152,1,1"
"85165,1,1"
"85176,1,5"
"85187,1,1"
"85198,1,6"
"85210,1,1"
"85221,1,1"
"85233,1,6"
"85244,0,1"
"85256,0,1"
"85267,0,0"
"85278,0,1"
"85289,0,1"
"85302,0,1"
"85313,0,1"
"85324,0,1"
"85336,0,0"
"85347,0,1"
"85358,0,1"
"85370,0,1"
"85382,0,1"
"85393,0,1"
"85404,0,1"
"85415,0,-1"
"85428,0,1"
"85440,0,1"
"85451,0,1"
"85463,0,1"
"85474,0,1"
"85485,0,0"
"85497,0,1"
"85509,0,1"
"85520,0,1"
"85531,0,1"
"85542,0,0"
"85554,0,1"
"85566,0,1"
"85577,0,1"
"85588,0,1"
"85600,0,0"
"85611,0,1"
"85622,0,1"
"85635,0,1"
"85646,0,1"
"85657,0,1"
"85668,0,1"
"85680,0,1"
"85691,0,1"
"85703,0,1"
"85714,0,1"
"85726,0,1"
"85737,0,1"
"85748,0,1"
"85760,0,1"
"85772,0,1"
"85783,0,1"
"85794,0,1"
"85806,0,1"
"85817,0,1"
"85829,0,1"
"85840,0,1"
"85852,0,1"
"85863,0,1"
"85874,0,1"
"85885,0,1"
"85898,0,1"
"85909,0,1"
"85920,0,1"
"85932,0,1"
"85943,0,1"
"85954,0,1"
"85966,0,1"
"85978,0,1"
"85989,0,1"
"86000,0,1"
"86011,0,1"
"86023,0,1"
"86035,0,1"
"86046,0,1"
"86057,0,1"
"86069,0,1"
"86080,0,1"
"86091,0,1"
"86104,0,1"
"86115,0,1"
"86126,0,1"
"86137,0,1"
"86149,0,1"
"86160,0,1"
"86172,0,1"
"86183,0,1"
"86195,0,1"
"86206,0,1"
"86217,0,1"
"86230,1,1"
"86241,1,1"
"86252,1,1"
"86263,1,7"
"86275,1,1"
"86286,1,1"
"86298,1,6"
"86309,1,1"
"86321,1,1"
"86332,1,1"
"86343,1,1"
"86354,0,6"
"86367,0,1"
"86378,0,1"
"86389,0,1"
"86401,0,1"
"86412,0,4"
"86423,0,1"
"86435,0,1"
"86447,0,1"
"86458,0,2"
"86469,0,1"
"86480,0,0"
"86492,0,1"
"86504,0,1"
"86515,0,1"
"86526,0,1"
"86538,0,1"
"86549,0,1"
"86561,0,1"
"86573,0,1"
"86584,0,1"
"86595,0,1"
"86606,0,1"
"86618,0,1"
"86630,0,1"
"86641,0,1"
"86652,0,1"
"86664,0,1"
"86675,0,1"
"86686,0,1"
"86699,0,1"
"86710,0,1"
"86721,0,1"
"86732,0,1"
"86744,0,1"
"86755,0,1"
"86767,0,1"
"86778,0,1"
"86790,0,1"
"86801,0,1"
"86812,0,1"
"86823,0,1"
"86836,0,1"
"86847,0,1"
"86858,0,1"
"86870,0,1"
"86881,0,1"
"86892,0,1"
"86904,0,1"
"86916,0,1"
"86927,0,1"
"86938,0,1"
"86949,0,1"
"86962,0,1"
"86973,0,1"
"86984,0,1"
"86995,0,1"
"87007,0,1"
"87018,0,1"
"87030,0,1"
"87042,0,1"
"87053,0,1"
"87064,0,1"
"87075,0,1"
"87087,0,1"
"87099,0,0"
"87110,0,1"
"87121,0,1"
"87133,0,1"
"87144,0,1"
"87155,0,1"
"87168,0,1"
"87179,0,1"
"87190,0,1"
"87201,0,1"
"87213,0,1"
"87224,0,1"
"87236,0,1"
"87247,0,1"
"87259,0,1"
"87270,0,1"
"87281,0,1"
"87293,0,1"
"87305,0,1"
"87316,0,1"
"87327,0,1"
"87339,0,1"
"87350,1,1"
"87362,1,1"
"87373,1,1"
"87385,1,5"
"87396,1,1"
"87407,1,1"
"87418,1,1"
"87431,1,2"
"87442,1,3"
"87453,1,1"
"87464,1,1"
"87476,0,1"
"87487,0,1"
"87499,0,2"
"87511,0,1"
"87522,0,3"
"87533,0,1"
"87544,0,1"
"87556,0,1"
"87568,0,1"
"87579,0,1"
"87590,0,1"
"87602,0,0"
"87613,0,1"
"87624,0,1"
"87636,0,1"
"87648,0,1"
"87659,0,0"
"87670,0,1"
"87682,0,1"
"87694,0,1"
"87705,0,1"
"87716,0,1"
"87728,0,1"
"87739,0,0"
"87750,0,1"
"87762,0,1"
"87774,0,1"
"87785,0,1"
"87796,0,0"
"87808,0,1"
"87819,0,1"
"87831,0,1"
"87842,0,1"
"87854,0,1"
"87865,0,1"
"87876,0,1"
"87887,0,1"
"87900,0,1"
"87911,0,1"
"87922,0,1"
"87933,0,1"
"87945,0,1"
"87956,0,1"
"87968,0,1"
"87980,0,1"
"87991,0,1"
"88002,0,1"
"88013,0,1"
"88026,0,1"
"88037,0,1"
"88048,0,1"
"88059,0,1"
"88071,0,1"
"88082,0,1"
"88094,0,0"
"88105,0,1"
"88117,0,1"
"88128,0,1"
"88139,0,1"
"88151,0,1"
"88163,0,1"
"88174,0,1"
"88185,0,1"
"88197,0,1"
"88208,0,1"
"88219,0,1"
"88231,0,1"
"88243,0,1"
"88254,0,1"
"88265,0,1"
"88276,0,1"
"88288,0,1"
"88300,0,1"
"88311,0,1"
"88323,0,1"
"88334,0,1"
"88345,0,1"
"88356,0,1"
"88369,0,1"
"88380,0,1"
"88391,0,1"
"88402,0,1"
"88414,0,1"
"88426,0,1"
"88437,0,0"
"88449,0,1"
"88460,0,1"
"88471,1,1"
"88482,1,1"
"88495,1,1"
"88506,1,5"
"88517,1,1"
"88528,1,1"
"88540,1,2"
"88551,1,1"
"88563,1,4"
"88574,1,1"
"88586,1,1"
"88597,1,5"
"88608,0,1"
"88620,0,1"
"88632,0,1"
"88643,0,1"
"88654,0,3"
"88666,0,1"
"88677,0,1"
"88688,0,1"
"88700,0,1"
"88712,0,0"
"88723,0,1"
"88734,0,1"
"88745,0,1"
"88758,0,1"
"88769,0,1"
"88780,0,0"
"88792,0,0"
"88803,0,1"
"88814,0,1"
"88826,0,1"
"88838,0,1"
"88849,0,0"
"88860,0,1"
"88871,0,1"
"88883,0,1"
"88895,0,1"
"88906,0,1"
"88918,0,0"
"88929,0,1"
"88940,0,1"
"88951,0,1"
"88964,0,1"
"88975,0,1"
"88986,0,1"
"88997,0,1"
"89009,0,1"
"89020,0,1"
"89032,0,1"
"89043,0,1"
"89055,0,0"
"89066,0,1"
"89077,0,1"
"89089,0,1"
"89101,0,1"
"89112,0,1"
"89123,0,1"
"89135,0,1"
"89146,0,1"
"89158,0,1"
"89169,0,1"
"89181,0,1"
"89192,0,1"
"89203,0,1"
"89214,0,1"
"89227,0,1"
"89238,0,1"
"89249,0,1"
"89261,0,1"
"89272,0,1"
"89283,0,1"
"89295,0,1"
"89307,0,1"
"89318,0,1"
"89329,0,1"
"89340,0,1"
"89352,0,1"
"89364,0,1"
"89375,0,1"
"89387,0,1"
"89398,0,1"
"89409,0,1"
"89420,0,1"
"89433,0,1"
"89444,0,1"
"89455,0,1"
"89466,0,1"
"89478,0,1"
"89490,0,1"
"89501,0,1"
"89512,0,1"
"89524,0,1"
"89535,0,1"
"89546,0,1"
"89559,0,1"
"89570,0,1"
"89581,0,1"
"89592,1,1"
"89604,1,1"
"89615,1,1"
"89627,1,9"
"89638,1,1"
"89650,1,1"
"89661,1,3"
"89672,1,1"
"89683,1,7"
"89696,1,1"
"89707,1,1"
"89718,1,5"
"89730,0,1"
"89741,0,1"
"89752,0,1"
"89764,0,1"
"89776,0,0"
"89787,0,1"
"89798,0,1"
"89809,0,1"
"89821,0,1"
"89833,0,1"
"89844,0,1"
"89856,0,1"
"89867,0,1"
"89878,0,1"
"89890,0,1"
"89902,0,1"
"89913,0,1"
"89924,0,1"
"89935,0,1"
"89947,0,1"
"89959,0,1"
"89970,0,1"
"89981,0,1"
"89993,0,1"
"90004,0,1"
"90015,0,1"
"90028,0,1"
"90039,0,1"
"90050,0,1"
"90061,0,1"
"90073,0,1"
"90084,0,1"
"90096,0,1"
"90107,0,1"
"90119,0,1"
"90130,0,1"
"90141,0,1"
"90152,0,1"
"90165,0,1"
"90176,0,1"
"90187,0,1"
"90199,0,1"
"90210,0,1"
"90222,0,1"
"90233,0,1"
"90245,0,1"
"90256,0,1"
"90267,0,1"
"90278,0,1"
"90291,0,1"
"90302,0,1"
"90313,0,1"
"90324,0,1"
"90336,0,1"
"90347,0,1"
"90359,0,1"
"90371,0,1"
"90382,0,1"
"90393,0,1"
"90404,0,1"
"90416,0,1"
"90428,0,1"
"90439,0,1"
"90450,0,1"
"90462,0,1"
"90473,0,1"
"90484,0,1"
"90497,0,1"
"90508,0,1"
"90519,0,1"
"90530,0,1"
"90542,0,1"
"90553,0,1"
"90565,0,1"
"90576,0,1"
"90588,0,1"
"90599,0,1"
"90610,0,1"
"90622,0,1"
"90634,0,1"
"90645,0,1"
"90656,0,1"
"90668,0,1"
"90679,0,1"
"90691,0,1"
"90702,0,1"
"90714,1,1"
"90725,1,1"
"90736,1,1"
"90747,1,6"
"90760,1,1"
"90771,1,1"
"90782,1,5"
"90793,1,1"
"90805,1,-1"
"90817,1,1"
"90829,1,1"
"90841,0,4"
"90852,0,1"
"90863,0,1"
"90874,0,3"
"90886,0,1"
"90898,0,2"
"90909,0,1"
"90920,0,1"
"90932,0,1"
"90943,0,0"
"90955,0,1"
"90967,0,0"
"90978,0,1"
"90989,0,1"
"91000,0,1"
"91012,0,1"
"91024,0,-1"
"91036,0,1"
"91047,0,1"
"91059,0,1"
"91070,0,1"
"91081,0,1"
"91094,0,1"
"91105,0,1"
"91116,0,1"
"91127,0,1"
"91139,0,1"
"91150,0,1"
"91162,0,1"
"91173,0,1"
"91185,0,1"
"91196,0,1"
"91207,0,1"
"91218,0,1"
"91231,0,1"
"91242,0,1"
"91253,0,1"
"91265,0,1"
"91276,0,1"
"91288,0,1"
"91299,0,1"
"91311,0,1"
"91322,0,1"
"91333,0,1"
"91344,0,1"
"91357,0,1"
"91368,0,1"
"91379,0,1"
"91390,0,1"
"91402,0,1"
"91413,0,1"
"91425,0,1"
"91437,0,1"
"91448,0,1"
"91459,0,1"
"91470,0,1"
"91482,0,1"
"91494,0,1"
"91505,0,1"
"91516,0,1"
"91528,0,1"
"91539,0,1"
"91550,0,1"
"91563,0,1"
"91574,0,1"
"91585,0,1"
"91596,0,1"
"91608,0,1"
"91620,0,1"
"91631,0,1"
"91642,0,1"
"91654,0,1"
"91665,0,1"
"91676,0,1"
"91688,0,1"
"91700,0,1"
"91711,0,1"
"91722,0,1"
"91734,0,1"
"91745,0,1"
"91757,0,1"
"91768,0,1"
"91780,0,1"
"91791,0,1"
"91802,0,1"
"91813,0,1"
"91826,0,1"
"91837,1,1"
"91848,1,1"
"91859,1,1"
"91871,1,7"
"91882,1,1"
"91894,1,1"
"91906,1,6"
"91917,1,1"
"91928,1,7"
"91939,1,1"
"91951,1,1"
"91963,0,6"
"91974,0,1"
"91985,0,1"
"91997,0,0"
"92008,0,1"
"92020,0,1"
"92032,0,1"
"92043,0,1"
"92054,0,1"
"92065,0,0"
"92077,0,1"
"92089,0,1"
"92100,0,1"
"92111,0,1"
"92123,0,1"
"92134,0,1"
"92145,0,0"
"92157,0,1"
"92169,0,1"
"92180,0,1"
"92191,0,1"
"92203,0,1"
"92214,0,1"
"92226,0,1"
"92237,0,1"
"92249,0,1"
"92260,0,1"
"92271,0,1"
"92282,0,1"
"92295,0,1"
"92306,0,1"
"92317,0,1"
"92328,0,1"
"92340,0,1"
"92352,0,1"
"92363,0,1"
"92375,0,1"
"92386,0,1"
"92397,0,1"
"92408,0,1"
"92421,0,1"
"92432,0,1"
"92443,0,1"
"92454,0,1"
"92466,0,1"
"92477,0,1"
"92489,0,1"
"92500,0,1"
"92512,0,1"
"92523,0,1"
"92534,0,1"
"92546,0,1"
"92558,0,1"
"92569,0,1"
"92580,0,1"
"92592,0,1"
"92603,0,1"
"92614,0,1"
"92626,0,1"
"92638,0,1"
"92649,0,1"
"92660,0,1"
"92672,0,1"
"92683,0,1"
"92695,0,1"
"92706,0,1"
"92718,0,1"
"92729,0,1"
"92740,0,1"
"92752,0,1"
"92764,0,1"
"92775,0,1"
"92786,0,1"
"92797,0,1"
"92809,0,1"
"92821,0,1"
"92832,0,1"
"92844,0,1"
"92855,0,1"
"92866,0,1"
"92877,0,1"
"92890,0,1"
"92901,0,1"
"92912,0,1"
"92923,0,1"
"92935,0,1"
"92946,0,1"
"92958,1,1"
"92969,1,1"
"92981,1,1"
"92992,1,10"
"93004,1,1"
"93016,1,1"
"93028,1,1"
"93039,1,1"
"93050,1,7"
"93062,1,1"
"93073,1,1"
"93085,0,4"
"93096,0,1"
"93108,0,0"
"93119,0,1"
"93130,0,2"
"93142,0,1"
"93154,0,1"
"93165,0,1"
"93176,0,1"
"93188,0,1"
"93199,0,0"
"93210,0,1"
"93222,0,1"
"93234,0,1"
"93245,0,1"
"93256,0,1"
"93267,0,0"
"93279,0,1"
"93291,0,1"
"93302,0,1"
"93314,0,1"
"93325,0,1"
"93336,0,1"
"93347,0,1"
"93360,0,1"
"93371,0,1"
"93382,0,1"
"93393,0,1"
"93405,0,1"
"93417,0,1"
"93428,0,1"
"93440,0,1"
"93451,0,1"
"93462,0,1"
"93473,0,1"
"93486,0,1"
"93497,0,1"
"93508,0,1"
"93519,0,1"
"93531,0,1"
"93542,0,1"
"93554,0,1"
"93565,0,1"
"93577,0,1"
"93588,0,1"
"93599,0,1"
"93611,0,1"
"93623,0,1"
"93634,0,1"
"93645,0,1"
"93657,0,1"
"93668,0,1"
"93679,0,1"
"93691,0,1"
"93703,0,1"
"93714,0,1"
"93725,0,1"
"93736,0,1"
"93748,0,1"
"93760,0,1"
"93771,0,1"
"93783,0,1"
"93794,0,1"
"93805,0,1"
"93817,0,1"
"93829,0,1"
"93840,0,1"
"93851,0,1"
"93862,0,1"
"93874,0,1"
"93886,0,1"
"93897,0,1"
"93908,0,1"
"93920,0,1"
"93931,0,1"
"93942,0,1"
"93955,0,1"
"93966,0,1"
"93977,0,1"
"93988,0,1"
"94000,0,1"
"94011,0,1"
"94023,0,1"
"94034,0,1"
"94046,0,1"
"94057,0,1"
"94068,0,1"
"94080,1,1"
"94092,1,1"
"94103,1,1"
"94114,1,11"
"94127,1,1"
"94138,1,2"
"94150,1,0"
"94161,1,1"
"94173,1,9"
"94184,1,1"
"94195,1,0"
"94206,0,0"
"94219,0,1"
"94230,0,0"
"94241,0,1"
"94253,0,3"
"94264,0,1"
"94275,0,1"
"94287,0,1"
"94299,0,1"
"94310,0,1"
"94321,0,0"
"94332,0,1"
"94344,0,1"
"94356,0,1"
"94367,0,1"
"94379,0,0"
"94390,0,0"
"94401,0,1"
"94412,0,1"
"94425,0,1"
"94436,0,1"
"94447,0,1"
"94458,0,0"
"94470,0,1"
"94482,0,1"
"94493,0,1"
"94504,0,1"
"94516,0,1"
"94527,0,1"
"94538,0,1"
"94551,0,1"
"94562,0,1"
"94573,0,1"
"94584,0,1"
"94596,0,1"
"94607,0,1"
"94619,0,1"
"94630,0,1"
"94642,0,1"
"94653,0,1"
"94664,0,1"
"94675,0,1"
"94688,0,1"
"94699,0,1"
"94710,0,1"
"94722,0,1"
"94733,0,1"
"94744,0,1"
"94756,0,1"
"94768,0,1"
"94779,0,1"
"94790,0,1"
"94801,0,1"
"94813,0,1"
"94825,0,1"
"94836,0,1"
"94848,0,1"
"94859,0,1"
"94870,0,1"
"94882,0,1"
"94894,0,1"
"94905,0,1"
"94916,0,1"
"94927,0,1"
"94939,0,1"
"94951,0,1"
"94962,0,1"
"94973,0,1"
"94985,0,1"
"94996,0,1"
"95007,0,1"
"95020,0,1"
"95031,0,1"
"95042,0,1"
"95053,0,1"
"95065,0,1"
"95076,0,1"
"95088,0,1"
"95099,0,1"
"95111,0,1"
"95122,0,1"
"95133,0,1"
"95144,0,1"
"95157,0,1"
"95168,0,1"
"95179,0,1"
"95191,0,1"
"95202,1,1"
"95214,1,1"
"95225,1,1"
"95237,1,9"
"95248,1,1"
"95259,1,1"
"95270,1,1"
"95283,1,2"
"95294,1,6"
"95305,1,1"
"95316,1,0"
"95328,0,1"
"95339,0,1"
"95351,0,1"
"95363,0,1"
"95374,0,4"
"95385,0,1"
"95396,0,1"
"95408,0,1"
"95420,0,1"
"95431,0,1"
"95442,0,0"
"95454,0,0"
"95465,0,1"
"95476,0,1"
"95489,0,1"
"95500,0,1"
"95511,0,2"
"95522,0,1"
"95534,0,1"
"95545,0,1"
"95557,0,1"
"95568,0,1"
"95580,0,1"
"95591,0,1"
"95602,0,1"
"95614,0,1"
"95626,0,1"
"95637,0,1"
"95648,0,1"
"95660,0,1"
"95671,0,1"
"95683,0,1"
"95694,0,1"
"95706,0,1"
"95717,0,1"
"95728,0,1"
"95739,0,1"
"95752,0,1"
"95763,0,1"
"95774,0,1"
"95785,0,1"
"95797,0,1"
"95808,0,1"
"95820,0,1"
"95832,0,1"
"95843,0,1"
"95854,0,1"
"95865,0,1"
"95877,0,1"
"95889,0,1"
"95900,0,1"
"95911,0,1"
"95923,0,1"
"95934,0,1"
"95946,0,1"
"95958,0,1"
"95969,0,1"
"95980,0,1"
"95991,0,1"
"96003,0,1"
"96015,0,1"
"96026,0,1"
"96037,0,1"
"96049,0,1"
"96060,0,1"
"96071,0,1"
"96083,0,1"
"96095,0,1"
"96106,0,1"
"96117,0,1"
"96129,0,1"
"96140,0,1"
"96152,0,1"
"96163,0,1"
"96175,0,1"
"96186,0,1"
"96197,0,1"
"96208,0,1"
"96221,0,1"
"96232,0,1"
"96243,0,1"
"96254,0,1"
"96266,0,1"
"96277,0,1"
"96289,0,1"
"96301,0,1"
"96312,0,1"
"96323,1,1"
"96334,1,1"
"96347,1,1"
"96358,1,8"
"96369,1,1"
"96380,1,1"
"96392,1,0"
"96403,1,1"
"96415,1,12"
"96428,1,1"
"96439,1,1"
"96450,0,2"
"96461,0,1"
"96473,0,-1"
"96486,0,1"
"96497,0,5"
"96508,0,1"
"96520,0,1"
"96531,0,1"
"96542,0,1"
"96555,0,1"
"96566,0,1"
"96577,0,-1"
"96589,0,1"
"96601,0,1"
"96613,0,1"
"96624,0,1"
"96635,0,1"
"96647,0,1"
"96658,0,1"
"96669,0,1"
"96681,0,1"
"96693,0,1"
"96704,0,1"
"96715,0,1"
"96727,0,1"
"96738,0,1"
"96750,0,1"
"96761,0,1"
"96773,0,1"
"96784,0,1"
"96795,0,1"
"96806,0,1"
"96819,0,1"
"96830,0,1"
"96841,0,1"
"96852,0,1"
"96864,0,1"
"96875,0,1"
"96887,0,1"
"96899,0,1"
"96910,0,1"
"96921,0,1"
"96932,0,1"
"96945,0,1"
"96956,0,1"
"96967,0,1"
"96978,0,1"
"96990,0,1"
"97001,0,1"
"97013,0,1"
"97025,0,1"
"97036,0,1"
"97047,0,1"
"97058,0,1"
"97070,0,1"
"97082,0,1"
"97093,0,1"
"97104,0,1"
"97116,0,1"
"97127,0,1"
"97138,0,1"
"97150,0,1"
"97162,0,1"
"97173,0,1"
"97184,0,1"
"97196,0,1"
"97207,0,1"
"97219,0,1"
"97230,0,1"
"97242,0,1"
"97253,0,1"
"97264,0,1"
"97275,0,1"
"97288,0,1"
"97299,0,1"
"97310,0,1"
"97321,0,1"
"97333,0,1"
"97345,0,1"
"97356,0,1"
"97368,0,1"
"97379,0,1"
"97390,0,1"
"97401,0,1"
"97414,0,0"
"97425,0,1"
"97436,0,1"
"97447,1,1"
"97459,1,1"
"97470,1,0"
"97482,1,3"
"97494,1,1"
"97505,1,-1"
"97517,1,1"
"97528,1,1"
"97540,1,2"
"97552,1,1"
"97563,1,1"
"97574,0,1"
"97586,0,1"
"97597,0,1"
"97608,0,1"
"97620,0,3"
"97632,0,1"
"97643,0,1"
"97654,0,1"
"97666,0,1"
"97678,0,1"
"97689,0,-1"
"97701,0,1"
"97713,0,1"
"97724,0,1"
"97735,0,1"
"97747,0,0"
"97759,0,1"
"97770,0,1"
"97781,0,1"
"97793,0,1"
"97804,0,1"
"97816,0,1"
"97827,0,1"
"97839,0,1"
"97850,0,1"
"97861,0,1"
"97872,0,1"
"97885,0,1"
"97896,0,1"
"97907,0,1"
"97918,0,1"
"97930,0,1"
"97941,0,1"
"97953,0,1"
"97965,0,1"
"97976,0,1"
"97987,0,1"
"97998,0,1"
"98011,0,1"
"98022,0,1"
"98033,0,1"
"98044,0,1"
"98056,0,1"
"98067,0,1"
"98079,0,1"
"98091,0,1"
"98102,0,1"
"98113,0,1"
"98124,0,1"
"98136,0,1"
"98148,0,1"
"98159,0,1"
"98170,0,1"
"98182,0,1"
"98193,0,1"
"98204,0,1"
"98216,0,1"
"98228,0,0"
"98239,0,1"
"98250,0,1"
"98262,0,1"
"98273,0,1"
"98285,0,1"
"98296,0,1"
"98308,0,1"
"98319,0,1"
"98330,0,1"
"98342,0,1"
"98354,0,1"
"98365,0,1"
"98376,0,1"
"98387,0,1"
"98399,0,1"
"98411,0,1"
"98422,0,1"
"98434,0,1"
"98445,0,1"
"98456,0,1"
"98467,0,1"
"98480,0,1"
"98491,0,1"
"98502,0,1"
"98513,0,1"
"98525,0,1"
"98536,0,1"
"98548,0,1"
"98560,1,1"
"98571,1,1"
"98582,1,1"
"98593,1,2"
"98605,1,1"
"98617,1,1"
"98628,1,4"
"98639,1,1"
"98651,1,1"
"98662,1,-1"
"98675,1,1"
"98686,1,4"
"98698,0,1"
"98709,0,1"
"98720,0,0"
"98732,0,1"
"98744,0,1"
"98755,0,1"
"98766,0,1"
"98778,0,1"
"98789,0,0"
"98800,0,1"
"98812,0,1"
"98824,0,1"
"98835,0,1"
"98846,0,1"
"98857,0,1"
"98869,0,1"
"98881,0,1"
"98892,0,1"
"98904,0,1"
"98915,0,1"
"98926,0,1"
"98937,0,1"
"98950,0,1"
"98961,0,1"
"98972,0,1"
"98983,0,1"
"98995,0,1"
"99006,0,1"
"99018,0,1"
"99030,0,1"
"99041,0,1"
"99052,0,1"
"99063,0,1"
"99076,0,1"
"99087,0,1"
"99098,0,1"
"99109,0,1"
"99121,0,1"
"99132,0,1"
"99144,0,1"
"99155,0,1"
"99167,0,0"
"99178,0,1"
"99189,0,1"
"99201,0,1"
"99213,0,1"
"99224,0,1"
"99235,0,1"
"99247,0,1"
"99258,0,1"
"99269,0,1"
"99281,0,1"
"99293,0,1"
"99304,0,1"
"99315,0,1"
"99326,0,1"
"99338,0,1"
"99350,0,1"
"99361,0,1"
"99373,0,1"
"99384,0,1"
"99395,0,1"
"99407,0,1"
"99419,0,1"
"99430,0,1"
"99441,0,1"
"99452,0,1"
"99464,0,1"
"99476,0,1"
"99487,0,1"
"99499,0,1"
"99510,0,1"
"99521,0,1"
"99532,0,1"
"99545,0,1"
"99556,0,1"
"99567,0,1"
"99578,0,1"
"99590,0,1"
"99601,0,1"
"99613,0,1"
"99624,0,1"
"99636,0,1"
"99647,0,1"
"99658,0,1"
"99670,0,1"
"99682,1,1"
"99693,1,1"
"99704,1,1"
"99716,1,2"
"99727,1,1"
"99738,1,1"
"99750,1,3"
"99762,1,1"
"99773,1,1"
"99784,1,4"
"99795,1,1"
"99808,1,3"
"99819,0,1"
"99830,0,1"
"99842,0,3"
"99853,0,1"
"99864,0,4"
"99876,0,1"
"99888,0,1"
"99899,0,1"
"99910,0,1"
"99921,0,1"
"99933,0,1"
"99945,0,1"
"99956,0,1"
"99968,0,1"
"99979,0,1"
"99990,0,1"
"100001,0,0"
"100015,0,1"
"100027,0,1"
"100039,0,1"
"100051,0,1"
"100064,0,1"
"100077,0,1"
"100089,0,1"
"100102,0,1"
"100114,0,1"
"100126,0,1"
"100140,0,1"
"100152,0,1"
"100164,0,1"
"100176,0,1"
"100189,0,1"
"100201,0,1"
"100214,0,1"
"100227,0,1"
"100239,0,1"
"100251,0,1"
"100263,0,0"
"100277,0,1"
"100289,0,1"
"100301,0,1"
"100314,0,1"
"100326,0,1"
"100339,0,1"
"100352,0,1"
"100364,0,1"
"100376,0,1"
"100388,0,1"
"100401,0,1"
"100414,0,1"
"100426,0,1"
"100439,0,1"
"100451,0,1"
"100463,0,1"
"100476,0,1"
"100489,0,1"
"100501,0,1"
"100513,0,1"
"100526,0,1"
"100539,0,1"
"100551,0,1"
"100563,0,1"
"100576,0,1"
"100588,0,1"
"100600,0,1"
"100614,0,1"
"100626,0,1"
"100638,0,1"
"100651,0,1"
"100663,0,1"
"100676,0,1"
"100688,0,1"
"100701,0,1"
"100713,0,1"
"100725,0,1"
"100739,0,1"
"100751,0,1"
"100763,0,1"
"100775,0,1"
"100788,0,1"
"100800,0,1"
"100813,1,1"
"100826,1,1"
"100838,1,8"
"100850,1,1"
"100862,1,1"
"100876,1,3"
"100888,1,1"
"100900,1,12"
"100914,1,1"
"100926,1,4"
"100939,0,1"
"100952,0,1"
"100964,0,2"
"100976,0,1"
"100988,0,1"
"101001,0,1"
"101014,0,1"
"101026,0,1"
"101039,0,0"
"101051,0,1"
"101063,0,1"
"101076,0,1"
"101089,0,1"
"101101,0,1"
"101113,0,0"
"101126,0,1"
"101139,0,1"
"101151,0,1"
"101164,0,1"
"101176,0,1"
"101188,0,1"
"101200,0,1"
"101214,0,1"
"101226,0,1"
"101238,0,1"
"101251,0,1"
"101263,0,1"
"101276,0,1"
"101288,0,1"
"101301,0,1"
"101313,0,1"
"101325,0,1"
"101339,0,1"
"101351,0,1"
"101363,0,1"
"101376,0,1"
"101388,0,1"
"101400,0,1"
"101413,0,1"
"101426,0,1"
"101438,0,1"
"101450,0,1"
"101463,0,1"
"101476,0,1"
"101488,0,1"
"101500,0,1"
"101513,0,1"
"101525,0,1"
"101538,0,1"
"101551,0,1"
"101563,0,1"
"101575,0,1"
"101587,0,1"
"101600,0,1"
"101613,0,1"
"101625,0,1"
"101638,0,1"
"101650,0,1"
"101662,0,1"
"101676,0,1"
"101688,0,1"
"101700,0,1"
"101712,0,1"
"101725,0,1"
"101738,0,1"
"101750,0,1"
"101763,0,1"
"101775,0,1"
"101787,0,1"
"101799,0,1"
"101813,0,1"
"101825,0,1"
"101837,0,1"
"101850,0,1"
"101862,0,1"
"101875,0,1"
"101888,0,1"
"101900,0,1"
"101912,0,1"
"101924,1,1"
"101938,1,1"
"101950,1,1"
"101962,1,10"
"101976,1,1"
"101988,1,3"
"102000,1,0"
"102013,1,1"
"102026,1,5"
"102038,1,1"
"102050,1,6"
"102063,0,1"
"102076,0,1"
"102088,0,1"
"102100,0,2"
"102113,0,1"
"102125,0,1"
"102138,0,1"
"102151,0,1"
"102163,0,0"
"102175,0,1"
"102188,0,1"
"102200,0,1"
"102213,0,1"
"102225,0,1"
"102238,0,1"
"102250,0,1"
"102262,0,1"
"102276,0,1"
"102288,0,1"
"102300,0,1"
"102312,0,1"
"102325,0,1"
"102338,0,1"
"102350,0,1"
"102363,0,1"
"102375,0,1"
"102387,0,1"
"102400,0,1"
"102413,0,1"
"102425,0,1"
"102437,0,1"
"102450,0,1"
"102462,0,1"
"102475,0,1"
"102488,0,1"
"102500,0,1"
"102512,0,1"
"102524,0,1"
"102538,0,1"
"102550,0,1"
"102562,0,1"
"102575,0,0"
"102587,0,1"
"102599,0,1"
"102612,0,1"
"102625,0,1"
"102637,0,1"
"102649,0,1"
"102662,0,1"
"102675,0,1"
"102687,0,1"
"102700,0,1"
"102712,0,1"
"102724,0,1"
"102737,0,1"
"102750,0,1"
"102762,0,1"
"102774,0,1"
"102787,0,1"
"102799,0,1"
"102812,0,1"
"102824,0,1"
"102837,0,1"
"102849,0,1"
"102861,0,1"
"102875,0,1"
"102887,0,1"
"102899,0,1"
"102912,0,1"
"102924,0,1"
"102937,0,1"
"102949,0,1"
"102962,0,1"
"102974,0,1"
"102986,0,1"
"102999,0,1"
"103012,0,1"
"103024,0,1"
"103036,0,1"
"103049,1,1"
"103061,1,1"
"103074,1,1"
"103087,1,9"
"103099,1,1"
"103111,1,3"
"103123,1,1"
"103137,1,6"
"103149,1,1"
"103161,1,1"
"103174,1,1"
"103186,0,-1"
"103199,0,1"
"103213,0,1"
"103225,0,3"
"103237,0,0"
"103249,0,1"
"103262,0,1"
"103275,0,1"
"103287,0,1"
"103300,0,0"
"103312,0,1"
"103324,0,1"
"103337,0,1"
"103350,0,0"
"103362,0,1"
"103374,0,1"
"103387,0,1"
"103399,0,1"
"103412,0,1"
"103425,0,1"
"103437,0,1"
"103449,0,1"
"103461,0,1"
"103475,0,1"
"103487,0,1"
"103499,0,1"
"103512,0,1"
"103524,0,1"
"103537,0,1"
"103549,0,1"
"103562,0,1"
"103574,0,1"
"103586,0,1"
"103599,0,1"
"103612,0,1"
"103624,0,1"
"103636,0,1"
"103649,0,1"
"103661,0,1"
"103674,0,1"
"103687,0,1"
"103699,0,1"
"103711,0,1"
"103724,0,1"
"103737,0,1"
"103749,0,1"
"103761,0,1"
"103774,0,1"
"103786,0,1"
"103798,0,1"
"103812,0,1"
"103824,0,1"
"103836,0,1"
"103848,0,1"
"103861,0,1"
"103874,0,1"
"103886,0,1"
"103899,0,1"
"103911,0,1"
"103923,0,1"
"103937,0,1"
"103949,0,1"
"103961,0,1"
"103973,0,1"
"103986,0,1"
"103998,0,1"
"104011,0,1"
"104024,0,1"
"104036,0,1"
"104048,0,1"
"104060,0,1"
"104074,0,1"
"104086,0,1"
"104098,0,1"
"104111,0,1"
"104123,0,1"
"104136,0,0"
"104148,0,1"
"104161,0,1"
"104173,1,1"
"104185,1,1"
"104198,1,1"
"104211,1,2"
"104223,1,1"
"104236,1,1"
"104248,1,2"
"104260,1,8"
"104273,1,1"
"104286,1,1"
"104298,0,1"
"104310,0,1"
"104323,0,1"
"104336,0,1"
"104348,0,0"
"104360,0,1"
"104373,0,1"
"104385,0,1"
"104397,0,1"
"104411,0,1"
"104423,0,1"
"104435,0,1"
"104448,0,1"
"104460,0,1"
"104473,0,0"
"104485,0,1"
"104498,0,1"
"104510,0,1"
"104522,0,1"
"104536,0,1"
"104548,0,1"
"104560,0,1"
"104572,0,1"
"104585,0,1"
"104597,0,1"
"104610,0,0"
"104623,0,1"
"104635,0,1"
"104647,0,1"
"104659,0,1"
"104673,0,1"
"104685,0,1"
"104697,0,1"
"104710,0,1"
"104722,0,1"
"104735,0,1"
"104748,0,1"
"104760,0,1"
"104772,0,1"
"104784,0,1"
"104797,0,1"
"104810,0,1"
"104822,0,1"
"104835,0,1"
"104847,0,1"
"104859,0,1"
"104872,0,1"
"104885,0,1"
"104897,0,1"
"104909,0,1"
"104922,0,1"
"104935,0,1"
"104947,0,1"
"104960,0,1"
"104972,0,1"
"104984,0,1"
"104996,0,1"
"105010,0,1"
"105022,0,1"
"105034,0,1"
"105047,0,1"
"105059,0,1"
"105072,0,1"
"105084,0,1"
"105097,0,1"
"105109,0,1"
"105121,0,1"
"105135,0,1"
"105147,0,1"
"105159,0,1"
"105171,0,1"
"105184,0,1"
"105196,0,1"
"105209,0,1"
"105222,0,1"
"105234,0,1"
"105246,0,1"
"105259,0,1"
"105272,0,1"
"105284,0,1"
"105296,1,1"
"105309,1,1"
"105321,1,0"
"105334,1,1"
"105347,1,1"
"105359,1,1"
"105371,1,1"
"105383,1,7"
"105396,1,1"
"105409,1,1"
"105421,0,0"
"105434,0,1"
"105446,0,1"
"105458,0,1"
"105472,0,2"
"105484,0,1"
"105496,0,1"
"105508,0,1"
"105521,0,1"
"105534,0,0"
"105546,0,0"
"105559,0,1"
"105571,0,1"
"105583,0,1"
"105595,0,0"
"105609,0,1"
"105621,0,1"
"105633,0,1"
"105646,0,1"
"105658,0,1"
"105671,0,0"
"105683,0,1"
"105696,0,1"
"105708,0,1"
"105720,0,1"
"105734,0,1"
"105746,0,1"
"105758,0,1"
"105771,0,1"
"105783,0,1"
"105795,0,1"
"105808,0,1"
"105821,0,1"
"105833,0,1"
"105845,0,1"
"105858,0,1"
"105871,0,1"
"105883,0,1"
"105895,0,1"
"105908,0,1"
"105920,0,1"
"105933,0,1"
"105946,0,1"
"105958,0,1"
"105970,0,1"
"105982,0,1"
"105995,0,1"
"106008,0,1"
"106020,0,1"
"106033,0,1"
"106045,0,1"
"106057,0,1"
"106071,0,1"
"106083,0,1"
"106095,0,1"
"106107,0,1"
"106120,0,1"
"106133,0,1"
"106145,0,1"
"106158,0,1"
"106170,0,1"
"106182,0,1"
"106194,0,1"
"106208,0,1"
"106220,0,1"
"106232,0,1"
"106245,0,1"
"106257,0,1"
"106270,0,1"
"106283,0,1"
"106295,0,1"
"106307,0,1"
"106319,0,1"
"106333,0,1"
"106345,0,1"
"106357,0,1"
"106370,0,1"
"106382,0,1"
"106394,0,1"
"106407,0,1"
"106420,1,1"
"106432,1,1"
"106444,1,4"
"106457,1,1"
"106470,1,1"
"106482,1,1"
"106494,1,1"
"106507,1,7"
"106519,1,1"
"106532,1,0"
"106545,0,0"
"106557,0,1"
"106569,0,1"
"106582,0,1"
"106594,0,0"
"106607,0,1"
"106619,0,1"
"106632,0,1"
"106644,0,0"
"106656,0,1"
"106670,0,1"
"106682,0,1"
"106694,0,1"
"106706,0,1"
"106719,0,0"
"106732,0,1"
"106744,0,1"
"106757,0,1"
"106769,0,1"
"106781,0,1"
"106793,0,1"
"106807,0,1"
"106819,0,1"
"106831,0,1"
"106844,0,1"
"106856,0,1"
"106869,0,1"
"106882,0,1"
"106894,0,1"
"106906,0,1"
"106918,0,1"
"106932,0,1"
"106944,0,1"
"106956,0,1"
"106969,0,1"
"106981,0,1"
"106993,0,1"
"107006,0,1"
"107019,0,1"
"107031,0,1"
"107043,0,1"
"107056,0,1"
"107069,0,1"
"107081,0,1"
"107094,0,1"
"107106,0,1"
"107118,0,1"
"107131,0,1"
"107144,0,1"
"107156,0,1"
"107168,0,1"
"107181,0,1"
"107193,0,1"
"107206,0,1"
"107218,0,1"
"107231,0,1"
"107243,0,1"
"107255,0,1"
"107269,0,1"
"107281,0,1"
"107293,0,1"
"107305,0,1"
"107318,0,1"
"107331,0,1"
"107343,0,1"
"107356,0,1"
"107368,0,1"
"107380,0,1"
"107393,0,1"
"107406,0,1"
"107418,0,1"
"107430,0,1"
"107443,0,1"
"107455,0,1"
"107468,0,1"
"107481,0,1"
"107493,0,1"
"107505,0,1"
"107517,0,1"
"107531,1,1"
"107543,1,1"
"107555,1,1"
"107568,1,7"
"107580,1,1"
"107592,1,1"
"107606,1,1"
"107618,1,1"
"107630,1,8"
"107642,1,1"
"107655,1,1"
"107668,0,1"
"107680,0,1"
"107693,0,1"
"107705,0,1"
"107717,0,0"
"107730,0,1"
"107743,0,1"
"107755,0,1"
"107767,0,0"
"107780,0,-1"
"107794,0,1"
"107806,0,1"
"107819,0,1"
"107831,0,1"
"107843,0,0"
"107855,0,1"
"107869,0,1"
"107881,0,1"
"107893,0,1"
"107906,0,1"
"107918,0,1"
"107931,0,1"
"107943,0,1"
"107956,0,1"
"107968,0,1"
"107980,0,1"
"107994,0,1"
"108006,0,1"
"108018,0,1"
"108030,0,1"
"108043,0,1"
"108055,0,1"
"108068,0,1"
"108081,0,1"
"108093,0,1"
"108105,0,1"
"108118,0,1"
"108131,0,1"
"108143,0,1"
"108155,0,1"
"108168,0,1"
"108180,0,0"
"108193,0,1"
"108206,0,1"
"108218,0,1"
"108230,0,1"
"108242,0,1"
"108255,0,1"
"108268,0,1"
"108280,0,1"
"108293,0,1"
"108305,0,1"
"108317,0,1"
"108331,0,1"
"108343,0,1"
"108355,0,1"
"108367,0,1"
"108380,0,1"
"108393,0,1"
"108405,0,1"
"108418,0,1"
"108430,0,1"
"108442,0,1"
"108454,0,1"
"108468,0,1"
"108480,0,1"
"108492,0,1"
"108505,0,1"
"108517,0,1"
"108530,0,1"
"108542,0,1"
"108555,0,1"
"108567,0,1"
"108579,0,1"
"108593,0,1"
"108605,0,1"
"108617,0,1"
"108630,0,1"
"108642,0,1"
"108654,1,1"
"108667,1,1"
"108680,1,1"
"108692,1,7"
"108704,1,1"
"108717,1,3"
"108730,1,1"
"108742,1,0"
"108754,1,1"
"108767,1,1"
"108779,1,5"
"108792,0,1"
"108805,0,1"
"108817,0,1"
"108829,0,3"
"108841,0,1"
"108854,0,1"
"108867,0,1"
"108879,0,0"
"108892,0,0"
"108904,0,1"
"108916,0,1"
"108930,0,1"
"108942,0,1"
"108954,0,1"
"108966,0,1"
"108979,0,1"
"108992,0,1"
"109004,0,1"
"109017,0,1"
"109029,0,1"
"109041,0,1"
"109053,0,1"
"109067,0,1"
"109079,0,1"
"109091,0,1"
"109104,0,1"
"109116,0,1"
"109129,0,1"
"109142,0,1"
"109154,0,1"
"109166,0,1"
"109178,0,1"
"109192,0,1"
"109204,0,1"
"109216,0,1"
"109229,0,1"
"109241,0,1"
"109253,0,1"
"109266,0,1"
"109279,0,1"
"109291,0,1"
"109303,0,1"
"109316,0,1"
"109329,0,1"
"109341,0,1"
"109353,0,1"
"109366,0,1"
"109378,0,1"
"109391,0,1"
"109404,0,1"
"109416,0,1"
"109428,0,1"
"109441,0,1"
"109453,0,1"
"109466,0,1"
"109478,0,1"
"109491,0,1"
"109503,0,1"
"109515,0,1"
"109529,0,1"
"109541,0,1"
"109553,0,1"
"109565,0,1"
"109578,0,1"
"109591,0,1"
"109603,0,1"
"109616,0,1"
"109628,0,1"
"109640,0,1"
"109652,0,1"
"109666,0,1"
"109678,0,1"
"109690,0,1"
"109703,0,1"
"109715,0,1"
"109728,0,1"
"109741,0,1"
"109753,0,1"
"109765,0,1"
"109777,1,1"
"109791,1,1"
"109803,1,0"
"109815,1,7"
"109828,1,1"
"109840,1,8"
"109852,1,1"
"109865,1,-1"
"109879,1,1"
"109891,1,1"
"109903,0,7"
"109916,0,1"
"109929,0,1"
"109941,0,1"
"109954,0,2"
"109966,0,1"
"109978,0,1"
"109991,0,1"
"110004,0,0"
"110016,0,1"
"110028,0,1"
"110041,0,1"
"110053,0,1"
"110066,0,1"
"110078,0,0"
"110091,0,0"
"110103,0,1"
"110115,0,1"
"110129,0,1"
"110141,0,1"
"110153,0,1"
"110166,0,1"
"110178,0,1"
"110191,0,1"
"110203,0,1"
"110216,0,0"
"110228,0,1"
"110240,0,1"
"110253,0,1"
"110266,0,1"
"110278,0,1"
"110290,0,1"
"110303,0,1"
"110315,0,1"
"110328,0,1"
"110341,0,1"
"110353,0,1"
"110365,0,1"
"110377,0,1"
"110391,0,1"
"110403,0,1"
"110415,0,1"
"110428,0,1"
"110440,0,1"
"110452,0,1"
"110466,0,1"
"110478,0,1"
"110490,0,1"
"110502,0,1"
"110515,0,1"
"110528,0,1"
"110540,0,1"
"110553,0,1"
"110565,0,1"
"110577,0,1"
"110590,0,1"
"110603,0,1"
"110615,0,1"
"110627,0,1"
"110640,0,1"
"110652,0,1"
"110665,0,1"
"110678,0,1"
"110690,0,1"
"110702,0,1"
"110714,0,1"
"110728,0,1"
"110740,0,1"
"110752,0,1"
"110765,0,1"
"110777,0,1"
"110790,0,1"
"110802,0,1"
"110815,0,1"
"110827,0,1"
"110839,0,1"
"110852,0,1"
"110865,0,1"
"110877,0,1"
"110889,0,1"
"110902,1,1"
"110914,1,1"
"110927,1,0"
"110940,1,0"
"110952,1,1"
"110964,1,6"
"110977,1,1"
"110990,1,7"
"111002,1,1"
"111014,1,1"
"111027,0,-1"
"111040,0,1"
"111052,0,1"
"111066,0,1"
"111078,0,2"
"111090,0,1"
"111102,0,1"
"111115,0,1"
"111128,0,1"
"111140,0,0"
"111153,0,1"
"111165,0,1"
"111177,0,1"
"111191,0,1"
"111203,0,1"
"111215,0,0"
"111227,0,1"
"111240,0,1"
"111252,0,1"
"111265,0,1"
"111278,0,0"
"111290,0,1"
"111302,0,1"
"111314,0,1"
"111328,0,1"
"111340,0,1"
"111352,0,1"
"111365,0,1"
"111377,0,1"
"111390,0,1"
"111403,0,1"
"111415,0,1"
"111427,0,1"
"111439,0,1"
"111452,0,1"
"111465,0,1"
"111477,0,1"
"111490,0,1"
"111502,0,1"
"111514,0,1"
"111527,0,1"
"111540,0,1"
"111552,0,1"
"111564,0,1"
"111577,0,1"
"111590,0,1"
"111602,0,1"
"111614,0,1"
"111627,0,1"
"111639,0,1"
"111651,0,1"
"111665,0,1"
"111677,0,1"
"111689,0,1"
"111702,0,1"
"111714,0,1"
"111727,0,1"
"111739,0,1"
"111752,0,1"
"111764,0,1"
"111776,0,1"
"111790,0,1"
"111802,0,1"
"111814,0,1"
"111826,0,1"
"111839,0,1"
"111851,0,1"
"111864,0,1"
"111877,0,1"
"111889,0,1"
"111901,0,1"
"111913,0,1"
"111927,0,1"
"111939,0,1"
"111951,0,1"
"111964,0,1"
"111976,0,1"
"111989,0,1"
"112002,0,1"
"112014,1,1"
"112026,1,1"
"112038,1,1"
"112051,1,8"
"112064,1,1"
"112076,1,1"
"112089,1,1"
"112101,1,1"
"112113,1,10"
"112128,1,1"
"112140,1,1"
"112152,0,1"
"112164,0,1"
"112177,0,1"
"112190,0,1"
"112202,0,1"
"112215,0,1"
"112227,0,1"
"112239,0,1"
"112251,0,1"
"112265,0,1"
"112277,0,1"
"112289,0,1"
"112302,0,1"
"112314,0,1"
"112327,0,0"
"112339,0,1"
"112352,0,1"
"112364,0,1"
"112376,0,1"
"112390,0,1"
"112402,0,1"
"112414,0,1"
"112427,0,1"
"112439,0,1"
"112451,0,1"
"112464,0,1"
"112477,0,1"
"112489,0,1"
"112501,0,1"
"112514,0,1"
"112527,0,1"
"112539,0,1"
"112551,0,1"
"112564,0,1"
"112576,0,1"
"112589,0,1"
"112602,0,1"
"112614,0,1"
"112626,0,1"
"112638,0,1"
"112651,0,1"
"112664,0,1"
"112676,0,1"
"112689,0,1"
"112701,0,1"
"112713,0,1"
"112727,0,1"
"112739,0,1"
"112751,0,1"
"112763,0,1"
"112776,0,1"
"112789,0,1"
"112801,0,1"
"112814,0,1"
"112826,0,1"
"112838,0,1"
"112850,0,1"
"112864,0,1"
"112876,0,1"
"112888,0,1"
"112901,0,1"
"112913,0,1"
"112926,0,1"
"112939,0,1"
"112951,0,1"
"112963,0,1"
"112975,0,1"
"112989,0,1"
"113001,0,1"
"113013,0,1"
"113026,0,1"
"113038,0,1"
"113050,0,1"
"113063,0,1"
"113076,0,1"
"113088,0,1"
"113100,0,1"
"113113,0,1"
"113126,0,1"
"113138,0,1"
"113150,0,1"
"113163,0,1"
"113175,0,1"
"113188,0,1"
"113201,0,1"
"113213,0,1"
"113225,0,1"
"113238,0,1"
"113250,0,1"
"113263,0,1"
"113275,0,1"
"113288,0,1"
"113300,0,1"
"113312,0,1"
"113326,0,1"
"113338,0,1"
"113350,0,1"
"113362,0,1"
"113375,0,1"
"113388,0,1"
"113400,0,1"
"113413,0,1"
"113425,0,1"
"113437,0,1"
"113449,0,1"
"113463,0,1"
"113475,0,1"
"113487,0,1"
"113500,0,1"
"113512,0,1"
"113525,0,1"
"113538,0,1"
"113550,0,1"
"113562,0,1"
"113574,0,1"
"113588,0,1"
"113600,0,1"
"113612,0,1"
"113625,0,1"
"113637,0,1"
"113649,0,1"
"113662,0,1"
"113675,0,1"
"113687,0,1"
"113699,0,1"
"113712,0,1"
"113725,0,1"
"113737,0,1"
"113750,0,1"
