"time_ms,beat,piezo1,piezo2,piezo3,piezo4"
"1229,1,2"
"1235,0,0"
"1242,0,0"
"1248,0,1"
"1254,0,1"
"1262,0,1"
"1272,0,1"
"1283,0,1"
"1293,0,1"
"1304,0,1"
"1314,0,1"
"1325,0,1"
"1335,0,1"
"1345,0,1"
"1355,0,1"
"1367,0,1"
"1377,0,1"
"1387,0,1"
"1397,0,1"
"1408,0,1"
"1418,0,1"
"1428,0,1"
"1439,0,1"
"1449,0,1"
"1460,0,1"
"1470,0,1"
"1480,0,1"
"1490,0,1"
"1502,0,1"
"1512,0,1"
"1522,1,1"
"1532,1,1"
"1543,1,0"
"1553,1,4"
"1564,1,1"
"1574,1,1"
"1585,1,1"
"1595,1,1"
"1605,1,1"
"1615,1,0"
"1626,1,1"
"1637,1,1"
"1647,0,1"
"1657,0,1"
"1668,0,1"
"1678,0,1"
"1688,0,1"
"1699,0,1"
"1710,0,1"
"1720,0,1"
"1730,0,1"
"1740,0,1"
"1751,0,1"
"1761,0,1"
"1772,0,1"
"1782,0,1"
"1793,0,1"
"1803,0,1"
"1813,0,1"
"1823,0,0"
"1835,0,1"
"1845,0,1"
"1855,0,1"
"1865,0,1"
"1875,0,1"
"1886,0,1"
"1897,0,1"
"1907,0,1"
"1917,0,1"
"1928,0,1"
"1938,0,1"
"1948,0,1"
"1958,0,1"
"1970,0,1"
"1980,0,1"
"1990,0,1"
"2000,0,1"
"2011,0,1"
"2021,0,1"
"2032,0,1"
"2042,0,1"
"2053,0,1"
"2063,0,1"
"2073,0,1"
"2083,0,1"
"2094,0,1"
"2105,0,1"
"2115,0,1"
"2125,0,1"
"2136,0,1"
"2146,0,1"
"2156,0,1"
"2167,0,1"
"2178,0,1"
"2188,0,1"
"2198,0,1"
"2208,0,1"
"2219,0,1"
"2230,0,1"
"2240,0,1"
"2250,0,1"
"2260,0,1"
"2271,0,1"
"2281,0,1"
"2291,0,1"
"2302,0,1"
"2313,0,1"
"2323,0,1"
"2333,0,1"
"2343,0,1"
"2354,0,1"
"2365,0,1"
"2375,0,1"
"2385,0,1"
"2396,0,1"
"2406,0,1"
"2416,0,1"
"2426,0,1"
"2438,0,1"
"2448,0,1"
"2458,0,1"
"2468,0,1"
"2479,0,1"
"2489,0,1"
"2500,0,1"
"2510,0,1"
"2521,0,1"
"2531,0,1"
"2541,0,1"
"2551,0,1"
"2563,0,1"
"2573,0,1"
"2583,0,1"
"2593,0,1"
"2604,0,1"
"2614,0,1"
"2624,0,1"
"2635,0,1"
"2646,1,1"
"2656,1,1"
"2666,1,4"
"2676,1,2"
"2686,1,2"
"2698,1,1"
"2708,1,1"
"2718,1,0"
"2728,1,-1"
"2740,1,1"
"2750,1,1"
"2760,1,2"
"2771,0,1"
"2782,0,1"
"2792,0,1"
"2802,0,1"
"2812,0,1"
"2823,0,1"
"2834,0,1"
"2844,0,1"
"2854,0,1"
"2865,0,1"
"2875,0,1"
"2885,0,1"
"2896,0,1"
"2907,0,1"
"2917,0,1"
"2927,0,1"
"2937,0,1"
"2948,0,1"
"2958,0,1"
"2969,0,1"
"2979,0,1"
"2990,0,1"
"3000,0,1"
"3010,0,1"
"3020,0,1"
"3032,0,1"
"3042,0,1"
"3052,0,1"
"3062,0,1"
"3073,0,1"
"3083,0,1"
"3093,0,0"
"3104,0,1"
"3115,0,1"
"3125,0,1"
"3135,0,1"
"3145,0,1"
"3155,0,1"
"3167,0,1"
"3177,0,1"
"3187,0,1"
"3197,0,1"
"3208,0,1"
"3218,0,1"
"3229,0,1"
"3239,0,1"
"3250,0,1"
"3260,0,1"
"3270,0,1"
"3280,0,1"
"3291,0,1"
"3302,0,1"
"3312,0,1"
"3322,0,1"
"3333,0,1"
"3343,0,1"
"3353,0,1"
"3364,0,1"
"3375,0,1"
"3385,0,1"
"3395,0,1"
"3405,0,1"
"3416,0,1"
"3426,0,1"
"3437,0,1"
"3447,0,1"
"3458,0,1"
"3468,0,1"
"3478,0,1"
"3488,0,1"
"3500,0,1"
"3510,0,1"
"3520,0,1"
"3530,0,1"
"3540,0,1"
"3551,0,1"
"3562,0,1"
"3572,0,1"
"3582,0,1"
"3593,0,1"
"3603,0,1"
"3613,0,1"
"3623,0,1"
"3635,0,1"
"3645,0,1"
"3655,0,1"
"3665,0,1"
"3676,0,1"
"3686,0,1"
"3697,0,1"
"3707,0,1"
"3718,0,1"
"3728,0,1"
"3738,0,1"
"3748,0,1"
"3759,1,1"
"3770,1,1"
"3780,1,1"
"3790,1,10"
"3802,1,1"
"3812,1,2"
"3822,1,4"
"3833,1,1"
"3844,1,0"
"3854,1,7"
"3864,1,1"
"3874,1,1"
"3885,1,8"
"3896,0,1"
"3906,0,1"
"3916,0,1"
"3927,0,1"
"3937,0,1"
"3947,0,1"
"3957,0,1"
"3969,0,1"
"3979,0,1"
"3989,0,1"
"3999,0,1"
"4009,0,1"
"4020,0,1"
"4031,0,1"
"4041,0,1"
"4051,0,0"
"4062,0,1"
"4072,0,1"
"4082,0,1"
"4093,0,1"
"4104,0,1"
"4114,0,1"
"4124,0,1"
"4134,0,1"
"4145,0,1"
"4155,0,1"
"4166,0,1"
"4176,0,1"
"4187,0,1"
"4197,0,1"
"4207,0,1"
"4217,0,1"
"4229,0,1"
"4239,0,1"
"4249,0,1"
"4259,0,1"
"4270,0,1"
"4280,0,1"
"4290,0,1"
"4301,0,1"
"4312,0,1"
"4322,0,1"
"4332,0,1"
"4342,0,1"
"4353,0,1"
"4364,0,1"
"4374,0,1"
"4384,0,1"
"4395,0,1"
"4405,0,1"
"4415,0,1"
"4426,0,1"
"4436,0,1"
"4447,0,1"
"4457,0,1"
"4467,0,1"
"4477,0,1"
"4488,0,1"
"4499,0,1"
"4509,0,1"
"4519,0,1"
"4530,0,1"
"4540,0,1"
"4550,0,1"
"4561,0,1"
"4572,0,1"
"4582,0,1"
"4592,0,1"
"4602,0,1"
"4613,0,1"
"4623,0,1"
"4634,0,1"
"4644,0,1"
"4655,0,1"
"4665,0,1"
"4675,0,1"
"4685,0,1"
"4697,0,1"
"4707,0,1"
"4717,0,1"
"4727,0,1"
"4738,0,1"
"4748,0,1"
"4759,0,1"
"4769,0,1"
"4780,0,1"
"4790,0,1"
"4800,0,1"
"4810,0,1"
"4820,0,1"
"4832,0,1"
"4842,0,1"
"4852,0,1"
"4862,0,1"
"4873,0,1"
"4883,1,1"
"4894,1,1"
"4904,1,1"
"4915,1,11"
"4926,1,1"
"4936,1,1"
"4946,1,3"
"4957,1,1"
"4968,1,1"
"4978,1,6"
"4988,1,1"
"4999,1,1"
"5009,1,3"
"5019,0,1"
"5030,0,1"
"5041,0,1"
"5051,0,0"
"5061,0,1"
"5071,0,1"
"5082,0,1"
"5093,0,1"
"5103,0,1"
"5113,0,1"
"5124,0,1"
"5134,0,1"
"5144,0,1"
"5154,0,1"
"5166,0,1"
"5176,0,0"
"5186,0,1"
"5196,0,1"
"5207,0,1"
"5217,0,1"
"5228,0,1"
"5238,0,1"
"5249,0,1"
"5259,0,0"
"5269,0,1"
"5279,0,1"
"5289,0,1"
"5301,0,1"
"5311,0,1"
"5321,0,1"
"5331,0,1"
"5342,0,1"
"5352,0,1"
"5363,0,1"
"5373,0,1"
"5384,0,1"
"5394,0,1"
"5404,0,1"
"5414,0,1"
"5426,0,1"
"5436,0,1"
"5446,0,1"
"5456,0,1"
"5467,0,1"
"5477,0,1"
"5487,0,1"
"5498,0,1"
"5509,0,1"
"5519,0,1"
"5529,0,1"
"5539,0,1"
"5550,0,1"
"5561,0,1"
"5571,0,1"
"5581,0,1"
"5592,0,1"
"5602,0,1"
"5612,0,1"
"5622,0,1"
"5634,0,1"
"5644,0,1"
"5654,0,1"
"5664,0,1"
"5675,0,1"
"5685,0,1"
"5696,0,0"
"5706,0,1"
"5716,0,1"
"5727,0,1"
"5737,0,1"
"5747,0,1"
"5758,0,1"
"5769,0,1"
"5779,0,1"
"5789,0,1"
"5799,0,1"
"5810,0,1"
"5820,0,1"
"5831,0,1"
"5841,0,1"
"5852,0,1"
"5862,0,1"
"5872,0,1"
"5882,0,1"
"5894,0,1"
"5904,0,1"
"5914,0,1"
"5924,0,1"
"5935,0,0"
"5945,0,1"
"5955,0,1"
"5966,0,1"
"5977,0,1"
"5987,0,1"
"5997,0,1"
"6007,1,1"
"6018,1,1"
"6029,1,2"
"6039,1,10"
"6050,1,1"
"6061,1,1"
"6071,1,2"
"6081,1,1"
"6092,1,1"
"6103,1,1"
"6113,1,1"
"6123,1,0"
"6133,0,1"
"6144,0,1"
"6154,0,1"
"6165,0,1"
"6175,0,1"
"6185,0,1"
"6196,0,1"
"6206,0,1"
"6216,0,1"
"6227,0,1"
"6238,0,-1"
"6249,0,1"
"6259,0,1"
"6269,0,1"
"6280,0,1"
"6291,0,1"
"6301,0,1"
"6311,0,-1"
"6323,0,1"
"6333,0,1"
"6343,0,1"
"6353,0,1"
"6365,0,1"
"6375,0,0"
"6385,0,1"
"6395,0,1"
"6406,0,1"
"6416,0,1"
"6427,0,1"
"6437,0,1"
"6448,0,1"
"6458,0,1"
"6468,0,1"
"6478,0,1"
"6490,0,1"
"6500,0,1"
"6510,0,1"
"6520,0,1"
"6531,0,1"
"6541,0,1"
"6551,0,1"
"6562,0,1"
"6573,0,1"
"6583,0,1"
"6593,0,1"
"6603,0,1"
"6614,0,1"
"6625,0,1"
"6635,0,1"
"6645,0,1"
"6656,0,1"
"6666,0,1"
"6676,0,1"
"6686,0,1"
"6697,0,1"
"6708,0,1"
"6718,0,1"
"6728,0,1"
"6738,0,0"
"6749,0,1"
"6760,0,1"
"6770,0,1"
"6780,0,1"
"6791,0,1"
"6801,0,1"
"6811,0,1"
"6822,0,1"
"6833,0,1"
"6843,0,1"
"6853,0,1"
"6863,0,1"
"6874,0,1"
"6884,0,1"
"6895,0,1"
"6905,0,1"
"6916,0,1"
"6926,0,1"
"6936,0,1"
"6946,0,1"
"6958,0,1"
"6968,0,1"
"6978,0,1"
"6988,0,1"
"6999,0,1"
"7009,0,1"
"7019,0,1"
"7030,0,1"
"7041,0,1"
"7051,0,1"
"7061,0,1"
"7071,0,1"
"7081,0,1"
"7093,0,1"
"7103,0,1"
"7113,0,1"
"7123,1,1"
"7134,1,1"
"7144,1,1"
"7155,1,9"
"7165,1,2"
"7176,1,1"
"7186,1,1"
"7196,1,1"
"7206,1,1"
"7217,1,7"
"7228,1,1"
"7238,1,1"
"7248,1,5"
"7259,0,1"
"7269,0,1"
"7279,0,1"
"7290,0,1"
"7301,0,1"
"7311,0,1"
"7321,0,1"
"7331,0,1"
"7342,0,1"
"7352,0,1"
"7363,0,1"
"7373,0,1"
"7384,0,1"
"7394,0,1"
"7404,0,1"
"7414,0,1"
"7426,0,1"
"7436,0,-1"
"7447,0,1"
"7457,0,1"
"7468,0,1"
"7478,0,1"
"7489,0,1"
"7499,0,1"
"7510,0,1"
"7520,0,1"
"7530,0,1"
"7540,0,1"
"7550,0,1"
"7562,0,1"
"7572,0,1"
"7582,0,1"
"7592,0,1"
"7603,0,1"
"7613,0,1"
"7624,0,1"
"7634,0,1"
"7645,0,1"
"7655,0,1"
"7665,0,1"
"7675,0,1"
"7686,0,1"
"7697,0,1"
"7707,0,1"
"7717,0,1"
"7728,0,1"
"7738,0,1"
"7748,0,1"
"7759,0,1"
"7770,0,1"
"7780,0,1"
"7790,0,1"
"7800,0,1"
"7811,0,1"
"7822,0,1"
"7832,0,1"
"7842,0,1"
"7853,0,1"
"7863,0,1"
"7873,0,1"
"7883,0,1"
"7895,0,1"
"7905,0,1"
"7915,0,1"
"7925,0,1"
"7936,0,1"
"7946,0,1"
"7957,0,1"
"7967,0,1"
"7977,0,1"
"7988,0,1"
"7998,0,1"
"8008,0,1"
"8018,0,1"
"8030,0,1"
"8040,0,1"
"8050,0,1"
"8060,0,1"
"8071,0,1"
"8081,0,1"
"8092,0,1"
"8102,0,1"
"8113,0,1"
"8123,0,1"
"8133,0,1"
"8143,0,1"
"8155,0,1"
"8165,0,1"
"8175,0,1"
"8185,0,1"
"8196,0,1"
"8206,0,1"
"8216,0,1"
"8227,0,1"
"8238,0,1"
"8248,1,1"
"8258,1,1"
"8268,1,1"
"8279,1,8"
"8290,1,1"
"8300,1,1"
"8310,1,5"
"8321,1,1"
"8331,1,1"
"8341,1,6"
"8351,1,1"
"8363,1,1"
"8373,1,1"
"8383,0,1"
"8393,0,1"
"8403,0,1"
"8414,0,1"
"8425,0,1"
"8435,0,1"
"8445,0,1"
"8456,0,1"
"8466,0,1"
"8476,0,1"
"8487,0,1"
"8498,0,1"
"8508,0,1"
"8518,0,1"
"8528,0,1"
"8539,0,1"
"8549,0,1"
"8560,0,0"
"8570,0,1"
"8581,0,1"
"8591,0,1"
"8601,0,1"
"8611,0,1"
"8623,0,0"
"8633,0,1"
"8643,0,1"
"8653,0,1"
"8664,0,1"
"8674,0,1"
"8684,0,1"
"8695,0,1"
"8706,0,1"
"8716,0,1"
"8726,0,1"
"8736,0,1"
"8747,0,1"
"8758,0,1"
"8768,0,1"
"8778,0,1"
"8788,0,1"
"8799,0,1"
"8809,0,1"
"8820,0,1"
"8830,0,1"
"8841,0,1"
"8851,0,1"
"8861,0,1"
"8871,0,1"
"8882,0,1"
"8893,0,1"
"8903,0,1"
"8913,0,1"
"8924,0,1"
"8934,0,1"
"8944,0,1"
"8955,0,1"
"8966,0,1"
"8976,0,1"
"8986,0,1"
"8996,0,1"
"9007,0,1"
"9017,0,1"
"9028,0,1"
"9038,0,1"
"9049,0,1"
"9059,0,1"
"9069,0,1"
"9079,0,0"
"9091,0,1"
"9101,0,1"
"9111,0,1"
"9121,0,1"
"9132,0,1"
"9142,0,1"
"9153,0,1"
"9163,0,1"
"9174,0,1"
"9184,0,1"
"9194,0,1"
"9204,0,1"
"9214,0,1"
"9226,0,1"
"9236,0,1"
"9246,0,1"
"9256,0,1"
"9267,0,1"
"9277,0,1"
"9288,0,1"
"9298,0,1"
"9309,0,1"
"9319,0,1"
"9329,0,1"
"9339,0,1"
"9350,0,1"
"9361,0,1"
"9371,1,1"
"9381,1,1"
"9392,1,7"
"9402,1,5"
"9412,1,1"
"9423,1,1"
"9434,1,0"
"9444,1,1"
"9454,1,1"
"9464,1,2"
"9475,1,1"
"9486,1,1"
"9496,0,1"
"9506,0,1"
"9517,0,1"
"9527,0,1"
"9537,0,1"
"9547,0,1"
"9559,0,1"
"9569,0,1"
"9579,0,1"
"9589,0,1"
"9600,0,-1"
"9611,0,1"
"9622,0,1"
"9632,0,1"
"9643,0,1"
"9653,0,1"
"9663,0,1"
"9673,0,1"
"9684,0,1"
"9695,0,1"
"9705,0,1"
"9715,0,1"
"9725,0,1"
"9736,0,0"
"9746,0,1"
"9757,0,1"
"9767,0,1"
"9778,0,1"
"9788,0,1"
"9798,0,0"
"9808,0,1"
"9820,0,1"
"9830,0,1"
"9840,0,1"
"9850,0,1"
"9861,0,1"
"9871,0,1"
"9881,0,1"
"9892,0,1"
"9903,0,0"
"9913,0,1"
"9923,0,1"
"9933,0,1"
"9944,0,0"
"9955,0,1"
"9965,0,1"
"9975,0,1"
"9986,0,1"
"9996,0,1"
"10006,0,1"
"10018,0,1"
"10030,0,1"
"10041,0,1"
"10052,0,1"
"10063,0,1"
"10075,0,1"
"10087,0,1"
"10098,0,1"
"10109,0,1"
"10121,0,1"
"10132,0,1"
"10143,0,1"
"10156,0,1"
"10167,0,1"
"10178,0,1"
"10189,0,1"
"10201,0,1"
"10212,0,1"
"10224,0,1"
"10235,0,1"
"10247,0,1"
"10258,0,1"
"10269,0,1"
"10280,0,1"
"10293,0,1"
"10304,0,1"
"10315,0,1"
"10327,0,1"
"10338,0,1"
"10350,0,1"
"10361,0,1"
"10373,0,1"
"10384,0,1"
"10395,0,1"
"10406,0,1"
"10419,0,1"
"10430,0,1"
"10441,0,1"
"10452,0,1"
"10464,0,1"
"10475,0,1"
"10487,1,1"
"10499,1,1"
"10510,1,2"
"10521,1,7"
"10532,1,1"
"10544,1,1"
"10556,1,1"
"10567,1,2"
"10578,1,6"
"10590,1,1"
"10601,1,1"
"10612,1,3"
"10625,0,1"
"10636,0,1"
"10647,0,1"
"10658,0,1"
"10670,0,1"
"10681,0,1"
"10693,0,1"
"10704,0,1"
"10716,0,1"
"10727,0,1"
"10738,0,1"
"10750,0,1"
"10762,0,1"
"10773,0,1"
"10784,0,1"
"10796,0,1"
"10807,0,1"
"10819,0,1"
"10830,0,1"
"10842,0,1"
"10853,0,1"
"10864,0,1"
"10875,0,1"
"10888,0,1"
"10899,0,1"
"10910,0,1"
"10921,0,1"
"10933,0,1"
"10944,0,1"
"10956,0,1"
"10968,0,1"
"10979,0,1"
"10990,0,1"
"11001,0,1"
"11013,0,1"
"11025,0,1"
"11036,0,1"
"11047,0,1"
"11059,0,1"
"11070,0,1"
"11082,0,1"
"11094,0,1"
"11105,0,1"
"11116,0,1"
"11127,0,1"
"11139,0,1"
"11151,0,1"
"11162,0,1"
"11173,0,1"
"11185,0,1"
"11196,0,1"
"11207,0,1"
"11219,0,1"
"11231,0,1"
"11242,0,1"
"11253,0,1"
"11265,0,1"
"11276,0,1"
"11288,0,1"
"11299,0,1"
"11311,0,1"
"11322,0,1"
"11333,0,1"
"11344,0,1"
"11357,0,1"
"11368,0,1"
"11379,0,1"
"11390,0,1"
"11402,0,1"
"11413,0,1"
"11425,0,1"
"11437,0,1"
"11448,0,1"
"11459,0,1"
"11470,0,1"
"11483,0,1"
"11494,0,1"
"11505,0,1"
"11516,0,1"
"11528,0,1"
"11539,0,1"
"11551,0,1"
"11563,0,1"
"11574,0,1"
"11585,0,1"
"11596,0,1"
"11608,1,1"
"11620,1,1"
"11631,1,1"
"11642,1,8"
"11654,1,1"
"11665,1,1"
"11676,1,0"
"11688,1,2"
"11700,1,3"
"11711,1,1"
"11722,1,1"
"11734,1,4"
"11745,0,1"
"11757,0,1"
"11768,0,1"
"11780,0,1"
"11791,0,1"
"11802,0,1"
"11814,0,1"
"11826,0,1"
"11837,0,1"
"11848,0,1"
"11859,0,1"
"11871,0,1"
"11883,0,1"
"11894,0,1"
"11906,0,1"
"11917,0,1"
"11928,0,1"
"11939,0,1"
"11952,0,1"
"11963,0,1"
"11974,0,1"
"11985,0,0"
"11997,0,1"
"12008,0,1"
"12020,0,1"
"12032,0,1"
"12043,0,1"
"12054,0,1"
"12065,0,1"
"12077,0,1"
"12089,0,1"
"12100,0,1"
"12111,0,1"
"12123,0,1"
"12134,0,1"
"12145,0,1"
"12157,0,1"
"12169,0,1"
"12180,0,1"
"12191,0,1"
"12203,0,1"
"12215,0,1"
"12226,0,1"
"12237,0,1"
"12249,0,1"
"12260,0,1"
"12271,0,1"
"12283,0,1"
"12295,0,1"
"12306,0,1"
"12317,0,1"
"12328,0,1"
"12340,0,1"
"12352,0,1"
"12363,0,1"
"12375,0,1"
"12386,0,1"
"12397,0,1"
"12408,0,1"
"12421,0,1"
"12432,0,1"
"12443,0,1"
"12454,0,1"
"12466,0,1"
"12477,0,1"
"12489,0,1"
"12500,0,1"
"12512,0,1"
"12523,0,1"
"12534,0,1"
"12547,0,1"
"12558,0,1"
"12569,0,1"
"12580,0,1"
"12592,0,1"
"12603,0,1"
"12615,0,1"
"12626,0,1"
"12638,0,1"
"12649,0,1"
"12660,0,1"
"12672,0,1"
"12684,0,1"
"12695,0,1"
"12706,0,1"
"12718,0,1"
"12729,1,1"
"12740,1,1"
"12752,1,3"
"12764,1,7"
"12775,1,1"
"12786,1,1"
"12797,1,1"
"12809,1,0"
"12821,1,7"
"12832,1,1"
"12844,1,1"
"12855,1,4"
"12866,0,1"
"12877,0,1"
"12890,0,1"
"12901,0,1"
"12912,0,1"
"12923,0,1"
"12935,0,1"
"12947,0,1"
"12958,0,1"
"12969,0,0"
"12981,0,1"
"12992,0,1"
"13003,0,1"
"13016,0,1"
"13027,0,0"
"13038,0,1"
"13049,0,1"
"13061,0,1"
"13072,0,1"
"13084,0,1"
"13095,0,1"
"13107,0,0"
"13118,0,1"
"13129,0,1"
"13140,0,1"
"13153,0,1"
"13164,0,1"
"13175,0,1"
"13187,0,1"
"13198,0,1"
"13209,0,1"
"13221,0,1"
"13233,0,1"
"13244,0,1"
"13255,0,1"
"13266,0,1"
"13279,0,1"
"13290,0,1"
"13301,0,1"
"13313,0,1"
"13324,0,1"
"13335,0,1"
"13347,0,1"
"13359,0,1"
"13370,0,1"
"13381,0,1"
"13392,0,1"
"13404,0,1"
"13416,0,1"
"13427,0,1"
"13438,0,1"
"13450,0,1"
"13461,0,1"
"13472,0,1"
"13485,0,1"
"13496,0,1"
"13507,0,1"
"13518,0,1"
"13530,0,1"
"13541,0,1"
"13553,0,1"
"13564,0,1"
"13576,0,1"
"13587,0,1"
"13598,0,1"
"13609,0,1"
"13622,0,1"
"13633,0,1"
"13644,0,1"
"13656,0,1"
"13667,0,1"
"13679,0,1"
"13690,0,1"
"13702,0,1"
"13713,0,1"
"13724,0,1"
"13735,0,1"
"13748,0,1"
"13759,0,1"
"13770,0,1"
"13782,0,1"
"13793,0,1"
"13804,0,1"
"13816,0,1"
"13828,0,1"
"13839,0,1"
"13850,1,1"
"13861,1,1"
"13873,1,3"
"13885,1,6"
"13896,1,1"
"13907,1,1"
"13919,1,1"
"13930,1,1"
"13941,1,7"
"13954,1,1"
"13965,1,1"
"13976,1,5"
"13987,0,1"
"13999,0,1"
"14011,0,1"
"14022,0,1"
"14033,0,1"
"14045,0,1"
"14056,0,1"
"14067,0,1"
"14080,0,1"
"14091,0,1"
"14102,0,1"
"14113,0,1"
"14125,0,1"
"14136,0,1"
"14148,0,0"
"14159,0,1"
"14171,0,1"
"14182,0,1"
"14193,0,1"
"14204,0,1"
"14217,0,1"
"14228,0,1"
"14239,0,1"
"14251,0,1"
"14262,0,1"
"14273,0,1"
"14285,0,1"
"14297,0,1"
"14308,0,1"
"14319,0,1"
"14330,0,1"
"14342,0,1"
"14354,0,1"
"14365,0,1"
"14376,0,1"
"14388,0,1"
"14399,0,1"
"14411,0,1"
"14423,0,1"
"14434,0,1"
"14445,0,1"
"14456,0,1"
"14468,0,1"
"14480,0,1"
"14491,0,1"
"14502,0,1"
"14514,0,1"
"14525,0,1"
"14536,0,1"
"14548,0,1"
"14560,0,1"
"14571,0,1"
"14582,0,1"
"14594,0,1"
"14605,0,1"
"14617,0,1"
"14628,0,1"
"14640,0,1"
"14651,0,1"
"14662,0,1"
"14673,0,1"
"14686,0,1"
"14697,0,1"
"14708,0,1"
"14720,0,1"
"14731,0,1"
"14743,0,1"
"14754,0,1"
"14766,0,1"
"14777,0,1"
"14788,0,1"
"14799,0,1"
"14812,0,1"
"14823,0,1"
"14834,0,1"
"14845,0,1"
"14857,0,1"
"14868,0,1"
"14880,0,1"
"14892,0,1"
"14903,0,1"
"14914,0,1"
"14925,0,1"
"14937,0,1"
"14949,0,1"
"14960,0,1"
"14971,1,1"
"14983,1,1"
"14994,1,1"
"15005,1,8"
"15017,1,1"
"15029,1,1"
"15040,1,3"
"15051,1,1"
"15063,1,2"
"15074,1,1"
"15086,1,1"
"15097,1,6"
"15109,0,1"
"15120,0,1"
"15131,0,1"
"15143,0,1"
"15155,0,1"
"15166,0,1"
"15177,0,1"
"15188,0,1"
"15200,0,1"
"15212,0,0"
"15223,0,1"
"15235,0,1"
"15246,0,1"
"15257,0,1"
"15268,0,0"
"15281,0,1"
"15292,0,1"
"15303,0,1"
"15314,0,1"
"15326,0,1"
"15337,0,1"
"15349,0,1"
"15361,0,1"
"15372,0,1"
"15383,0,1"
"15394,0,1"
"15406,0,1"
"15418,0,1"
"15429,0,1"
"15440,0,1"
"15452,0,1"
"15463,0,1"
"15475,0,1"
"15486,0,1"
"15498,0,1"
"15509,0,1"
"15520,0,1"
"15532,0,1"
"15544,0,1"
"15555,0,1"
"15566,0,1"
"15578,0,1"
"15589,0,1"
"15600,0,1"
"15612,0,1"
"15624,0,1"
"15635,0,1"
"15646,0,1"
"15657,0,1"
"15669,0,1"
"15681,0,1"
"15692,0,1"
"15704,0,1"
"15715,0,1"
"15726,0,1"
"15737,0,1"
"15750,0,1"
"15761,0,1"
"15772,0,1"
"15783,0,1"
"15795,0,1"
"15806,0,1"
"15818,0,1"
"15830,0,1"
"15841,0,1"
"15852,0,1"
"15863,0,1"
"15876,0,1"
"15887,0,1"
"15898,0,1"
"15909,0,1"
"15921,0,1"
"15932,0,1"
"15944,0,1"
"15955,0,1"
"15967,0,1"
"15978,0,1"
"15989,0,1"
"16001,0,1"
"16013,0,1"
"16024,0,1"
"16035,0,1"
"16047,0,1"
"16058,0,1"
"16069,0,1"
"16081,0,1"
"16093,1,1"
"16104,1,1"
"16115,1,1"
"16126,1,6"
"16138,1,1"
"16150,1,1"
"16161,1,1"
"16173,1,4"
"16184,1,1"
"16195,1,1"
"16207,1,1"
"16219,1,1"
"16230,0,1"
"16241,0,1"
"16252,0,1"
"16264,0,1"
"16276,0,1"
"16287,0,1"
"16299,0,1"
"16310,0,1"
"16321,0,1"
"16332,0,0"
"16345,0,1"
"16356,0,1"
"16367,0,1"
"16378,0,1"
"16390,0,1"
"16401,0,1"
"16413,0,1"
"16424,0,1"
"16436,0,1"
"16447,0,1"
"16458,0,1"
"16470,0,1"
"16482,0,1"
"16493,0,1"
"16504,0,1"
"16516,0,1"
"16527,0,1"
"16538,0,1"
"16550,0,1"
"16562,0,1"
"16573,0,1"
"16584,0,1"
"16595,0,1"
"16608,0,1"
"16619,0,1"
"16630,0,1"
"16642,0,1"
"16653,0,1"
"16664,0,1"
"16676,0,1"
"16688,0,1"
"16699,0,1"
"16710,0,1"
"16721,0,1"
"16733,0,1"
"16745,0,1"
"16756,0,1"
"16768,0,1"
"16779,0,1"
"16790,0,1"
"16801,0,1"
"16814,0,1"
"16825,0,1"
"16836,0,1"
"16847,0,1"
"16859,0,1"
"16870,0,1"
"16882,0,1"
"16893,0,1"
"16905,0,0"
"16916,0,1"
"16927,0,1"
"16940,0,1"
"16951,0,1"
"16962,0,1"
"16973,0,1"
"16985,0,1"
"16996,0,1"
"17008,0,0"
"17019,0,1"
"17031,0,1"
"17042,0,1"
"17053,0,1"
"17064,0,1"
"17077,0,1"
"17088,0,1"
"17099,0,1"
"17111,0,1"
"17122,0,1"
"17133,0,1"
"17145,0,1"
"17157,0,1"
"17168,0,1"
"17179,0,1"
"17190,0,1"
"17202,0,1"
"17214,1,1"
"17225,1,1"
"17236,1,1"
"17248,1,2"
"17259,1,2"
"17270,1,0"
"17283,1,1"
"17294,1,0"
"17305,1,2"
"17316,1,1"
"17328,1,1"
"17340,1,1"
"17351,0,1"
"17362,0,1"
"17374,0,1"
"17385,0,1"
"17396,0,1"
"17409,0,1"
"17420,0,1"
"17431,0,1"
"17442,0,1"
"17454,0,1"
"17465,0,1"
"17477,0,1"
"17488,0,1"
"17500,0,1"
"17511,0,1"
"17522,0,1"
"17533,0,1"
"17546,0,1"
"17557,0,1"
"17568,0,1"
"17580,0,1"
"17591,0,1"
"17602,0,1"
"17614,0,1"
"17626,0,1"
"17637,0,1"
"17648,0,1"
"17659,0,1"
"17672,0,1"
"17683,0,1"
"17694,0,1"
"17705,0,1"
"17717,0,1"
"17728,0,1"
"17740,0,1"
"17752,0,1"
"17763,0,1"
"17774,0,1"
"17785,0,1"
"17797,0,1"
"17809,0,1"
"17820,0,1"
"17831,0,1"
"17843,0,1"
"17854,0,1"
"17865,0,1"
"17878,0,1"
"17889,0,1"
"17900,0,1"
"17911,0,1"
"17923,0,1"
"17934,0,1"
"17946,0,1"
"17957,0,1"
"17969,0,1"
"17980,0,1"
"17991,0,1"
"18002,0,1"
"18015,0,1"
"18026,0,1"
"18037,0,1"
"18049,0,1"
"18060,0,1"
"18072,0,1"
"18083,0,1"
"18095,0,1"
"18106,0,1"
"18117,0,1"
"18128,0,1"
"18141,0,1"
"18152,0,1"
"18163,0,1"
"18174,0,1"
"18186,0,1"
"18197,0,1"
"18209,0,1"
"18221,0,1"
"18232,0,1"
"18243,0,1"
"18254,0,1"
"18266,0,1"
"18278,0,1"
"18289,0,1"
"18300,0,1"
"18312,0,1"
"18323,0,1"
"18334,1,1"
"18347,1,1"
"18358,1,1"
"18369,1,4"
"18380,1,0"
"18392,1,0"
"18404,1,1"
"18415,1,0"
"18426,1,4"
"18438,1,1"
"18449,1,1"
"18460,1,2"
"18472,0,1"
"18484,0,1"
"18495,0,1"
"18506,0,1"
"18518,0,1"
"18529,0,1"
"18541,0,1"
"18552,0,1"
"18564,0,1"
"18575,0,1"
"18586,0,1"
"18597,0,1"
"18610,0,1"
"18621,0,1"
"18632,0,0"
"18643,0,1"
"18655,0,1"
"18666,0,1"
"18678,0,1"
"18690,0,1"
"18701,0,1"
"18712,0,0"
"18723,0,1"
"18735,0,1"
"18747,0,1"
"18758,0,1"
"18769,0,0"
"18781,0,1"
"18792,0,1"
"18804,0,1"
"18816,0,1"
"18827,0,1"
"18838,0,1"
"18849,0,1"
"18861,0,1"
"18873,0,1"
"18884,0,1"
"18895,0,1"
"18907,0,1"
"18918,0,1"
"18929,0,1"
"18941,0,1"
"18953,0,1"
"18964,0,1"
"18975,0,1"
"18987,0,1"
"18998,0,1"
"19010,0,1"
"19021,0,1"
"19033,0,1"
"19044,0,1"
"19055,0,1"
"19066,0,1"
"19079,0,1"
"19090,0,1"
"19101,0,1"
"19112,0,0"
"19124,0,1"
"19136,0,1"
"19147,0,1"
"19159,0,1"
"19170,0,1"
"19181,0,1"
"19192,0,1"
"19205,0,1"
"19216,0,1"
"19227,0,1"
"19238,0,1"
"19250,0,1"
"19261,0,1"
"19273,0,1"
"19284,0,1"
"19296,0,1"
"19307,0,1"
"19318,0,1"
"19330,0,1"
"19342,0,1"
"19353,0,1"
"19364,0,1"
"19376,0,1"
"19387,0,1"
"19398,0,1"
"19410,0,1"
"19422,0,1"
"19433,0,1"
"19444,0,1"
"19456,1,1"
"19467,1,1"
"19479,1,1"
"19490,1,6"
"19502,1,1"
"19513,1,1"
"19524,1,1"
"19536,1,1"
"19548,1,0"
"19559,1,1"
"19570,1,1"
"19581,1,4"
"19593,0,1"
"19605,0,1"
"19616,0,1"
"19628,0,1"
"19639,0,1"
"19650,0,1"
"19661,0,1"
"19674,0,1"
"19685,0,1"
"19696,0,1"
"19707,0,1"
"19719,0,1"
"19730,0,1"
"19742,0,1"
"19753,0,-1"
"19766,0,0"
"19777,0,1"
"19788,0,1"
"19800,0,1"
"19812,0,1"
"19823,0,1"
"19834,0,1"
"19846,0,1"
"19857,0,1"
"19869,0,1"
"19880,0,1"
"19892,0,1"
"19903,0,1"
"19914,0,1"
"19926,0,1"
"19938,0,1"
"19949,0,1"
"19960,0,1"
"19972,0,1"
"19983,0,1"
"19994,0,1"
"20006,0,1"
"20018,0,1"
"20029,0,1"
"20040,0,1"
"20051,0,1"
"20063,0,1"
"20075,0,1"
"20086,0,1"
"20098,0,1"
"20109,0,1"
"20120,0,1"
"20131,0,1"
"20144,0,1"
"20155,0,1"
"20166,0,1"
"20177,0,1"
"20189,0,1"
"20201,0,1"
"20212,0,1"
"20224,0,1"
"20235,0,1"
"20246,0,1"
"20257,0,1"
"20270,0,1"
"20281,0,1"
"20292,0,1"
"20303,0,1"
"20315,0,1"
"20326,0,1"
"20338,0,1"
"20349,0,1"
"20361,0,1"
"20372,0,1"
"20383,0,1"
"20395,0,1"
"20407,0,1"
"20418,0,1"
"20429,0,1"
"20441,0,1"
"20452,0,1"
"20463,0,1"
"20475,0,1"
"20487,0,1"
"20498,0,1"
"20509,0,1"
"20520,0,1"
"20532,0,1"
"20544,0,1"
"20555,0,1"
"20567,0,1"
"20578,1,1"
"20589,1,1"
"20601,1,1"
"20613,1,10"
"20625,1,1"
"20636,1,1"
"20647,1,-2"
"20660,1,1"
"20672,1,1"
"20683,1,1"
"20695,1,1"
"20706,1,6"
"20717,0,1"
"20728,0,1"
"20741,0,-1"
"20753,0,1"
"20764,0,1"
"20775,0,1"
"20787,0,1"
"20798,0,1"
"20810,0,1"
"20822,0,1"
"20833,0,1"
"20844,0,1"
"20855,0,1"
"20868,0,1"
"20879,0,1"
"20890,0,-1"
"20902,0,1"
"20914,0,1"
"20925,0,1"
"20937,0,1"
"20948,0,1"
"20960,0,1"
"20971,0,1"
"20982,0,1"
"20994,0,1"
"21006,0,1"
"21017,0,1"
"21028,0,1"
"21040,0,1"
"21051,0,1"
"21062,0,1"
"21074,0,1"
"21086,0,1"
"21097,0,1"
"21108,0,1"
"21120,0,1"
"21131,0,1"
"21143,0,1"
"21154,0,1"
"21166,0,1"
"21177,0,1"
"21188,0,1"
"21200,0,1"
"21212,0,1"
"21223,0,1"
"21234,0,1"
"21245,0,1"
"21257,0,1"
"21269,0,1"
"21280,0,1"
"21292,0,1"
"21303,0,1"
"21314,0,1"
"21325,0,1"
"21338,0,1"
"21349,0,1"
"21360,0,1"
"21371,0,1"
"21383,0,1"
"21394,0,1"
"21406,0,1"
"21417,0,1"
"21429,0,1"
"21440,0,1"
"21451,0,1"
"21463,0,1"
"21475,0,1"
"21486,0,1"
"21497,0,1"
"21509,0,1"
"21520,0,1"
"21532,0,1"
"21543,0,1"
"21555,0,1"
"21566,0,1"
"21577,0,1"
"21588,0,1"
"21601,0,1"
"21612,0,1"
"21623,0,1"
"21635,0,1"
"21646,0,1"
"21657,0,1"
"21669,0,1"
"21681,0,1"
"21692,0,1"
"21703,1,1"
"21714,1,1"
"21726,1,1"
"21738,1,7"
"21749,1,1"
"21761,1,1"
"21772,1,1"
"21783,1,1"
"21794,1,3"
"21807,1,0"
"21818,1,2"
"21829,0,1"
"21840,0,1"
"21852,0,1"
"21863,0,1"
"21875,0,1"
"21886,0,1"
"21898,0,1"
"21909,0,1"
"21920,0,1"
"21933,0,1"
"21944,0,1"
"21955,0,1"
"21966,0,1"
"21978,0,1"
"21989,0,1"
"22001,0,1"
"22012,0,1"
"22024,0,1"
"22035,0,1"
"22046,0,1"
"22057,0,1"
"22070,0,0"
"22081,0,1"
"22092,0,1"
"22104,0,1"
"22115,0,1"
"22126,0,1"
"22138,0,1"
"22150,0,1"
"22161,0,1"
"22172,0,1"
"22183,0,1"
"22195,0,1"
"22207,0,1"
"22218,0,1"
"22230,0,1"
"22241,0,1"
"22252,0,1"
"22264,0,1"
"22276,0,1"
"22287,0,1"
"22298,0,1"
"22309,0,1"
"22321,0,1"
"22333,0,1"
"22344,0,1"
"22355,0,1"
"22367,0,1"
"22378,0,1"
"22389,0,1"
"22402,0,1"
"22413,0,1"
"22424,0,1"
"22435,0,1"
"22447,0,1"
"22458,0,1"
"22470,0,1"
"22481,0,1"
"22493,0,1"
"22504,0,1"
"22515,0,1"
"22526,0,1"
"22539,0,1"
"22550,0,1"
"22561,0,1"
"22573,0,1"
"22584,0,1"
"22595,0,1"
"22607,0,1"
"22619,0,1"
"22630,0,1"
"22641,0,1"
"22652,0,1"
"22665,0,1"
"22676,0,1"
"22687,0,1"
"22699,0,1"
"22710,0,1"
"22721,0,1"
"22733,0,1"
"22745,0,1"
"22756,0,1"
"22767,0,1"
"22778,0,1"
"22790,0,1"
"22802,0,1"
"22813,0,1"
"22824,1,1"
"22836,1,1"
"22847,1,1"
"22858,1,10"
"22872,1,1"
"22883,1,1"
"22894,1,1"
"22905,1,1"
"22917,1,7"
"22928,1,1"
"22940,1,1"
"22951,0,1"
"22963,0,1"
"22974,0,1"
"22985,0,1"
"22998,0,1"
"23009,0,1"
"23020,0,1"
"23031,0,1"
"23043,0,1"
"23054,0,1"
"23066,0,1"
"23077,0,1"
"23089,0,1"
"23100,0,1"
"23111,0,1"
"23122,0,1"
"23135,0,0"
"23146,0,1"
"23157,0,1"
"23169,0,1"
"23180,0,1"
"23191,0,1"
"23203,0,1"
"23215,0,1"
"23226,0,1"
"23237,0,1"
"23248,0,1"
"23260,0,1"
"23272,0,1"
"23283,0,1"
"23294,0,1"
"23306,0,1"
"23317,0,1"
"23329,0,1"
"23341,0,1"
"23352,0,1"
"23363,0,1"
"23374,0,1"
"23386,0,1"
"23398,0,1"
"23409,0,1"
"23420,0,1"
"23432,0,1"
"23443,0,1"
"23454,0,1"
"23467,0,1"
"23478,0,1"
"23489,0,1"
"23500,0,1"
"23512,0,1"
"23523,0,1"
"23535,0,1"
"23546,0,1"
"23558,0,1"
"23569,0,1"
"23580,0,1"
"23591,0,1"
"23604,0,1"
"23615,0,1"
"23626,0,1"
"23638,0,1"
"23649,0,1"
"23660,0,1"
"23672,0,1"
"23684,0,1"
"23695,0,1"
"23706,0,1"
"23717,0,1"
"23730,0,1"
"23741,0,1"
"23752,0,1"
"23763,0,1"
"23775,0,1"
"23786,0,1"
"23798,0,1"
"23810,0,1"
"23821,0,1"
"23832,0,1"
"23843,0,1"
"23855,0,1"
"23867,0,1"
"23878,0,1"
"23889,0,1"
"23901,0,1"
"23912,0,1"
"23923,0,1"
"23936,0,1"
"23947,1,1"
"23958,1,1"
"23969,1,1"
"23981,1,7"
"23992,1,1"
"24004,1,1"
"24015,1,1"
"24027,1,4"
"24038,1,2"
"24049,1,1"
"24061,1,1"
"24073,0,1"
"24084,0,1"
"24095,0,1"
"24107,0,1"
"24118,0,1"
"24130,0,1"
"24141,0,1"
"24153,0,1"
"24164,0,1"
"24175,0,1"
"24186,0,1"
"24199,0,1"
"24210,0,1"
"24221,0,1"
"24232,0,1"
"24244,0,1"
"24255,0,1"
"24267,0,1"
"24279,0,1"
"24290,0,1"
"24301,0,1"
"24312,0,1"
"24324,0,1"
"24336,0,1"
"24347,0,1"
"24358,0,1"
"24370,0,1"
"24381,0,1"
"24392,0,1"
"24404,0,1"
"24416,0,1"
"24427,0,1"
"24438,0,1"
"24450,0,1"
"24462,0,1"
"24473,0,1"
"24484,0,1"
"24496,0,1"
"24507,0,1"
"24518,0,1"
"24530,0,1"
"24542,0,1"
"24553,0,1"
"24564,0,1"
"24576,0,1"
"24587,0,1"
"24599,0,1"
"24610,0,1"
"24622,0,1"
"24633,0,1"
"24644,0,1"
"24655,0,1"
"24668,0,1"
"24679,0,1"
"24690,0,1"
"24701,0,1"
"24713,0,1"
"24724,0,1"
"24736,0,1"
"24748,0,1"
"24759,0,1"
"24770,0,1"
"24781,0,1"
"24794,0,1"
"24805,0,1"
"24816,0,1"
"24827,0,1"
"24839,0,1"
"24850,0,1"
"24862,0,1"
"24873,0,1"
"24885,0,1"
"24896,0,1"
"24907,0,1"
"24919,0,1"
"24931,0,1"
"24942,0,1"
"24953,0,1"
"24965,0,1"
"24976,0,1"
"24987,0,1"
"24999,0,1"
"25011,0,1"
"25022,0,1"
"25033,0,1"
"25044,0,1"
"25056,0,1"
"25068,1,1"
"25079,1,1"
"25091,1,1"
"25102,1,4"
"25113,1,2"
"25124,1,1"
"25137,1,1"
"25148,1,1"
"25159,1,5"
"25170,1,1"
"25182,1,1"
"25194,1,1"
"25205,0,1"
"25217,0,1"
"25228,0,1"
"25239,0,1"
"25250,0,1"
"25263,0,1"
"25274,0,1"
"25285,0,1"
"25296,0,1"
"25308,0,1"
"25319,0,1"
"25331,0,1"
"25342,0,1"
"25354,0,1"
"25365,0,1"
"25376,0,-1"
"25389,0,1"
"25401,0,1"
"25412,0,1"
"25423,0,1"
"25435,0,0"
"25446,0,0"
"25457,0,1"
"25469,0,1"
"25481,0,1"
"25492,0,1"
"25503,0,1"
"25515,0,1"
"25527,0,1"
"25538,0,1"
"25549,0,1"
"25561,0,1"
"25572,0,1"
"25583,0,1"
"25595,0,1"
"25607,0,1"
"25618,0,1"
"25629,0,1"
"25640,0,1"
"25652,0,1"
"25664,0,1"
"25675,0,1"
"25687,0,1"
"25698,0,1"
"25709,0,1"
"25720,0,1"
"25733,0,1"
"25744,0,1"
"25755,0,1"
"25766,0,1"
"25778,0,1"
"25789,0,1"
"25801,0,1"
"25812,0,1"
"25824,0,1"
"25835,0,1"
"25846,0,1"
"25859,0,1"
"25870,0,1"
"25881,0,1"
"25892,0,1"
"25904,0,1"
"25915,0,1"
"25927,0,1"
"25938,0,1"
"25950,0,1"
"25961,0,1"
"25972,0,1"
"25984,0,1"
"25996,0,1"
"26007,0,1"
"26018,0,1"
"26030,0,1"
"26041,0,1"
"26052,0,1"
"26064,0,1"
"26076,0,1"
"26087,0,1"
"26098,0,1"
"26109,0,1"
"26121,0,1"
"26133,0,1"
"26144,0,1"
"26156,0,1"
"26167,0,1"
"26178,0,1"
"26189,1,1"
"26202,1,1"
"26213,1,5"
"26224,1,1"
"26235,1,0"
"26247,1,5"
"26259,1,1"
"26270,1,1"
"26281,1,6"
"26293,1,1"
"26304,1,1"
"26315,0,1"
"26328,0,1"
"26339,0,1"
"26350,0,1"
"26361,0,1"
"26373,0,1"
"26384,0,1"
"26396,0,1"
"26407,0,1"
"26419,0,1"
"26430,0,1"
"26441,0,1"
"26452,0,1"
"26465,0,1"
"26476,0,1"
"26487,0,1"
"26499,0,0"
"26510,0,1"
"26521,0,1"
"26533,0,1"
"26545,0,1"
"26556,0,1"
"26567,0,1"
"26578,0,1"
"26591,0,1"
"26602,0,1"
"26613,0,1"
"26625,0,1"
"26636,0,1"
"26647,0,1"
"26659,0,1"
"26671,0,1"
"26682,0,1"
"26693,0,1"
"26704,0,1"
"26716,0,1"
"26728,0,1"
"26739,0,1"
"26750,0,1"
"26762,0,1"
"26773,0,1"
"26784,0,1"
"26797,0,1"
"26808,0,1"
"26819,0,1"
"26830,0,1"
"26842,0,1"
"26853,0,1"
"26865,0,1"
"26876,0,1"
"26888,0,1"
"26899,0,1"
"26910,0,1"
"26921,0,1"
"26934,0,1"
"26945,0,1"
"26956,0,1"
"26968,0,1"
"26979,0,1"
"26991,0,1"
"27002,0,1"
"27014,0,1"
"27025,0,1"
"27036,0,0"
"27047,0,1"
"27060,0,1"
"27071,0,1"
"27082,0,1"
"27094,0,1"
"27105,0,1"
"27116,0,1"
"27128,0,1"
"27140,0,1"
"27151,0,1"
"27162,0,1"
"27173,0,1"
"27185,0,1"
"27197,0,1"
"27208,0,1"
"27219,0,1"
"27231,0,1"
"27242,0,1"
"27253,0,1"
"27266,0,1"
"27277,0,1"
"27288,0,1"
"27299,0,1"
"27311,1,1"
"27323,1,1"
"27334,1,4"
"27345,1,2"
"27357,1,2"
"27368,1,2"
"27379,1,1"
"27392,1,0"
"27403,1,9"
"27414,1,1"
"27425,1,1"
"27437,0,-1"
"27449,0,1"
"27461,0,1"
"27472,0,1"
"27484,0,1"
"27495,0,1"
"27506,0,1"
"27517,0,1"
"27530,0,1"
"27541,0,1"
"27552,0,0"
"27564,0,1"
"27575,0,1"
"27586,0,1"
"27598,0,1"
"27610,0,1"
"27621,0,0"
"27632,0,1"
"27643,0,1"
"27656,0,1"
"27667,0,1"
"27678,0,1"
"27689,0,1"
"27701,0,1"
"27712,0,1"
"27724,0,1"
"27736,0,1"
"27747,0,1"
"27758,0,1"
"27769,0,1"
"27781,0,1"
"27793,0,1"
"27804,0,1"
"27815,0,0"
"27827,0,1"
"27838,0,1"
"27849,0,1"
"27862,0,1"
"27873,0,1"
"27884,0,1"
"27895,0,1"
"27907,0,1"
"27918,0,1"
"27930,0,1"
"27941,0,1"
"27953,0,1"
"27964,0,1"
"27975,0,1"
"27986,0,1"
"27999,0,1"
"28010,0,1"
"28021,0,1"
"28033,0,1"
"28044,0,1"
"28056,0,1"
"28067,0,1"
"28079,0,1"
"28090,0,1"
"28101,0,1"
"28112,0,1"
"28125,0,1"
"28136,0,1"
"28147,0,1"
"28158,0,1"
"28170,0,1"
"28181,0,1"
"28193,0,1"
"28205,0,1"
"28216,0,1"
"28227,0,1"
"28238,0,1"
"28250,0,1"
"28262,0,1"
"28273,0,1"
"28284,0,1"
"28296,0,1"
"28307,0,1"
"28318,0,1"
"28331,0,1"
"28342,0,1"
"28353,0,1"
"28364,0,1"
"28376,0,1"
"28388,0,1"
"28399,0,1"
"28410,0,1"
"28422,0,1"
"28433,1,1"
"28444,1,1"
"28456,1,7"
"28468,1,4"
"28479,1,1"
"28490,1,1"
"28502,1,1"
"28513,1,5"
"28525,1,1"
"28536,1,8"
"28548,1,1"
"28559,0,1"
"28570,0,1"
"28581,0,1"
"28594,0,1"
"28605,0,1"
"28616,0,1"
"28627,0,1"
"28639,0,1"
"28650,0,1"
"28662,0,-1"
"28675,0,1"
"28686,0,1"
"28697,0,1"
"28708,0,1"
"28721,0,1"
"28732,0,1"
"28743,0,0"
"28754,0,1"
"28766,0,1"
"28777,0,1"
"28789,0,1"
"28801,0,0"
"28812,0,1"
"28823,0,1"
"28834,0,1"
"28846,0,1"
"28858,0,1"
"28869,0,1"
"28880,0,1"
"28892,0,1"
"28903,0,1"
"28914,0,1"
"28926,0,1"
"28938,0,1"
"28949,0,1"
"28960,0,1"
"28972,0,1"
"28983,0,1"
"28995,0,1"
"29006,0,1"
"29018,0,1"
"29029,0,1"
"29040,0,1"
"29051,0,1"
"29064,0,1"
"29075,0,1"
"29086,0,1"
"29097,0,1"
"29109,0,1"
"29121,0,1"
"29132,0,1"
"29144,0,1"
"29155,0,1"
"29166,0,1"
"29177,0,1"
"29190,0,1"
"29201,0,1"
"29212,0,1"
"29223,0,1"
"29235,0,1"
"29246,0,1"
"29258,0,1"
"29270,0,1"
"29281,0,1"
"29292,0,1"
"29303,0,1"
"29315,0,1"
"29327,0,1"
"29338,0,1"
"29349,0,1"
"29361,0,1"
"29372,0,1"
"29383,0,1"
"29395,0,1"
"29407,0,1"
"29418,0,1"
"29429,0,1"
"29441,0,1"
"29453,0,1"
"29464,0,1"
"29475,0,1"
"29487,0,1"
"29498,0,1"
"29509,0,1"
"29521,0,1"
"29533,0,1"
"29544,0,1"
"29555,1,1"
"29566,1,1"
"29578,1,-1"
"29591,1,3"
"29602,1,1"
"29614,1,1"
"29625,1,1"
"29636,1,3"
"29647,1,1"
"29660,1,1"
"29671,1,1"
"29682,0,1"
"29693,0,1"
"29705,0,1"
"29716,0,1"
"29728,0,1"
"29740,0,1"
"29751,0,1"
"29762,0,1"
"29773,0,1"
"29786,0,1"
"29797,0,0"
"29808,0,1"
"29819,0,1"
"29831,0,1"
"29842,0,1"
"29854,0,1"
"29865,0,1"
"29877,0,0"
"29888,0,1"
"29899,0,1"
"29911,0,1"
"29923,0,1"
"29934,0,1"
"29945,0,1"
"29957,0,1"
"29968,0,1"
"29979,0,0"
"29991,0,1"
"30003,0,1"
"30014,0,1"
"30025,0,1"
"30036,0,1"
"30048,0,1"
"30060,0,1"
"30071,0,1"
"30083,0,1"
"30094,0,1"
"30105,0,1"
"30116,0,1"
"30129,0,1"
"30140,0,1"
"30151,0,1"
"30162,0,1"
"30174,0,1"
"30186,0,1"
"30197,0,1"
"30209,0,1"
"30220,0,1"
"30231,0,1"
"30242,0,1"
"30255,0,1"
"30266,0,1"
"30277,0,1"
"30288,0,1"
"30300,0,1"
"30311,0,1"
"30323,0,1"
"30334,0,1"
"30346,0,1"
"30357,0,1"
"30368,0,1"
"30380,0,1"
"30392,0,1"
"30403,0,1"
"30414,0,1"
"30426,0,1"
"30437,0,1"
"30448,0,1"
"30460,0,1"
"30472,0,1"
"30483,0,1"
"30494,0,1"
"30505,0,1"
"30518,0,1"
"30529,0,1"
"30540,0,1"
"30552,0,1"
"30563,0,1"
"30574,0,1"
"30586,0,1"
"30598,0,1"
"30609,0,1"
"30620,0,1"
"30631,0,1"
"30643,0,1"
"30655,0,1"
"30666,0,1"
"30678,1,1"
"30689,1,1"
"30700,1,7"
"30711,1,0"
"30724,1,1"
"30735,1,1"
"30746,1,1"
"30757,1,1"
"30769,1,1"
"30780,1,1"
"30792,1,5"
"30803,0,1"
"30815,0,1"
"30826,0,1"
"30837,0,1"
"30849,0,1"
"30861,0,1"
"30872,0,1"
"30883,0,1"
"30895,0,1"
"30906,0,1"
"30918,0,1"
"30929,0,1"
"30941,0,1"
"30952,0,1"
"30963,0,0"
"30974,0,1"
"30987,0,1"
"30998,0,1"
"31009,0,1"
"31021,0,1"
"31032,0,1"
"31043,0,1"
"31055,0,1"
"31067,0,1"
"31078,0,1"
"31089,0,1"
"31100,0,1"
"31112,0,1"
"31124,0,1"
"31135,0,1"
"31147,0,1"
"31158,0,1"
"31169,0,1"
"31180,0,0"
"31193,0,1"
"31204,0,1"
"31215,0,1"
"31226,0,1"
"31238,0,1"
"31250,0,1"
"31261,0,1"
"31272,0,1"
"31284,0,1"
"31295,0,1"
"31306,0,1"
"31319,0,1"
"31330,0,1"
"31341,0,1"
"31352,0,1"
"31364,0,1"
"31375,0,1"
"31387,0,1"
"31398,0,1"
"31410,0,1"
"31421,0,1"
"31432,0,1"
"31443,0,1"
"31456,0,1"
"31467,0,1"
"31478,0,1"
"31490,0,1"
"31501,0,1"
"31512,0,1"
"31524,0,1"
"31536,0,1"
"31547,0,1"
"31558,0,1"
"31569,0,1"
"31581,0,1"
"31593,0,1"
"31604,0,1"
"31616,0,1"
"31627,0,1"
"31638,0,1"
"31650,0,1"
"31662,0,1"
"31673,0,1"
"31684,0,1"
"31695,0,1"
"31707,0,1"
"31719,0,1"
"31730,0,1"
"31741,0,1"
"31753,0,1"
"31764,0,1"
"31775,0,1"
"31788,0,1"
"31799,1,1"
"31810,1,1"
"31821,1,6"
"31833,1,1"
"31844,1,1"
"31856,1,2"
"31867,1,1"
"31879,1,1"
"31890,1,2"
"31901,1,1"
"31912,1,-2"
"31926,0,1"
"31937,0,1"
"31948,0,1"
"31960,0,1"
"31971,0,1"
"31983,0,1"
"31994,0,1"
"32006,0,1"
"32017,0,1"
"32028,0,1"
"32039,0,1"
"32052,0,1"
"32063,0,1"
"32074,0,1"
"32086,0,1"
"32097,0,1"
"32108,0,1"
"32120,0,1"
"32132,0,1"
"32143,0,1"
"32154,0,1"
"32165,0,1"
"32177,0,1"
"32189,0,1"
"32200,0,1"
"32211,0,1"
"32223,0,1"
"32234,0,1"
"32245,0,1"
"32258,0,1"
"32269,0,1"
"32280,0,1"
"32291,0,1"
"32303,0,1"
"32315,0,1"
"32326,0,1"
"32337,0,1"
"32349,0,1"
"32360,0,1"
"32371,0,1"
"32384,0,1"
"32395,0,1"
"32406,0,1"
"32417,0,1"
"32429,0,1"
"32440,0,1"
"32452,0,1"
"32463,0,1"
"32475,0,1"
"32486,0,1"
"32497,0,1"
"32508,0,1"
"32521,0,1"
"32532,0,1"
"32543,0,1"
"32555,0,1"
"32566,0,1"
"32577,0,1"
"32589,0,1"
"32601,0,1"
"32612,0,1"
"32623,0,1"
"32634,0,1"
"32646,0,1"
"32658,0,1"
"32669,0,1"
"32680,0,1"
"32692,0,1"
"32703,0,1"
"32715,0,1"
"32727,0,1"
"32738,0,1"
"32749,0,1"
"32760,0,1"
"32772,0,1"
"32784,0,1"
"32795,0,1"
"32806,0,1"
"32818,0,1"
"32829,0,1"
"32840,0,1"
"32852,0,1"
"32864,0,1"
"32875,0,1"
"32886,0,1"
"32898,0,1"
"32909,0,1"
"32921,1,1"
"32932,1,1"
"32944,1,7"
"32955,1,0"
"32966,1,1"
"32977,1,1"
"32990,1,1"
"33001,1,1"
"33012,1,1"
"33024,1,1"
"33035,1,4"
"33047,0,1"
"33058,0,1"
"33070,0,1"
"33081,0,1"
"33092,0,1"
"33103,0,1"
"33116,0,1"
"33127,0,1"
"33138,0,1"
"33149,0,1"
"33161,0,0"
"33172,0,1"
"33184,0,1"
"33196,0,1"
"33207,0,1"
"33218,0,1"
"33229,0,1"
"33241,0,1"
"33253,0,1"
"33264,0,1"
"33275,0,1"
"33287,0,0"
"33298,0,1"
"33309,0,1"
"33321,0,1"
"33333,0,1"
"33344,0,1"
"33355,0,1"
"33367,0,1"
"33378,0,1"
"33390,0,1"
"33401,0,1"
"33413,0,1"
"33424,0,1"
"33435,0,1"
"33447,0,1"
"33459,0,1"
"33470,0,1"
"33481,0,1"
"33492,0,1"
"33504,0,1"
"33516,0,1"
"33527,0,1"
"33539,0,1"
"33550,0,1"
"33561,0,1"
"33572,0,1"
"33585,0,1"
"33596,0,1"
"33607,0,1"
"33618,0,1"
"33630,0,1"
"33641,0,1"
"33653,0,1"
"33665,0,1"
"33676,0,1"
"33687,0,1"
"33698,0,1"
"33710,0,1"
"33722,0,1"
"33733,0,1"
"33744,0,1"
"33756,0,1"
"33767,0,1"
"33779,0,1"
"33790,0,1"
"33802,0,1"
"33813,0,1"
"33824,0,1"
"33836,0,1"
"33848,0,0"
"33859,0,1"
"33870,0,1"
"33882,0,1"
"33893,0,1"
"33904,0,1"
"33916,0,1"
"33928,0,1"
"33939,0,1"
"33950,0,1"
"33961,0,1"
"33973,0,1"
"33985,0,1"
"33996,0,1"
"34008,0,1"
"34019,0,1"
"34030,0,1"
"34041,1,1"
"34054,1,1"
"34065,1,9"
"34076,1,1"
"34087,1,1"
"34099,1,2"
"34110,1,1"
"34122,1,-1"
"34135,1,1"
"34146,1,1"
"34157,1,5"
"34168,0,1"
"34181,0,1"
"34192,0,1"
"34203,0,1"
"34214,0,1"
"34226,0,1"
"34237,0,1"
"34249,0,1"
"34260,0,1"
"34272,0,1"
"34283,0,-1"
"34295,0,1"
"34307,0,1"
"34319,0,1"
"34330,0,-1"
"34342,0,1"
"34354,0,1"
"34365,0,1"
"34376,0,1"
"34388,0,1"
"34400,0,1"
"34411,0,1"
"34422,0,1"
"34434,0,1"
"34446,0,1"
"34457,0,1"
"34468,0,1"
"34480,0,1"
"34491,0,1"
"34502,0,1"
"34514,0,1"
"34526,0,1"
"34537,0,1"
"34548,0,1"
"34560,0,1"
"34571,0,1"
"34583,0,1"
"34594,0,1"
"34606,0,1"
"34617,0,1"
"34628,0,1"
"34639,0,1"
"34652,0,1"
"34663,0,1"
"34674,0,1"
"34685,0,1"
"34697,0,1"
"34708,0,1"
"34720,0,1"
"34732,0,1"
"34743,0,1"
"34754,0,1"
"34765,0,1"
"34778,0,1"
"34789,0,1"
"34800,0,1"
"34811,0,1"
"34823,0,1"
"34834,0,1"
"34846,0,1"
"34857,0,1"
"34869,0,1"
"34880,0,1"
"34891,0,1"
"34903,0,1"
"34915,0,1"
"34926,0,1"
"34937,0,1"
"34949,0,1"
"34960,0,1"
"34971,0,1"
"34983,0,1"
"34995,0,1"
"35006,0,1"
"35017,0,1"
"35028,0,1"
"35040,0,1"
"35052,0,1"
"35063,0,1"
"35075,0,1"
"35086,0,1"
"35097,0,1"
"35108,0,1"
"35121,0,1"
"35132,0,1"
"35143,0,1"
"35154,1,1"
"35166,1,1"
"35178,1,1"
"35189,1,7"
"35201,1,1"
"35212,1,1"
"35223,1,1"
"35234,1,1"
"35247,1,10"
"35259,1,1"
"35270,1,1"
"35281,1,4"
"35293,0,1"
"35304,0,1"
"35316,0,1"
"35328,0,1"
"35339,0,1"
"35350,0,1"
"35361,0,1"
"35373,0,1"
"35385,0,1"
"35396,0,1"
"35407,0,1"
"35419,0,1"
"35430,0,1"
"35441,0,1"
"35453,0,0"
"35465,0,0"
"35476,0,1"
"35487,0,1"
"35499,0,1"
"35511,0,1"
"35522,0,1"
"35533,0,1"
"35545,0,1"
"35556,0,1"
"35567,0,1"
"35579,0,1"
"35591,0,1"
"35602,0,1"
"35613,0,1"
"35624,0,1"
"35636,0,1"
"35648,0,1"
"35659,0,1"
"35671,0,1"
"35682,0,1"
"35693,0,1"
"35704,0,1"
"35717,0,1"
"35728,0,1"
"35739,0,1"
"35750,0,1"
"35762,0,1"
"35773,0,1"
"35785,0,1"
"35796,0,1"
"35808,0,1"
"35819,0,1"
"35830,0,1"
"35843,0,1"
"35854,0,1"
"35865,0,1"
"35876,0,1"
"35888,0,1"
"35899,0,1"
"35911,0,1"
"35922,0,1"
"35934,0,1"
"35945,0,0"
"35956,0,1"
"35968,0,1"
"35980,0,1"
"35991,0,1"
"36002,0,1"
"36014,0,1"
"36025,0,1"
"36036,0,1"
"36048,0,1"
"36060,0,1"
"36071,0,1"
"36082,0,1"
"36093,0,1"
"36105,0,1"
"36117,0,1"
"36128,0,1"
"36140,0,1"
"36151,0,1"
"36162,0,1"
"36173,0,1"
"36186,0,1"
"36197,0,1"
"36208,0,1"
"36219,0,1"
"36231,0,1"
"36243,0,1"
"36254,0,1"
"36265,0,1"
"36277,1,1"
"36288,1,1"
"36299,1,1"
"36312,1,11"
"36324,1,1"
"36335,1,1"
"36346,1,1"
"36358,1,1"
"36369,1,10"
"36382,1,1"
"36393,1,1"
"36405,1,4"
"36416,0,1"
"36427,0,1"
"36439,0,1"
"36451,0,0"
"36462,0,1"
"36473,0,1"
"36485,0,1"
"36496,0,1"
"36508,0,1"
"36519,0,1"
"36531,0,1"
"36542,0,1"
"36553,0,1"
"36564,0,1"
"36577,0,1"
"36588,0,0"
"36599,0,1"
"36611,0,1"
"36622,0,1"
"36633,0,1"
"36645,0,1"
"36657,0,1"
"36668,0,1"
"36679,0,1"
"36690,0,1"
"36702,0,1"
"36714,0,1"
"36725,0,1"
"36737,0,1"
"36748,0,1"
"36759,0,1"
"36770,0,1"
"36783,0,1"
"36794,0,1"
"36805,0,1"
"36816,0,1"
"36828,0,1"
"36839,0,1"
"36851,0,1"
"36862,0,1"
"36874,0,1"
"36885,0,1"
"36896,0,1"
"36909,0,1"
"36920,0,1"
"36931,0,1"
"36942,0,1"
"36954,0,1"
"36965,0,1"
"36977,0,1"
"36988,0,1"
"37000,0,1"
"37011,0,1"
"37022,0,1"
"37033,0,1"
"37046,0,1"
"37057,0,1"
"37068,0,1"
"37080,0,1"
"37091,0,1"
"37102,0,1"
"37114,0,1"
"37126,0,1"
"37137,0,1"
"37148,0,1"
"37159,0,1"
"37171,0,1"
"37183,0,1"
"37194,0,1"
"37206,0,1"
"37217,0,1"
"37228,0,1"
"37240,0,1"
"37252,0,1"
"37263,0,1"
"37274,0,1"
"37285,0,1"
"37297,0,1"
"37309,0,1"
"37320,0,1"
"37331,0,1"
"37343,0,1"
"37354,0,1"
"37365,0,1"
"37378,0,1"
"37389,0,1"
"37400,1,1"
"37411,1,1"
"37423,1,1"
"37434,1,9"
"37446,1,1"
"37457,1,1"
"37469,1,1"
"37480,1,2"
"37491,1,0"
"37502,1,3"
"37515,1,0"
"37526,1,1"
"37537,0,1"
"37549,0,1"
"37560,0,1"
"37571,0,1"
"37583,0,1"
"37595,0,1"
"37606,0,1"
"37617,0,1"
"37628,0,1"
"37641,0,0"
"37652,0,1"
"37663,0,1"
"37675,0,1"
"37686,0,1"
"37697,0,1"
"37709,0,0"
"37721,0,1"
"37732,0,1"
"37743,0,1"
"37754,0,1"
"37766,0,1"
"37778,0,1"
"37789,0,1"
"37800,0,1"
"37812,0,1"
"37823,0,1"
"37834,0,1"
"37847,0,1"
"37858,0,1"
"37869,0,1"
"37880,0,1"
"37892,0,1"
"37903,0,1"
"37915,0,1"
"37926,0,1"
"37938,0,1"
"37949,0,1"
"37960,0,1"
"37972,0,1"
"37984,0,1"
"37995,0,1"
"38006,0,1"
"38018,0,1"
"38029,0,1"
"38041,0,1"
"38052,0,1"
"38064,0,1"
"38075,0,1"
"38086,0,1"
"38097,0,1"
"38110,0,1"
"38121,0,1"
"38132,0,1"
"38144,0,1"
"38155,0,1"
"38166,0,1"
"38178,0,1"
"38190,0,1"
"38201,0,1"
"38212,0,1"
"38223,0,1"
"38235,0,1"
"38247,0,1"
"38258,0,1"
"38269,0,1"
"38281,0,1"
"38292,0,1"
"38303,0,1"
"38316,0,1"
"38327,0,1"
"38338,0,1"
"38349,0,1"
"38361,0,1"
"38373,0,1"
"38384,0,1"
"38395,0,1"
"38407,0,1"
"38418,0,1"
"38429,0,1"
"38441,0,1"
"38453,0,1"
"38464,0,1"
"38475,0,1"
"38487,0,1"
"38498,0,1"
"38510,0,1"
"38521,1,1"
"38533,1,1"
"38544,1,1"
"38555,1,6"
"38566,1,0"
"38579,1,1"
"38590,1,1"
"38601,1,1"
"38612,1,-1"
"38625,1,-1"
"38638,1,2"
"38649,0,1"
"38661,0,1"
"38672,0,1"
"38683,0,1"
"38694,0,1"
"38707,0,1"
"38718,0,1"
"38729,0,1"
"38740,0,1"
"38752,0,1"
"38763,0,1"
"38775,0,0"
"38787,0,1"
"38798,0,1"
"38809,0,1"
"38820,0,1"
"38832,0,0"
"38844,0,1"
"38855,0,1"
"38866,0,1"
"38878,0,1"
"38889,0,1"
"38900,0,1"
"38913,0,1"
"38924,0,1"
"38935,0,1"
"38946,0,1"
"38958,0,1"
"38969,0,1"
"38981,0,1"
"38992,0,1"
"39004,0,1"
"39015,0,1"
"39026,0,1"
"39038,0,1"
"39050,0,1"
"39061,0,1"
"39072,0,1"
"39084,0,1"
"39095,0,1"
"39107,0,1"
"39118,0,1"
"39130,0,1"
"39141,0,1"
"39152,0,1"
"39163,0,1"
"39176,0,1"
"39187,0,1"
"39198,0,1"
"39209,0,1"
"39221,0,1"
"39232,0,1"
"39244,0,1"
"39256,0,1"
"39267,0,1"
"39278,0,1"
"39289,0,1"
"39301,0,1"
"39313,0,1"
"39324,0,1"
"39335,0,1"
"39347,0,1"
"39358,0,1"
"39370,0,1"
"39382,0,1"
"39393,0,1"
"39404,0,1"
"39415,0,1"
"39427,0,1"
"39439,0,1"
"39450,0,1"
"39461,0,1"
"39473,0,1"
"39484,0,1"
"39495,0,1"
"39507,0,1"
"39519,0,1"
"39530,0,1"
"39541,0,1"
"39553,0,1"
"39564,0,1"
"39576,0,1"
"39587,0,1"
"39599,0,1"
"39610,0,1"
"39621,0,1"
"39632,0,1"
"39645,1,1"
"39656,1,0"
"39667,1,3"
"39678,1,3"
"39690,1,1"
"39701,1,0"
"39713,1,1"
"39725,1,1"
"39736,1,1"
"39747,1,1"
"39758,1,4"
"39771,0,1"
"39782,0,1"
"39793,0,1"
"39804,0,1"
"39816,0,1"
"39827,0,1"
"39839,0,1"
"39851,0,1"
"39862,0,1"
"39873,0,1"
"39884,0,1"
"39896,0,1"
"39908,0,1"
"39919,0,1"
"39930,0,1"
"39942,0,1"
"39953,0,0"
"39964,0,1"
"39976,0,1"
"39988,0,1"
"39999,0,1"
"40010,0,1"
"40022,0,1"
"40033,0,1"
"40045,0,1"
"40056,0,1"
"40068,0,1"
"40079,0,1"
"40090,0,1"
"40102,0,1"
"40114,0,1"
"40125,0,1"
"40136,0,1"
"40147,0,1"
"40159,0,1"
"40171,0,1"
"40182,0,1"
"40194,0,1"
"40205,0,1"
"40216,0,1"
"40227,0,1"
"40240,0,1"
"40251,0,1"
"40262,0,1"
"40273,0,1"
"40285,0,1"
"40296,0,1"
"40308,0,1"
"40320,0,1"
"40331,0,1"
"40342,0,1"
"40353,0,1"
"40365,0,1"
"40377,0,1"
"40388,0,1"
"40399,0,1"
"40411,0,1"
"40422,0,1"
"40433,0,1"
"40445,0,1"
"40457,0,1"
"40468,0,1"
"40479,0,1"
"40491,0,1"
"40503,0,1"
"40514,0,1"
"40525,0,1"
"40537,0,1"
"40548,0,1"
"40559,0,1"
"40571,0,1"
"40583,0,1"
"40594,0,1"
"40605,0,1"
"40616,0,1"
"40628,0,1"
"40640,0,1"
"40651,0,1"
"40663,0,1"
"40674,0,1"
"40685,0,1"
"40696,0,1"
"40709,0,1"
"40720,0,1"
"40731,0,1"
"40742,0,1"
"40754,0,1"
"40765,1,1"
"40777,1,0"
"40788,1,3"
"40800,1,3"
"40811,1,0"
"40822,1,5"
"40835,1,1"
"40846,1,1"
"40857,1,3"
"40868,1,1"
"40880,1,0"
"40891,0,1"
"40903,0,1"
"40914,0,1"
"40926,0,1"
"40937,0,1"
"40948,0,1"
"40960,0,1"
"40972,0,1"
"40983,0,1"
"40994,0,1"
"41006,0,1"
"41017,0,1"
"41028,0,1"
"41040,0,1"
"41052,0,1"
"41063,0,1"
"41074,0,1"
"41085,0,1"
"41097,0,1"
"41109,0,1"
"41120,0,0"
"41132,0,1"
"41143,0,0"
"41154,0,1"
"41165,0,1"
"41178,0,1"
"41189,0,1"
"41200,0,0"
"41211,0,1"
"41223,0,1"
"41235,0,1"
"41246,0,1"
"41257,0,0"
"41269,0,1"
"41280,0,1"
"41291,0,1"
"41304,0,1"
"41315,0,1"
"41326,0,1"
"41337,0,1"
"41349,0,1"
"41360,0,1"
"41372,0,1"
"41383,0,1"
"41395,0,1"
"41406,0,1"
"41417,0,1"
"41428,0,1"
"41441,0,1"
"41452,0,1"
"41463,0,1"
"41475,0,1"
"41486,0,1"
"41497,0,1"
"41509,0,1"
"41521,0,1"
"41532,0,1"
"41543,0,1"
"41554,0,1"
"41567,0,1"
"41578,0,1"
"41589,0,1"
"41601,0,1"
"41612,0,1"
"41623,0,1"
"41635,0,1"
"41647,0,1"
"41658,0,1"
"41669,0,1"
"41680,0,1"
"41692,0,1"
"41704,0,1"
"41715,0,1"
"41726,0,1"
"41738,0,1"
"41749,0,1"
"41760,0,1"
"41773,0,1"
"41784,0,1"
"41795,0,1"
"41806,0,1"
"41818,0,1"
"41829,0,1"
"41841,0,1"
"41852,0,1"
"41864,0,1"
"41875,0,1"
"41886,1,1"
"41897,1,1"
"41910,1,4"
"41921,1,3"
"41932,1,0"
"41944,1,1"
"41955,1,1"
"41967,1,1"
"41978,1,1"
"41990,1,2"
"42001,1,1"
"42012,0,1"
"42023,0,1"
"42036,0,1"
"42047,0,1"
"42058,0,1"
"42070,0,1"
"42081,0,1"
"42092,0,1"
"42104,0,1"
"42116,0,1"
"42127,0,1"
"42138,0,1"
"42149,0,1"
"42161,0,1"
"42173,0,1"
"42184,0,1"
"42195,0,1"
"42207,0,1"
"42218,0,1"
"42229,0,1"
"42242,0,1"
"42253,0,1"
"42264,0,0"
"42275,0,1"
"42287,0,1"
"42299,0,1"
"42310,0,1"
"42321,0,0"
"42333,0,1"
"42344,0,1"
"42355,0,1"
"42368,0,1"
"42379,0,1"
"42390,0,1"
"42401,0,1"
"42413,0,1"
"42424,0,1"
"42436,0,1"
"42447,0,1"
"42459,0,1"
"42470,0,1"
"42481,0,1"
"42492,0,1"
"42505,0,1"
"42516,0,1"
"42527,0,1"
"42539,0,1"
"42550,0,1"
"42561,0,1"
"42573,0,1"
"42585,0,1"
"42596,0,1"
"42607,0,1"
"42618,0,1"
"42630,0,1"
"42642,0,1"
"42653,0,1"
"42664,0,1"
"42676,0,1"
"42687,0,1"
"42699,0,1"
"42711,0,1"
"42722,0,1"
"42733,0,1"
"42744,0,1"
"42756,0,1"
"42768,0,1"
"42779,0,1"
"42790,0,1"
"42802,0,1"
"42813,0,1"
"42824,0,0"
"42836,0,1"
"42848,0,1"
"42859,0,1"
"42870,0,1"
"42882,0,0"
"42893,0,1"
"42905,0,1"
"42916,0,1"
"42928,0,1"
"42939,0,1"
"42950,0,1"
"42961,0,1"
"42974,0,1"
"42985,0,1"
"42996,0,1"
"43008,1,1"
"43019,1,1"
"43031,1,1"
"43042,1,4"
"43054,1,-1"
"43066,1,4"
"43077,1,1"
"43088,1,1"
"43101,1,5"
"43112,1,1"
"43123,1,-2"
"43136,0,1"
"43147,0,1"
"43158,0,1"
"43170,0,1"
"43182,0,1"
"43193,0,1"
"43204,0,1"
"43215,0,1"
"43227,0,1"
"43239,0,1"
"43250,0,1"
"43261,0,1"
"43273,0,1"
"43284,0,1"
"43295,0,1"
"43308,0,-1"
"43320,0,1"
"43331,0,1"
"43342,0,1"
"43354,0,1"
"43366,0,1"
"43377,0,1"
"43388,0,1"
"43400,0,1"
"43411,0,1"
"43422,0,1"
"43435,0,1"
"43446,0,0"
"43457,0,1"
"43468,0,1"
"43480,0,1"
"43491,0,1"
"43503,0,1"
"43514,0,1"
"43526,0,1"
"43537,0,1"
"43548,0,1"
"43559,0,1"
"43572,0,1"
"43583,0,1"
"43594,0,1"
"43606,0,1"
"43617,0,1"
"43628,0,1"
"43640,0,1"
"43652,0,1"
"43663,0,1"
"43674,0,1"
"43685,0,1"
"43698,0,1"
"43709,0,1"
"43720,0,1"
"43731,0,1"
"43743,0,1"
"43754,0,1"
"43766,0,1"
"43778,0,1"
"43789,0,1"
"43800,0,1"
"43811,0,1"
"43823,0,1"
"43835,0,1"
"43846,0,1"
"43857,0,1"
"43869,0,1"
"43880,0,1"
"43891,0,1"
"43904,0,1"
"43915,0,1"
"43926,0,1"
"43937,0,1"
"43949,0,1"
"43960,0,1"
"43972,0,1"
"43983,0,1"
"43995,0,1"
"44006,0,1"
"44017,0,1"
"44029,0,1"
"44041,0,1"
"44052,0,1"
"44063,0,1"
"44075,0,1"
"44086,0,1"
"44098,0,1"
"44109,0,1"
"44121,0,1"
"44132,1,1"
"44143,1,0"
"44154,1,5"
"44167,1,2"
"44178,1,1"
"44189,1,6"
"44200,1,1"
"44212,1,1"
"44223,1,5"
"44235,1,1"
"44247,1,3"
"44258,0,1"
"44269,0,1"
"44280,0,1"
"44292,0,1"
"44304,0,1"
"44315,0,1"
"44326,0,1"
"44338,0,1"
"44349,0,1"
"44360,0,0"
"44372,0,1"
"44384,0,1"
"44395,0,1"
"44406,0,1"
"44418,0,1"
"44430,0,-1"
"44442,0,1"
"44453,0,1"
"44465,0,1"
"44476,0,1"
"44487,0,1"
"44499,0,1"
"44511,0,1"
"44522,0,1"
"44533,0,1"
"44545,0,1"
"44556,0,1"
"44568,0,1"
"44579,0,1"
"44591,0,1"
"44602,0,1"
"44613,0,1"
"44624,0,1"
"44637,0,1"
"44648,0,0"
"44659,0,1"
"44670,0,1"
"44682,0,1"
"44693,0,1"
"44705,0,1"
"44717,0,1"
"44728,0,1"
"44739,0,1"
"44750,0,1"
"44763,0,1"
"44774,0,1"
"44785,0,1"
"44796,0,1"
"44808,0,1"
"44819,0,1"
"44831,0,1"
"44843,0,1"
"44854,0,1"
"44865,0,1"
"44876,0,1"
"44888,0,1"
"44900,0,1"
"44911,0,1"
"44922,0,1"
"44934,0,1"
"44945,0,0"
"44956,0,1"
"44968,0,1"
"44980,0,1"
"44991,0,1"
"45002,0,1"
"45014,0,1"
"45025,0,1"
"45037,0,1"
"45048,0,1"
"45060,0,1"
"45071,0,1"
"45082,0,1"
"45094,0,1"
"45106,0,1"
"45117,0,1"
"45128,0,1"
"45139,0,1"
"45151,0,1"
"45163,0,1"
"45174,0,1"
"45186,0,1"
"45197,0,1"
"45208,0,1"
"45219,0,1"
"45232,0,1"
"45243,0,1"
"45254,1,1"
"45265,1,1"
"45277,1,7"
"45288,1,0"
"45300,1,1"
"45312,1,3"
"45323,1,1"
"45334,1,1"
"45345,1,4"
"45357,1,1"
"45369,1,4"
"45380,0,1"
"45391,0,1"
"45403,0,1"
"45414,0,1"
"45425,0,1"
"45437,0,1"
"45449,0,1"
"45460,0,1"
"45471,0,1"
"45483,0,1"
"45495,0,1"
"45506,0,1"
"45517,0,1"
"45529,0,1"
"45540,0,1"
"45551,0,0"
"45563,0,1"
"45575,0,1"
"45586,0,1"
"45597,0,1"
"45608,0,1"
"45620,0,1"
"45632,0,1"
"45643,0,1"
"45655,0,1"
"45666,0,1"
"45677,0,1"
"45688,0,1"
"45701,0,1"
"45712,0,1"
"45723,0,1"
"45734,0,1"
"45746,0,1"
"45757,0,1"
"45769,0,1"
"45780,0,1"
"45792,0,1"
"45803,0,1"
"45814,0,1"
"45827,0,1"
"45838,0,1"
"45849,0,1"
"45860,0,1"
"45872,0,1"
"45883,0,1"
"45895,0,1"
"45906,0,1"
"45918,0,1"
"45929,0,1"
"45940,0,1"
"45952,0,1"
"45964,0,1"
"45975,0,1"
"45986,0,1"
"45998,0,1"
"46009,0,1"
"46020,0,1"
"46032,0,1"
"46044,0,1"
"46055,0,1"
"46066,0,1"
"46077,0,1"
"46089,0,1"
"46101,0,1"
"46112,0,1"
"46124,0,1"
"46135,0,1"
"46146,0,1"
"46157,0,1"
"46170,0,0"
"46181,0,1"
"46192,0,1"
"46203,0,1"
"46215,0,1"
"46227,0,1"
"46238,0,1"
"46249,0,1"
"46261,0,1"
"46272,0,1"
"46283,0,1"
"46296,0,1"
"46307,0,1"
"46318,0,1"
"46329,0,1"
"46341,0,1"
"46352,0,1"
"46364,0,1"
"46375,1,1"
"46387,1,1"
"46398,1,8"
"46409,1,1"
"46420,1,1"
"46433,1,5"
"46444,1,1"
"46455,1,1"
"46467,1,3"
"46478,1,1"
"46489,1,4"
"46501,0,1"
"46513,0,1"
"46524,0,1"
"46535,0,1"
"46546,0,1"
"46559,0,1"
"46570,0,1"
"46581,0,1"
"46593,0,1"
"46604,0,1"
"46615,0,1"
"46627,0,1"
"46639,0,1"
"46650,0,1"
"46661,0,1"
"46672,0,-1"
"46685,0,1"
"46697,0,1"
"46708,0,1"
"46720,0,1"
"46731,0,1"
"46742,0,0"
"46753,0,1"
"46766,0,1"
"46777,0,1"
"46788,0,1"
"46799,0,1"
"46811,0,1"
"46822,0,1"
"46834,0,1"
"46845,0,1"
"46857,0,1"
"46868,0,1"
"46879,0,1"
"46892,0,0"
"46903,0,1"
"46914,0,1"
"46925,0,1"
"46937,0,1"
"46948,0,1"
"46960,0,1"
"46971,0,1"
"46983,0,1"
"46994,0,1"
"47005,0,1"
"47016,0,1"
"47029,0,1"
"47040,0,1"
"47051,0,1"
"47063,0,1"
"47074,0,1"
"47085,0,1"
"47097,0,1"
"47109,0,1"
"47120,0,1"
"47131,0,1"
"47142,0,1"
"47154,0,1"
"47166,0,1"
"47177,0,1"
"47188,0,1"
"47200,0,1"
"47211,0,1"
"47222,0,1"
"47235,0,1"
"47246,0,1"
"47257,0,1"
"47268,0,1"
"47280,0,1"
"47292,0,0"
"47303,0,1"
"47314,0,1"
"47326,0,1"
"47337,0,1"
"47348,0,1"
"47361,0,1"
"47372,0,1"
"47383,0,1"
"47394,0,1"
"47406,0,1"
"47417,0,1"
"47429,0,1"
"47440,0,1"
"47452,0,1"
"47463,0,1"
"47474,0,0"
"47485,0,1"
"47498,1,1"
"47509,1,1"
"47520,1,9"
"47532,1,1"
"47543,1,1"
"47554,1,6"
"47566,1,1"
"47578,1,1"
"47589,1,2"
"47600,1,1"
"47611,1,6"
"47624,0,1"
"47635,0,1"
"47646,0,1"
"47657,0,1"
"47669,0,1"
"47680,0,1"
"47692,0,1"
"47704,0,1"
"47715,0,1"
"47726,0,1"
"47737,0,1"
"47749,0,1"
"47761,0,1"
"47772,0,1"
"47783,0,1"
"47795,0,1"
"47806,0,1"
"47817,0,1"
"47830,0,1"
"47841,0,1"
"47852,0,1"
"47863,0,1"
"47875,0,1"
"47886,0,1"
"47898,0,1"
"47909,0,1"
"47921,0,1"
"47932,0,1"
"47943,0,1"
"47954,0,1"
"47967,0,1"
"47978,0,1"
"47989,0,1"
"48001,0,1"
"48012,0,0"
"48024,0,1"
"48035,0,1"
"48047,0,1"
"48058,0,1"
"48069,0,1"
"48080,0,1"
"48093,0,1"
"48104,0,1"
"48115,0,1"
"48126,0,1"
"48138,0,1"
"48149,0,1"
"48161,0,1"
"48173,0,1"
"48184,0,1"
"48195,0,1"
"48206,0,1"
"48218,0,1"
"48230,0,1"
"48241,0,1"
"48252,0,1"
"48264,0,1"
"48275,0,1"
"48286,0,1"
"48299,0,1"
"48310,0,1"
"48321,0,1"
"48332,0,0"
"48344,0,1"
"48356,0,1"
"48367,0,1"
"48378,0,1"
"48390,0,1"
"48401,0,1"
"48412,0,1"
"48424,0,1"
"48436,0,1"
"48447,0,1"
"48458,0,1"
"48470,0,1"
"48481,0,1"
"48493,0,1"
"48504,0,1"
"48516,0,0"
"48527,0,1"
"48538,0,1"
"48549,0,1"
"48562,0,1"
"48573,0,1"
"48584,0,1"
"48595,0,1"
"48607,0,1"
"48618,1,1"
"48630,1,1"
"48642,1,9"
"48653,1,1"
"48664,1,1"
"48675,1,7"
"48687,1,1"
"48699,1,1"
"48710,1,-1"
"48722,1,1"
"48734,1,7"
"48745,0,1"
"48757,0,1"
"48769,0,1"
"48780,0,1"
"48791,0,1"
"48802,0,1"
"48814,0,1"
"48826,0,1"
"48837,0,1"
"48848,0,1"
"48860,0,1"
"48871,0,1"
"48882,0,1"
"48894,0,1"
"48906,0,0"
"48917,0,1"
"48928,0,1"
"48940,0,1"
"48951,0,1"
"48963,0,1"
"48974,0,0"
"48986,0,1"
"48997,0,1"
"49008,0,1"
"49019,0,1"
"49032,0,1"
"49043,0,1"
"49054,0,1"
"49065,0,1"
"49077,0,1"
"49089,0,1"
"49100,0,1"
"49112,0,1"
"49123,0,1"
"49134,0,0"
"49145,0,1"
"49158,0,1"
"49169,0,1"
"49180,0,1"
"49191,0,1"
"49203,0,1"
"49214,0,1"
"49226,0,1"
"49238,0,1"
"49249,0,1"
"49260,0,1"
"49271,0,1"
"49283,0,1"
"49295,0,1"
"49306,0,1"
"49317,0,1"
"49329,0,1"
"49340,0,1"
"49351,0,1"
"49363,0,1"
"49375,0,1"
"49386,0,1"
"49397,0,1"
"49409,0,1"
"49421,0,1"
"49432,0,1"
"49443,0,1"
"49455,0,1"
"49466,0,1"
"49477,0,1"
"49489,0,1"
"49501,0,1"
"49512,0,1"
"49523,0,1"
"49534,0,1"
"49546,0,1"
"49558,0,1"
"49569,0,1"
"49581,0,1"
"49592,0,1"
"49603,0,1"
"49614,0,1"
"49627,0,1"
"49638,0,1"
"49649,0,1"
"49660,0,1"
"49672,0,1"
"49683,0,1"
"49695,0,1"
"49707,0,1"
"49718,0,1"
"49729,1,1"
"49740,1,1"
"49752,1,1"
"49764,1,9"
"49775,1,1"
"49786,1,1"
"49798,1,2"
"49809,1,1"
"49821,1,7"
"49832,1,1"
"49844,1,1"
"49855,1,8"
"49866,0,1"
"49878,0,1"
"49890,0,1"
"49901,0,1"
"49912,0,1"
"49924,0,1"
"49935,0,1"
"49946,0,1"
"49958,0,1"
"49970,0,1"
"49981,0,1"
"49992,0,1"
"50003,0,1"
"50015,0,1"
"50027,0,0"
"50038,0,0"
"50050,0,1"
"50061,0,1"
"50072,0,1"
"50083,0,1"
"50096,0,1"
"50107,0,1"
"50118,0,1"
"50129,0,1"
"50141,0,1"
"50153,0,1"
"50164,0,1"
"50176,0,1"
"50187,0,1"
"50198,0,1"
"50209,0,1"
"50222,0,0"
"50233,0,1"
"50244,0,1"
"50255,0,1"
"50267,0,1"
"50278,0,1"
"50290,0,1"
"50301,0,1"
"50313,0,1"
"50324,0,1"
"50335,0,1"
"50347,0,1"
"50359,0,1"
"50370,0,1"
"50381,0,1"
"50393,0,1"
"50404,0,1"
"50415,0,1"
"50427,0,1"
"50439,0,1"
"50450,0,1"
"50461,0,1"
"50472,0,1"
"50484,0,1"
"50496,0,1"
"50507,0,1"
"50519,0,1"
"50530,0,1"
"50541,0,1"
"50553,0,1"
"50565,0,1"
"50576,0,1"
"50587,0,1"
"50598,0,1"
"50610,0,1"
"50622,0,1"
"50633,0,1"
"50644,0,1"
"50656,0,1"
"50667,0,1"
"50678,0,1"
"50691,0,1"
"50702,0,1"
"50713,0,1"
"50724,0,1"
"50736,0,1"
"50747,0,1"
"50759,0,0"
"50770,0,1"
"50782,0,1"
"50793,0,1"
"50804,0,1"
"50816,0,1"
"50828,0,1"
"50839,0,1"
"50850,0,1"
"50862,1,1"
"50873,1,1"
"50885,1,8"
"50896,1,1"
"50908,1,1"
"50919,1,1"
"50930,1,7"
"50941,1,5"
"50954,1,1"
"50965,1,1"
"50976,1,1"
"50988,0,0"
"50999,0,1"
"51010,0,1"
"51022,0,0"
"51034,0,1"
"51045,0,1"
"51056,0,1"
"51067,0,1"
"51079,0,1"
"51091,0,1"
"51102,0,0"
"51113,0,1"
"51125,0,1"
"51136,0,1"
"51147,0,1"
"51160,0,0"
"51171,0,1"
"51182,0,1"
"51193,0,1"
"51205,0,1"
"51216,0,1"
"51228,0,1"
"51239,0,1"
"51251,0,1"
"51262,0,1"
"51273,0,1"
"51286,0,0"
"51297,0,1"
"51308,0,1"
"51319,0,1"
"51331,0,1"
"51342,0,1"
"51354,0,1"
"51365,0,1"
"51377,0,1"
"51388,0,1"
"51399,0,1"
"51410,0,1"
"51423,0,1"
"51434,0,1"
"51445,0,1"
"51457,0,1"
"51468,0,1"
"51479,0,1"
"51491,0,1"
"51503,0,1"
"51514,0,1"
"51525,0,1"
"51536,0,1"
"51548,0,1"
"51560,0,1"
"51571,0,1"
"51582,0,1"
"51594,0,1"
"51605,0,1"
"51617,0,1"
"51629,0,1"
"51640,0,1"
"51651,0,1"
"51662,0,1"
"51674,0,1"
"51686,0,1"
"51697,0,1"
"51708,0,1"
"51720,0,1"
"51731,0,1"
"51742,0,0"
"51755,0,1"
"51766,0,1"
"51777,0,1"
"51788,0,1"
"51800,0,1"
"51811,0,1"
"51823,0,1"
"51834,0,1"
"51846,0,1"
"51857,0,1"
"51868,0,1"
"51879,0,1"
"51892,0,1"
"51903,0,1"
"51914,0,1"
"51926,0,1"
"51937,0,1"
"51948,0,1"
"51960,0,1"
"51972,0,1"
"51983,1,1"
"51994,1,1"
"52005,1,7"
"52018,1,0"
"52029,1,1"
"52040,1,1"
"52051,1,1"
"52063,1,5"
"52074,1,1"
"52086,1,1"
"52098,1,1"
"52109,0,1"
"52120,0,1"
"52131,0,1"
"52143,0,1"
"52155,0,1"
"52166,0,1"
"52177,0,1"
"52189,0,1"
"52200,0,1"
"52211,0,1"
"52224,0,0"
"52235,0,1"
"52246,0,1"
"52257,0,1"
"52269,0,1"
"52280,0,1"
"52292,0,1"
"52303,0,1"
"52315,0,1"
"52326,0,1"
"52337,0,1"
"52349,0,1"
"52361,0,1"
"52372,0,1"
"52383,0,1"
"52395,0,1"
"52406,0,1"
"52418,0,1"
"52429,0,1"
"52441,0,1"
"52452,0,1"
"52463,0,1"
"52474,0,1"
"52487,0,1"
"52498,0,1"
"52509,0,1"
"52520,0,1"
"52532,0,1"
"52543,0,1"
"52555,0,1"
"52567,0,1"
"52578,0,1"
"52589,0,1"
"52600,0,1"
"52612,0,1"
"52624,0,1"
"52635,0,1"
"52646,0,1"
"52658,0,1"
"52669,0,1"
"52680,0,1"
"52692,0,1"
"52704,0,1"
"52715,0,1"
"52726,0,1"
"52738,0,1"
"52750,0,1"
"52761,0,1"
"52772,0,1"
"52784,0,1"
"52795,0,1"
"52806,0,0"
"52818,0,1"
"52830,0,1"
"52841,0,1"
"52852,0,1"
"52864,0,1"
"52875,0,1"
"52887,0,1"
"52898,0,1"
"52910,0,1"
"52921,0,1"
"52932,0,1"
"52943,0,1"
"52956,0,1"
"52967,0,1"
"52978,0,1"
"52989,0,1"
"53001,0,1"
"53012,0,1"
"53024,0,1"
"53036,0,1"
"53047,0,1"
"53058,0,1"
"53069,0,1"
"53082,0,1"
"53093,0,1"
"53104,1,1"
"53115,1,1"
"53127,1,6"
"53138,1,0"
"53150,1,1"
"53161,1,1"
"53173,1,1"
"53184,1,4"
"53195,1,1"
"53207,1,1"
"53219,1,2"
"53230,0,1"
"53241,0,1"
"53253,0,1"
"53264,0,1"
"53275,0,1"
"53287,0,1"
"53299,0,1"
"53310,0,1"
"53321,0,1"
"53332,0,1"
"53344,0,1"
"53356,0,1"
"53367,0,1"
"53379,0,1"
"53390,0,1"
"53401,0,-1"
"53414,0,1"
"53426,0,1"
"53437,0,1"
"53448,0,1"
"53459,0,1"
"53471,0,1"
"53483,0,1"
"53494,0,1"
"53506,0,1"
"53517,0,1"
"53528,0,1"
"53539,0,1"
"53552,0,1"
"53563,0,1"
"53574,0,1"
"53585,0,1"
"53597,0,1"
"53608,0,1"
"53620,0,1"
"53632,0,1"
"53643,0,1"
"53654,0,1"
"53665,0,1"
"53677,0,1"
"53689,0,1"
"53700,0,1"
"53711,0,1"
"53723,0,1"
"53734,0,1"
"53745,0,1"
"53757,0,1"
"53769,0,1"
"53780,0,1"
"53791,0,1"
"53803,0,1"
"53815,0,1"
"53826,0,1"
"53837,0,1"
"53849,0,1"
"53860,0,1"
"53871,0,1"
"53883,0,1"
"53895,0,1"
"53906,0,1"
"53917,0,1"
"53928,0,1"
"53940,0,1"
"53952,0,1"
"53963,0,1"
"53975,0,1"
"53986,0,1"
"53997,0,1"
"54008,0,1"
"54021,0,1"
"54032,0,1"
"54043,0,1"
"54054,0,1"
"54066,0,1"
"54077,0,1"
"54089,0,1"
"54100,0,1"
"54112,0,1"
"54123,0,1"
"54134,0,1"
"54147,0,1"
"54158,0,1"
"54169,0,1"
"54180,0,1"
"54192,0,1"
"54203,0,1"
"54215,1,1"
"54226,1,1"
"54238,1,1"
"54249,1,6"
"54260,1,1"
"54272,1,1"
"54284,1,1"
"54295,1,1"
"54306,1,4"
"54318,1,1"
"54329,1,1"
"54340,1,3"
"54352,0,1"
"54364,0,1"
"54375,0,1"
"54386,0,1"
"54397,0,1"
"54409,0,1"
"54421,0,1"
"54432,0,1"
"54444,0,1"
"54455,0,1"
"54466,0,1"
"54477,0,1"
"54490,0,1"
"54501,0,1"
"54512,0,0"
"54523,0,1"
"54535,0,1"
"54547,0,1"
"54558,0,1"
"54569,0,1"
"54581,0,1"
"54592,0,1"
"54603,0,1"
"54616,0,1"
"54627,0,1"
"54638,0,1"
"54649,0,0"
"54661,0,1"
"54672,0,1"
"54684,0,1"
"54695,0,1"
"54707,0,1"
"54718,0,1"
"54729,0,1"
"54740,0,1"
"54753,0,1"
"54764,0,1"
"54775,0,1"
"54787,0,1"
"54798,0,1"
"54809,0,1"
"54821,0,1"
"54833,0,1"
"54844,0,1"
"54855,0,1"
"54866,0,1"
"54879,0,1"
"54890,0,1"
"54901,0,1"
"54913,0,1"
"54924,0,1"
"54935,0,1"
"54947,0,1"
"54959,0,1"
"54970,0,1"
"54981,0,1"
"54992,0,1"
"55004,0,1"
"55016,0,1"
"55027,0,1"
"55038,0,1"
"55050,0,1"
"55061,0,1"
"55072,0,1"
"55085,0,1"
"55096,0,1"
"55107,0,1"
"55118,0,1"
"55130,0,1"
"55141,0,1"
"55153,0,1"
"55164,0,1"
"55176,0,1"
"55187,0,1"
"55198,0,1"
"55209,0,1"
"55222,0,1"
"55233,0,1"
"55244,0,1"
"55256,0,1"
"55267,0,1"
"55279,0,1"
"55290,0,1"
"55302,0,1"
"55313,0,1"
"55324,0,1"
"55335,1,1"
"55348,1,1"
"55359,1,1"
"55370,1,7"
"55382,1,1"
"55393,1,1"
"55404,1,1"
"55416,1,1"
"55428,1,5"
"55439,1,1"
"55450,1,1"
"55461,1,5"
"55473,0,1"
"55485,0,1"
"55496,0,1"
"55507,0,1"
"55519,0,1"
"55530,0,1"
"55541,0,1"
"55554,0,1"
"55565,0,1"
"55576,0,1"
"55587,0,0"
"55599,0,1"
"55611,0,1"
"55622,0,1"
"55633,0,1"
"55645,0,0"
"55656,0,1"
"55667,0,1"
"55680,0,1"
"55691,0,1"
"55702,0,1"
"55713,0,0"
"55725,0,1"
"55736,0,1"
"55748,0,1"
"55759,0,1"
"55771,0,1"
"55782,0,1"
"55793,0,1"
"55804,0,1"
"55817,0,1"
"55828,0,1"
"55839,0,1"
"55851,0,1"
"55862,0,1"
"55873,0,0"
"55885,0,1"
"55897,0,1"
"55908,0,1"
"55919,0,1"
"55930,0,1"
"55942,0,1"
"55954,0,1"
"55965,0,1"
"55976,0,1"
"55988,0,1"
"55999,0,1"
"56011,0,1"
"56023,0,1"
"56034,0,1"
"56045,0,1"
"56056,0,1"
"56068,0,1"
"56080,0,1"
"56091,0,1"
"56102,0,1"
"56114,0,1"
"56125,0,1"
"56136,0,1"
"56148,0,1"
"56160,0,1"
"56171,0,1"
"56182,0,1"
"56194,0,1"
"56205,0,1"
"56217,0,1"
"56228,0,1"
"56240,0,1"
"56251,0,1"
"56262,0,1"
"56273,0,1"
"56286,0,1"
"56297,0,1"
"56308,0,1"
"56320,0,1"
"56331,0,1"
"56343,0,1"
"56354,0,1"
"56366,0,1"
"56377,0,1"
"56388,0,1"
"56399,0,1"
"56412,0,1"
"56423,0,1"
"56434,0,1"
"56445,0,1"
"56457,0,1"
"56468,1,1"
"56480,1,1"
"56492,1,10"
"56504,1,1"
"56515,1,1"
"56526,1,1"
"56538,1,4"
"56550,1,3"
"56561,1,1"
"56572,1,0"
"56584,1,2"
"56595,0,1"
"56606,0,1"
"56619,0,1"
"56630,0,1"
"56641,0,1"
"56652,0,1"
"56664,0,1"
"56676,0,1"
"56687,0,1"
"56698,0,1"
"56710,0,1"
"56721,0,1"
"56732,0,1"
"56744,0,1"
"56756,0,1"
"56767,0,1"
"56778,0,1"
"56790,0,1"
"56801,0,1"
"56813,0,1"
"56824,0,1"
"56836,0,0"
"56847,0,1"
"56858,0,1"
"56869,0,1"
"56882,0,1"
"56893,0,1"
"56904,0,1"
"56915,0,1"
"56927,0,1"
"56938,0,1"
"56950,0,1"
"56962,0,1"
"56973,0,1"
"56984,0,1"
"56995,0,1"
"57007,0,1"
"57019,0,1"
"57030,0,1"
"57041,0,1"
"57053,0,1"
"57064,0,1"
"57076,0,1"
"57088,0,1"
"57099,0,1"
"57110,0,1"
"57121,0,1"
"57133,0,1"
"57145,0,1"
"57156,0,1"
"57167,0,1"
"57179,0,1"
"57190,0,1"
"57201,0,1"
"57213,0,1"
"57225,0,1"
"57236,0,1"
"57247,0,1"
"57259,0,1"
"57270,0,1"
"57282,0,1"
"57293,0,1"
"57305,0,1"
"57316,0,1"
"57327,0,1"
"57338,0,1"
"57351,0,1"
"57362,0,1"
"57373,0,1"
"57384,0,1"
"57396,0,1"
"57408,0,1"
"57419,0,1"
"57431,0,1"
"57442,0,1"
"57453,0,1"
"57464,0,1"
"57477,0,1"
"57488,0,1"
"57499,0,1"
"57510,0,1"
"57522,0,1"
"57533,0,1"
"57545,0,1"
"57556,0,1"
"57568,0,1"
"57579,1,1"
"57590,1,1"
"57602,1,1"
"57614,1,10"
"57626,1,1"
"57637,1,1"
"57649,1,0"
"57660,1,1"
"57671,1,6"
"57683,1,1"
"57695,1,1"
"57706,1,6"
"57717,0,1"
"57729,0,1"
"57741,0,1"
"57752,0,1"
"57763,0,1"
"57775,0,1"
"57786,0,1"
"57797,0,1"
"57809,0,1"
"57821,0,1"
"57832,0,1"
"57843,0,1"
"57854,0,1"
"57866,0,1"
"57878,0,1"
"57889,0,1"
"57901,0,1"
"57912,0,1"
"57923,0,1"
"57934,0,1"
"57947,0,1"
"57958,0,0"
"57969,0,1"
"57980,0,1"
"57992,0,1"
"58003,0,1"
"58015,0,1"
"58027,0,1"
"58038,0,1"
"58049,0,1"
"58060,0,1"
"58072,0,1"
"58084,0,1"
"58095,0,1"
"58106,0,1"
"58118,0,1"
"58129,0,1"
"58141,0,1"
"58152,0,1"
"58164,0,1"
"58175,0,1"
"58186,0,1"
"58198,0,1"
"58210,0,1"
"58221,0,1"
"58232,0,1"
"58244,0,1"
"58255,0,1"
"58266,0,1"
"58278,0,1"
"58290,0,1"
"58301,0,1"
"58312,0,1"
"58323,0,1"
"58335,0,1"
"58347,0,1"
"58358,0,1"
"58370,0,1"
"58381,0,1"
"58392,0,1"
"58403,0,1"
"58416,0,1"
"58427,0,1"
"58438,0,1"
"58449,0,1"
"58461,0,1"
"58473,0,1"
"58484,0,1"
"58496,0,1"
"58507,0,1"
"58518,0,1"
"58529,0,1"
"58542,0,1"
"58553,0,1"
"58564,0,1"
"58575,0,1"
"58587,0,1"
"58598,0,1"
"58610,0,1"
"58621,0,1"
"58633,0,1"
"58644,0,1"
"58655,0,1"
"58667,0,1"
"58679,0,1"
"58690,0,1"
"58701,1,1"
"58713,1,1"
"58724,1,1"
"58735,1,12"
"58748,1,1"
"58760,1,1"
"58771,1,1"
"58782,1,1"
"58793,1,8"
"58806,1,1"
"58817,1,1"
"58828,1,3"
"58840,0,1"
"58851,0,1"
"58862,0,1"
"58874,0,1"
"58886,0,1"
"58897,0,1"
"58908,0,1"
"58919,0,1"
"58931,0,1"
"58943,0,0"
"58954,0,1"
"58966,0,1"
"58977,0,1"
"58988,0,1"
"58999,0,0"
"59012,0,1"
"59023,0,1"
"59034,0,1"
"59045,0,1"
"59057,0,1"
"59068,0,1"
"59080,0,0"
"59091,0,1"
"59103,0,1"
"59114,0,1"
"59125,0,1"
"59137,0,1"
"59149,0,1"
"59160,0,1"
"59171,0,1"
"59183,0,1"
"59194,0,1"
"59206,0,1"
"59217,0,1"
"59229,0,1"
"59240,0,1"
"59251,0,1"
"59262,0,1"
"59275,0,1"
"59286,0,1"
"59297,0,1"
"59309,0,1"
"59320,0,1"
"59331,0,1"
"59343,0,1"
"59355,0,1"
"59366,0,1"
"59377,0,1"
"59388,0,1"
"59400,0,1"
"59412,0,1"
"59423,0,1"
"59435,0,1"
"59446,0,1"
"59457,0,1"
"59468,0,1"
"59481,0,1"
"59492,0,1"
"59503,0,1"
"59514,0,1"
"59526,0,1"
"59538,0,1"
"59549,0,1"
"59560,0,1"
"59572,0,1"
"59583,0,1"
"59594,0,1"
"59607,0,1"
"59618,0,1"
"59629,0,1"
"59640,0,1"
"59652,0,1"
"59663,0,1"
"59675,0,1"
"59686,0,1"
"59698,0,1"
"59709,0,1"
"59720,0,1"
"59731,0,1"
"59744,0,1"
"59755,0,1"
"59766,0,1"
"59778,0,1"
"59789,0,1"
"59800,0,1"
"59812,0,1"
"59824,1,1"
"59835,1,1"
"59846,1,1"
"59857,1,10"
"59871,1,1"
"59882,1,0"
"59893,1,1"
"59905,1,1"
"59916,1,7"
"59927,1,1"
"59939,1,1"
"59951,1,3"
"59962,0,1"
"59973,0,1"
"59984,0,1"
"59996,0,1"
"60008,0,1"
"60019,0,1"
"60030,0,1"
"60042,0,1"
"60053,0,1"
"60064,0,0"
"60077,0,1"
"60088,0,1"
"60099,0,1"
"60110,0,1"
"60122,0,1"
"60133,0,1"
"60145,0,1"
"60156,0,1"
"60168,0,1"
"60179,0,1"
"60190,0,1"
"60201,0,1"
"60214,0,1"
"60225,0,1"
"60236,0,1"
"60248,0,1"
"60259,0,1"
"60271,0,1"
"60282,0,1"
"60294,0,1"
"60305,0,1"
"60316,0,1"
"60327,0,1"
"60340,0,1"
"60351,0,1"
"60362,0,1"
"60374,0,1"
"60385,0,1"
"60396,0,1"
"60408,0,1"
"60420,0,1"
"60431,0,1"
"60442,0,1"
"60453,0,1"
"60465,0,1"
"60477,0,1"
"60488,0,1"
"60499,0,1"
"60511,0,1"
"60522,0,1"
"60533,0,1"
"60546,0,1"
"60557,0,1"
"60568,0,1"
"60579,0,1"
"60591,0,1"
"60603,0,1"
"60614,0,1"
"60625,0,1"
"60637,0,1"
"60648,0,1"
"60659,0,1"
"60672,0,1"
"60683,0,1"
"60694,0,1"
"60705,0,1"
"60717,0,1"
"60728,0,1"
"60740,0,1"
"60751,0,1"
"60763,0,1"
"60774,0,1"
"60785,0,1"
"60796,0,1"
"60809,0,1"
"60820,0,1"
"60831,0,1"
"60843,0,1"
"60854,0,1"
"60865,0,1"
"60877,0,1"
"60889,0,1"
"60900,0,1"
"60911,0,1"
"60922,0,1"
"60934,0,1"
"60946,1,1"
"60957,1,1"
"60968,1,4"
"60980,1,7"
"60991,1,1"
"61003,1,1"
"61015,1,1"
"61026,1,-1"
"61038,1,8"
"61049,1,1"
"61061,1,1"
"61073,1,0"
"61084,0,1"
"61095,0,1"
"61107,0,1"
"61118,0,1"
"61129,0,1"
"61142,0,1"
"61153,0,1"
"61164,0,1"
"61175,0,1"
"61187,0,0"
"61198,0,1"
"61210,0,1"
"61221,0,1"
"61233,0,1"
"61244,0,1"
"61255,0,1"
"61266,0,1"
"61279,0,1"
"61290,0,1"
"61301,0,1"
"61313,0,0"
"61324,0,1"
"61336,0,1"
"61347,0,1"
"61359,0,1"
"61370,0,1"
"61381,0,1"
"61392,0,1"
"61405,0,1"
"61416,0,1"
"61427,0,1"
"61438,0,1"
"61450,0,1"
"61461,0,1"
"61473,0,1"
"61485,0,1"
"61496,0,1"
"61507,0,1"
"61518,0,1"
"61530,0,1"
"61542,0,1"
"61553,0,1"
"61564,0,1"
"61576,0,1"
"61587,0,1"
"61598,0,1"
"61611,0,1"
"61622,0,1"
"61633,0,1"
"61644,0,1"
"61656,0,1"
"61668,0,1"
"61679,0,1"
"61690,0,1"
"61702,0,1"
"61713,0,1"
"61724,0,1"
"61736,0,1"
"61748,0,1"
"61759,0,1"
"61770,0,1"
"61782,0,1"
"61793,0,1"
"61805,0,1"
"61816,0,1"
"61828,0,1"
"61839,0,1"
"61850,0,1"
"61861,0,1"
"61874,0,1"
"61885,0,1"
"61896,0,1"
"61907,0,1"
"61919,0,1"
"61930,0,1"
"61942,0,1"
"61954,0,1"
"61965,0,1"
"61976,0,1"
"61987,0,1"
"61999,0,1"
"62011,0,1"
"62022,0,1"
"62033,0,1"
"62045,0,1"
"62056,0,1"
"62068,1,1"
"62080,1,1"
"62091,1,7"
"62102,1,2"
"62113,1,0"
"62125,1,5"
"62137,1,1"
"62148,1,1"
"62159,1,10"
"62172,1,1"
"62183,1,1"
"62194,0,1"
"62206,0,1"
"62218,0,1"
"62229,0,1"
"62240,0,1"
"62252,0,1"
"62263,0,1"
"62275,0,1"
"62286,0,1"
"62298,0,1"
"62309,0,0"
"62320,0,1"
"62331,0,1"
"62344,0,1"
"62355,0,1"
"62366,0,-1"
"62379,0,1"
"62390,0,1"
"62402,0,1"
"62413,0,1"
"62425,0,1"
"62436,0,1"
"62447,0,0"
"62458,0,1"
"62471,0,1"
"62482,0,1"
"62493,0,0"
"62504,0,1"
"62516,0,1"
"62527,0,1"
"62539,0,1"
"62551,0,1"
"62562,0,1"
"62573,0,0"
"62584,0,1"
"62596,0,1"
"62608,0,1"
"62619,0,1"
"62630,0,1"
"62642,0,1"
"62653,0,1"
"62664,0,1"
"62676,0,1"
"62688,0,1"
"62699,0,1"
"62710,0,1"
"62722,0,1"
"62734,0,1"
"62745,0,1"
"62756,0,1"
"62768,0,1"
"62779,0,1"
"62790,0,1"
"62802,0,1"
"62814,0,1"
"62825,0,1"
"62836,0,1"
"62848,0,1"
"62859,0,1"
"62871,0,1"
"62882,0,1"
"62894,0,1"
"62905,0,1"
"62916,0,1"
"62927,0,1"
"62940,0,1"
"62951,0,1"
"62962,0,1"
"62973,0,1"
"62985,0,1"
"62996,0,1"
"63008,0,1"
"63020,0,1"
"63031,0,1"
"63042,0,1"
"63053,0,1"
"63066,0,1"
"63077,0,1"
"63088,0,1"
"63099,0,1"
"63111,0,1"
"63122,0,1"
"63134,0,1"
"63145,0,1"
"63157,0,1"
"63168,0,1"
"63179,0,1"
"63191,1,1"
"63203,1,1"
"63214,1,11"
"63226,1,1"
"63238,1,1"
"63249,1,3"
"63260,1,0"
"63272,1,3"
"63284,1,1"
"63295,1,1"
"63306,1,0"
"63318,0,1"
"63329,0,1"
"63341,0,1"
"63352,0,-1"
"63365,0,1"
"63376,0,1"
"63387,0,1"
"63399,0,1"
"63411,0,1"
"63422,0,1"
"63433,0,0"
"63444,0,1"
"63456,0,1"
"63468,0,1"
"63479,0,1"
"63491,0,1"
"63502,0,1"
"63513,0,1"
"63524,0,1"
"63537,0,1"
"63548,0,1"
"63559,0,1"
"63570,0,1"
"63582,0,1"
"63593,0,1"
"63605,0,1"
"63617,0,1"
"63628,0,1"
"63639,0,1"
"63650,0,1"
"63662,0,1"
"63674,0,1"
"63685,0,1"
"63696,0,1"
"63708,0,1"
"63719,0,1"
"63731,0,1"
"63742,0,1"
"63754,0,1"
"63765,0,1"
"63776,0,1"
"63788,0,1"
"63800,0,1"
"63811,0,1"
"63822,0,1"
"63834,0,1"
"63845,0,1"
"63856,0,1"
"63868,0,1"
"63880,0,1"
"63891,0,1"
"63902,0,1"
"63913,0,1"
"63925,0,1"
"63937,0,1"
"63948,0,1"
"63960,0,1"
"63971,0,1"
"63982,0,1"
"63993,0,1"
"64006,0,1"
"64017,0,1"
"64028,0,1"
"64039,0,1"
"64051,0,1"
"64062,0,1"
"64074,0,1"
"64086,0,1"
"64097,0,1"
"64108,0,1"
"64119,0,1"
"64132,0,1"
"64143,0,1"
"64154,0,1"
"64165,0,1"
"64177,0,1"
"64188,0,1"
"64200,0,1"
"64211,0,1"
"64223,0,1"
"64234,0,0"
"64245,0,1"
"64257,0,1"
"64269,0,1"
"64280,0,1"
"64291,0,1"
"64303,0,1"
"64314,1,1"
"64325,1,1"
"64337,1,8"
"64349,1,1"
"64360,1,1"
"64371,1,2"
"64382,1,0"
"64394,1,3"
"64406,1,1"
"64417,1,0"
"64429,1,2"
"64440,0,1"
"64451,0,1"
"64463,0,1"
"64475,0,1"
"64486,0,1"
"64497,0,1"
"64508,0,1"
"64520,0,1"
"64532,0,1"
"64543,0,1"
"64555,0,0"
"64566,0,1"
"64577,0,1"
"64588,0,1"
"64601,0,1"
"64612,0,1"
"64623,0,1"
"64634,0,1"
"64646,0,1"
"64657,0,1"
"64669,0,1"
"64680,0,0"
"64692,0,1"
"64703,0,1"
"64714,0,1"
"64726,0,1"
"64738,0,1"
"64749,0,1"
"64760,0,1"
"64772,0,1"
"64783,0,1"
"64794,0,1"
"64806,0,1"
"64818,0,1"
"64829,0,1"
"64840,0,1"
"64851,0,1"
"64864,0,1"
"64875,0,1"
"64886,0,1"
"64898,0,1"
"64909,0,1"
"64920,0,1"
"64932,0,1"
"64944,0,1"
"64955,0,1"
"64966,0,1"
"64977,0,1"
"64989,0,1"
"65001,0,1"
"65012,0,1"
"65024,0,1"
"65035,0,1"
"65046,0,1"
"65057,0,1"
"65070,0,1"
"65081,0,1"
"65092,0,1"
"65103,0,1"
"65115,0,1"
"65126,0,1"
"65138,0,1"
"65149,0,1"
"65161,0,1"
"65172,0,1"
"65183,0,1"
"65196,0,1"
"65207,0,1"
"65218,0,1"
"65229,0,1"
"65241,0,1"
"65252,0,1"
"65264,0,1"
"65275,0,1"
"65287,0,1"
"65298,0,1"
"65309,0,1"
"65320,0,1"
"65333,0,1"
"65344,0,1"
"65355,0,1"
"65367,0,1"
"65378,0,1"
"65389,0,1"
"65401,0,1"
"65413,0,1"
"65424,0,1"
"65435,1,1"
"65446,1,1"
"65458,1,5"
"65470,1,2"
"65481,1,0"
"65492,1,2"
"65504,1,1"
"65515,1,0"
"65526,1,1"
"65539,1,0"
"65550,1,0"
"65561,0,1"
"65572,0,1"
"65584,0,1"
"65596,0,1"
"65607,0,1"
"65618,0,1"
"65630,0,1"
"65641,0,1"
"65652,0,1"
"65665,0,1"
"65676,0,0"
"65687,0,1"
"65698,0,1"
"65710,0,1"
"65721,0,1"
"65733,0,1"
"65744,0,1"
"65756,0,1"
"65767,0,1"
"65778,0,1"
"65789,0,1"
"65802,0,0"
"65813,0,1"
"65824,0,1"
"65836,0,1"
"65847,0,1"
"65858,0,0"
"65870,0,1"
"65882,0,1"
"65893,0,1"
"65904,0,1"
"65915,0,1"
"65928,0,1"
"65939,0,1"
"65950,0,1"
"65961,0,1"
"65973,0,1"
"65984,0,1"
"65996,0,1"
"66008,0,1"
"66019,0,1"
"66030,0,1"
"66041,0,1"
"66053,0,1"
"66065,0,1"
"66076,0,1"
"66087,0,1"
"66099,0,1"
"66110,0,1"
"66121,0,1"
"66134,0,1"
"66145,0,1"
"66156,0,1"
"66167,0,1"
"66179,0,1"
"66190,0,1"
"66202,0,1"
"66213,0,1"
"66225,0,1"
"66236,0,1"
"66247,0,1"
"66258,0,1"
"66271,0,1"
"66282,0,1"
"66293,0,1"
"66305,0,1"
"66316,0,1"
"66328,0,1"
"66339,0,1"
"66351,0,1"
"66362,0,1"
"66373,0,1"
"66384,0,1"
"66397,0,1"
"66408,0,1"
"66419,0,1"
"66430,0,1"
"66442,0,1"
"66453,0,1"
"66465,0,1"
"66477,0,1"
"66488,0,1"
"66499,0,1"
"66510,0,1"
"66522,0,1"
"66534,0,1"
"66545,0,1"
"66556,1,1"
"66568,1,1"
"66579,1,7"
"66590,1,1"
"66603,1,1"
"66614,1,1"
"66625,1,1"
"66636,1,0"
"66648,1,1"
"66660,1,0"
"66671,1,3"
"66682,0,1"
"66694,0,1"
"66705,0,1"
"66716,0,1"
"66728,0,1"
"66740,0,1"
"66751,0,1"
"66762,0,1"
"66774,0,1"
"66785,0,1"
"66797,0,1"
"66808,0,1"
"66820,0,1"
"66831,0,1"
"66842,0,1"
"66853,0,1"
"66866,0,1"
"66877,0,1"
"66888,0,1"
"66899,0,1"
"66911,0,1"
"66922,0,1"
"66934,0,1"
"66946,0,1"
"66957,0,1"
"66968,0,1"
"66979,0,1"
"66991,0,1"
"67003,0,1"
"67014,0,1"
"67025,0,1"
"67037,0,1"
"67048,0,1"
"67060,0,1"
"67072,0,1"
"67083,0,1"
"67094,0,1"
"67105,0,1"
"67117,0,1"
"67129,0,1"
"67140,0,1"
"67151,0,1"
"67163,0,1"
"67174,0,1"
"67185,0,1"
"67197,0,1"
"67209,0,1"
"67220,0,1"
"67231,0,1"
"67243,0,1"
"67254,0,1"
"67266,0,1"
"67277,0,1"
"67289,0,1"
"67300,0,1"
"67311,0,1"
"67322,0,1"
"67335,0,1"
"67346,0,1"
"67357,0,1"
"67368,0,1"
"67380,0,1"
"67392,0,1"
"67403,0,1"
"67415,0,1"
"67426,0,1"
"67437,0,1"
"67448,0,1"
"67461,0,1"
"67472,0,1"
"67483,0,1"
"67494,0,1"
"67506,0,1"
"67517,0,1"
"67529,0,1"
"67540,0,1"
"67552,0,1"
"67563,0,1"
"67574,0,1"
"67586,0,1"
"67598,0,1"
"67609,0,1"
"67620,0,1"
"67632,0,1"
"67643,0,0"
"67654,0,1"
"67666,0,1"
"67678,1,1"
"67689,1,0"
"67700,1,8"
"67712,1,1"
"67723,1,0"
"67735,1,4"
"67746,1,1"
"67758,1,1"
"67769,1,1"
"67780,1,0"
"67792,1,0"
"67804,0,1"
"67815,0,1"
"67826,0,1"
"67837,0,1"
"67849,0,1"
"67861,0,1"
"67872,0,1"
"67884,0,1"
"67895,0,1"
"67906,0,1"
"67917,0,1"
"67930,0,1"
"67941,0,1"
"67952,0,1"
"67963,0,1"
"67975,0,1"
"67986,0,1"
"67998,0,1"
"68009,0,1"
"68021,0,1"
"68032,0,1"
"68043,0,1"
"68055,0,1"
"68067,0,1"
"68078,0,1"
"68089,0,1"
"68101,0,1"
"68112,0,1"
"68124,0,1"
"68135,0,1"
"68147,0,1"
"68158,0,1"
"68169,0,1"
"68180,0,1"
"68193,0,1"
"68204,0,1"
"68215,0,1"
"68227,0,1"
"68238,0,1"
"68249,0,1"
"68261,0,1"
"68273,0,1"
"68284,0,1"
"68295,0,1"
"68306,0,1"
"68318,0,1"
"68330,0,1"
"68341,0,1"
"68353,0,1"
"68364,0,1"
"68375,0,1"
"68386,0,1"
"68399,0,1"
"68410,0,1"
"68421,0,1"
"68432,0,1"
"68444,0,1"
"68455,0,1"
"68467,0,1"
"68478,0,1"
"68490,0,1"
"68501,0,1"
"68512,0,1"
"68525,0,1"
"68536,0,1"
"68547,0,1"
"68558,0,1"
"68570,0,1"
"68581,0,1"
"68593,0,1"
"68604,0,1"
"68616,0,1"
"68627,0,1"
"68638,0,1"
"68649,0,1"
"68662,0,1"
"68673,0,1"
"68684,0,1"
"68696,0,1"
"68707,0,1"
"68718,0,1"
"68730,0,1"
"68742,0,1"
"68753,0,1"
"68764,0,1"
"68775,0,1"
"68787,0,1"
"68799,1,1"
"68810,1,0"
"68822,1,10"
"68834,1,1"
"68845,1,1"
"68857,1,5"
"68869,1,1"
"68880,1,1"
"68891,1,2"
"68902,1,1"
"68914,1,2"
"68926,0,1"
"68937,0,1"
"68948,0,0"
"68960,0,1"
"68971,0,1"
"68982,0,1"
"68995,0,1"
"69006,0,1"
"69017,0,1"
"69028,0,-1"
"69041,0,1"
"69052,0,1"
"69064,0,1"
"69075,0,1"
"69087,0,0"
"69098,0,1"
"69109,0,1"
"69121,0,1"
"69133,0,1"
"69144,0,1"
"69155,0,1"
"69167,0,-1"
"69179,0,1"
"69191,0,1"
"69202,0,1"
"69214,0,1"
"69225,0,1"
"69236,0,1"
"69248,0,1"
"69260,0,1"
"69271,0,1"
"69282,0,1"
"69294,0,1"
"69305,0,1"
"69316,0,1"
"69328,0,1"
"69340,0,1"
"69351,0,1"
"69362,0,1"
"69373,0,1"
"69385,0,1"
"69397,0,1"
"69408,0,1"
"69420,0,1"
"69431,0,1"
"69442,0,1"
"69453,0,1"
"69466,0,1"
"69477,0,1"
"69488,0,1"
"69499,0,1"
"69511,0,1"
"69523,0,1"
"69534,0,1"
"69545,0,1"
"69557,0,1"
"69568,0,1"
"69579,0,1"
"69592,0,1"
"69603,0,1"
"69614,0,1"
"69625,0,1"
"69637,0,1"
"69648,0,1"
"69660,0,1"
"69671,0,1"
"69683,0,1"
"69694,0,1"
"69705,0,1"
"69716,0,1"
"69729,0,1"
"69740,0,1"
"69751,0,1"
"69763,0,1"
"69774,0,1"
"69785,0,1"
"69797,0,1"
"69809,0,1"
"69820,0,1"
"69831,0,1"
"69842,0,1"
"69855,0,1"
"69866,0,1"
"69877,0,1"
"69889,0,1"
"69900,0,1"
"69911,0,1"
"69923,1,1"
"69935,1,0"
"69946,1,10"
"69958,1,1"
"69969,1,1"
"69981,1,4"
"69993,1,1"
"70004,1,1"
"70016,1,-1"
"70028,1,1"
"70039,1,7"
"70050,0,1"
"70063,0,1"
"70074,0,0"
"70085,0,1"
"70096,0,1"
"70108,0,1"
"70119,0,1"
"70131,0,1"
"70142,0,1"
"70154,0,1"
"70165,0,1"
"70176,0,1"
"70189,0,1"
"70200,0,1"
"70211,0,0"
"70222,0,1"
"70234,0,1"
"70245,0,1"
"70257,0,1"
"70268,0,1"
"70280,0,1"
"70291,0,1"
"70302,0,1"
"70313,0,1"
"70326,0,1"
"70337,0,1"
"70348,0,1"
"70360,0,1"
"70371,0,1"
"70382,0,1"
"70394,0,1"
"70406,0,1"
"70417,0,1"
"70428,0,1"
"70439,0,1"
"70451,0,1"
"70463,0,1"
"70474,0,1"
"70486,0,1"
"70497,0,1"
"70508,0,1"
"70520,0,1"
"70532,0,1"
"70543,0,1"
"70554,0,1"
"70565,0,1"
"70577,0,1"
"70589,0,1"
"70600,0,1"
"70611,0,1"
"70623,0,1"
"70634,0,1"
"70645,0,1"
"70658,0,1"
"70669,0,1"
"70680,0,1"
"70691,0,1"
"70703,0,1"
"70714,0,1"
"70726,0,1"
"70737,0,1"
"70749,0,1"
"70760,0,1"
"70771,0,1"
"70782,0,1"
"70795,0,1"
"70806,0,1"
"70817,0,1"
"70829,0,1"
"70840,0,1"
"70851,0,1"
"70863,0,1"
"70875,0,1"
"70886,0,1"
"70897,0,1"
"70908,0,1"
"70921,0,1"
"70932,0,1"
"70943,0,1"
"70955,0,1"
"70966,0,1"
"70977,0,1"
"70989,0,1"
"71001,0,1"
"71012,0,1"
"71023,0,1"
"71034,1,1"
"71046,1,1"
"71058,1,0"
"71069,1,9"
"71080,1,1"
"71092,1,1"
"71103,1,0"
"71114,1,1"
"71127,1,9"
"71138,1,1"
"71149,1,1"
"71160,1,7"
"71172,0,1"
"71183,0,1"
"71195,0,1"
"71206,0,1"
"71218,0,1"
"71229,0,1"
"71240,0,1"
"71252,0,1"
"71264,0,1"
"71275,0,0"
"71286,0,1"
"71298,0,1"
"71309,0,1"
"71321,0,1"
"71332,0,-1"
"71345,0,1"
"71356,0,1"
"71367,0,1"
"71378,0,1"
"71391,0,1"
"71402,0,1"
"71413,0,1"
"71425,0,1"
"71436,0,1"
"71447,0,1"
"71459,0,1"
"71471,0,1"
"71482,0,1"
"71493,0,1"
"71504,0,1"
"71516,0,1"
"71528,0,1"
"71539,0,1"
"71550,0,1"
"71562,0,1"
"71573,0,1"
"71585,0,1"
"71597,0,1"
"71608,0,1"
"71619,0,1"
"71630,0,1"
"71642,0,1"
"71654,0,1"
"71665,0,1"
"71676,0,1"
"71688,0,1"
"71699,0,1"
"71710,0,1"
"71723,0,1"
"71734,0,1"
"71745,0,1"
"71756,0,1"
"71768,0,1"
"71779,0,1"
"71791,0,1"
"71802,0,1"
"71814,0,1"
"71825,0,1"
"71836,0,1"
"71847,0,1"
"71860,0,1"
"71871,0,1"
"71882,0,1"
"71894,0,1"
"71905,0,1"
"71916,0,1"
"71928,0,1"
"71940,0,1"
"71951,0,1"
"71962,0,1"
"71973,0,1"
"71986,0,1"
"71997,0,1"
"72008,0,1"
"72019,0,1"
"72031,0,1"
"72042,0,1"
"72054,0,1"
"72066,0,1"
"72077,0,1"
"72088,0,1"
"72099,0,1"
"72111,0,1"
"72123,0,1"
"72134,0,1"
"72145,0,1"
"72157,1,1"
"72168,1,1"
"72179,1,1"
"72192,1,8"
"72203,1,1"
"72214,1,1"
"72225,1,1"
"72237,1,4"
"72248,1,4"
"72260,1,1"
"72271,1,1"
"72283,1,1"
"72294,0,1"
"72305,0,1"
"72317,0,1"
"72329,0,1"
"72340,0,1"
"72351,0,1"
"72363,0,1"
"72374,0,1"
"72386,0,1"
"72397,0,0"
"72409,0,1"
"72420,0,1"
"72431,0,1"
"72442,0,1"
"72455,0,0"
"72466,0,1"
"72477,0,1"
"72488,0,1"
"72500,0,1"
"72511,0,1"
"72523,0,0"
"72535,0,1"
"72546,0,1"
"72557,0,1"
"72568,0,1"
"72580,0,0"
"72592,0,1"
"72603,0,1"
"72614,0,1"
"72626,0,1"
"72637,0,1"
"72648,0,1"
"72660,0,1"
"72672,0,1"
"72683,0,1"
"72694,0,1"
"72706,0,1"
"72718,0,1"
"72729,0,1"
"72740,0,1"
"72752,0,1"
"72763,0,1"
"72774,0,1"
"72786,0,1"
"72798,0,1"
"72809,0,1"
"72820,0,1"
"72832,0,1"
"72843,0,1"
"72855,0,1"
"72866,0,1"
"72878,0,1"
"72889,0,1"
"72900,0,1"
"72911,0,1"
"72924,0,1"
"72935,0,1"
"72946,0,1"
"72957,0,1"
"72969,0,1"
"72980,0,1"
"72992,0,1"
"73004,0,1"
"73015,0,1"
"73026,0,1"
"73037,0,1"
"73050,0,1"
"73061,0,1"
"73072,0,1"
"73083,0,1"
"73095,0,1"
"73106,0,1"
"73118,0,1"
"73129,0,1"
"73141,0,1"
"73152,0,1"
"73163,0,1"
"73175,0,1"
"73187,0,1"
"73198,0,1"
"73209,0,1"
"73221,0,1"
"73232,0,1"
"73243,0,1"
"73255,0,1"
"73267,0,1"
"73278,1,1"
"73289,1,1"
"73300,1,1"
"73312,1,7"
"73324,1,1"
"73335,1,1"
"73347,1,1"
"73358,1,0"
"73369,1,5"
"73380,1,1"
"73393,1,1"
"73404,1,1"
"73415,0,1"
"73426,0,1"
"73438,0,1"
"73450,0,1"
"73461,0,1"
"73473,0,1"
"73484,0,1"
"73495,0,1"
"73506,0,1"
"73519,0,0"
"73530,0,1"
"73541,0,1"
"73552,0,1"
"73564,0,1"
"73575,0,1"
"73587,0,1"
"73598,0,1"
"73610,0,1"
"73621,0,1"
"73632,0,1"
"73644,0,1"
"73656,0,1"
"73667,0,1"
"73678,0,1"
"73690,0,1"
"73701,0,1"
"73712,0,1"
"73724,0,1"
"73736,0,1"
"73747,0,1"
"73758,0,1"
"73769,0,1"
"73782,0,1"
"73793,0,1"
"73804,0,1"
"73816,0,1"
"73827,0,1"
"73838,0,1"
"73850,0,1"
"73862,0,1"
"73873,0,1"
"73884,0,1"
"73895,0,1"
"73907,0,1"
"73919,0,1"
"73930,0,1"
"73942,0,1"
"73953,0,1"
"73964,0,1"
"73975,0,1"
"73988,0,1"
"73999,0,1"
"74010,0,1"
"74021,0,1"
"74033,0,1"
"74044,0,1"
"74056,0,1"
"74067,0,1"
"74079,0,1"
"74090,0,1"
"74101,0,1"
"74113,0,1"
"74125,0,1"
"74136,0,1"
"74147,0,1"
"74159,0,1"
"74170,0,1"
"74182,0,1"
"74193,0,1"
"74205,0,1"
"74216,0,1"
"74227,0,1"
"74238,0,1"
"74251,0,1"
"74262,0,1"
"74273,0,1"
"74285,0,1"
"74296,0,1"
"74307,0,1"
"74319,0,1"
"74331,0,1"
"74342,0,1"
"74353,0,1"
"74364,0,1"
"74376,0,1"
"74388,0,1"
"74399,1,1"
"74411,1,1"
"74422,1,0"
"74433,1,5"
"74444,1,1"
"74457,1,1"
"74468,1,1"
"74479,1,0"
"74490,1,5"
"74502,1,1"
"74514,1,1"
"74525,1,4"
"74536,0,1"
"74548,0,1"
"74559,0,1"
"74570,0,1"
"74583,0,1"
"74594,0,1"
"74605,0,1"
"74616,0,1"
"74628,0,1"
"74639,0,1"
"74651,0,1"
"74662,0,1"
"74674,0,1"
"74685,0,1"
"74696,0,1"
"74707,0,1"
"74720,0,1"
"74731,0,1"
"74742,0,1"
"74754,0,1"
"74765,0,1"
"74776,0,1"
"74788,0,1"
"74800,0,1"
"74811,0,1"
"74822,0,1"
"74833,0,1"
"74845,0,1"
"74857,0,1"
"74868,0,1"
"74880,0,1"
"74891,0,1"
"74902,0,1"
"74914,0,1"
"74926,0,1"
"74937,0,1"
"74948,0,1"
"74959,0,1"
"74971,0,1"
"74983,0,1"
"74994,0,1"
"75005,0,1"
"75017,0,1"
"75028,0,1"
"75039,0,1"
"75052,0,1"
"75063,0,1"
"75074,0,1"
"75085,0,1"
"75097,0,1"
"75108,0,1"
"75120,0,1"
"75131,0,1"
"75143,0,1"
"75154,0,1"
"75165,0,1"
"75176,0,1"
"75189,0,1"
"75200,0,1"
"75211,0,1"
"75223,0,1"
"75234,0,1"
"75246,0,1"
"75257,0,1"
"75269,0,1"
"75280,0,1"
"75291,0,1"
"75302,0,1"
"75315,0,1"
"75326,0,1"
"75337,0,1"
"75348,0,1"
"75360,0,1"
"75371,0,1"
"75383,0,1"
"75395,0,1"
"75406,0,1"
"75417,0,1"
"75428,0,1"
"75440,0,1"
"75452,0,1"
"75463,0,1"
"75474,0,1"
"75486,0,1"
"75497,0,1"
"75508,0,1"
"75521,1,1"
"75532,1,1"
"75543,1,0"
"75554,1,3"
"75566,1,2"
"75577,1,0"
"75589,1,1"
"75600,1,1"
"75612,1,9"
"75623,1,1"
"75634,1,1"
"75646,1,0"
"75658,0,1"
"75669,0,1"
"75680,0,1"
"75692,0,1"
"75703,0,1"
"75715,0,1"
"75726,0,1"
"75738,0,1"
"75749,0,1"
"75760,0,1"
"75771,0,1"
"75784,0,1"
"75795,0,1"
"75806,0,1"
"75817,0,0"
"75829,0,0"
"75840,0,1"
"75852,0,1"
"75864,0,1"
"75875,0,1"
"75886,0,0"
"75897,0,1"
"75909,0,1"
"75921,0,1"
"75932,0,1"
"75943,0,1"
"75955,0,1"
"75966,0,1"
"75978,0,1"
"75990,0,1"
"76001,0,1"
"76012,0,1"
"76023,0,1"
"76035,0,1"
"76047,0,1"
"76058,0,1"
"76069,0,1"
"76081,0,1"
"76092,0,1"
"76103,0,1"
"76115,0,1"
"76127,0,1"
"76138,0,1"
"76149,0,1"
"76161,0,1"
"76172,0,1"
"76184,0,1"
"76195,0,1"
"76207,0,1"
"76218,0,1"
"76229,0,1"
"76240,0,1"
"76253,0,1"
"76264,0,1"
"76275,0,1"
"76286,0,1"
"76298,0,1"
"76309,0,1"
"76321,0,1"
"76333,0,1"
"76344,0,1"
"76355,0,1"
"76366,0,1"
"76379,0,1"
"76390,0,1"
"76401,0,1"
"76412,0,1"
"76424,0,1"
"76435,0,1"
"76447,0,1"
"76459,0,1"
"76470,0,1"
"76481,0,1"
"76492,0,1"
"76504,0,1"
"76516,0,1"
"76527,0,1"
"76538,0,1"
"76550,0,1"
"76561,0,1"
"76572,0,1"
"76584,0,1"
"76596,0,1"
"76607,0,1"
"76618,0,1"
"76630,0,1"
"76641,1,1"
"76653,1,1"
"76664,1,1"
"76676,1,5"
"76687,1,1"
"76698,1,1"
"76710,1,1"
"76722,1,3"
"76733,1,4"
"76744,1,0"
"76755,1,1"
"76767,1,1"
"76779,0,1"
"76790,0,1"
"76802,0,1"
"76813,0,1"
"76824,0,1"
"76835,0,1"
"76848,0,1"
"76859,0,1"
"76870,0,1"
"76881,0,1"
"76893,0,1"
"76904,0,1"
"76916,0,1"
"76928,0,1"
"76939,0,1"
"76950,0,0"
"76961,0,1"
"76973,0,1"
"76985,0,1"
"76996,0,1"
"77007,0,1"
"77019,0,1"
"77030,0,1"
"77041,0,1"
"77053,0,1"
"77065,0,1"
"77076,0,1"
"77087,0,1"
"77099,0,1"
"77111,0,1"
"77122,0,1"
"77133,0,1"
"77145,0,1"
"77156,0,1"
"77167,0,0"
"77179,0,1"
"77191,0,1"
"77202,0,1"
"77213,0,1"
"77224,0,1"
"77236,0,1"
"77248,0,0"
"77259,0,1"
"77271,0,1"
"77282,0,1"
"77293,0,1"
"77304,0,1"
"77317,0,1"
"77328,0,1"
"77339,0,1"
"77350,0,1"
"77362,0,1"
"77373,0,1"
"77385,0,1"
"77396,0,1"
"77408,0,1"
"77419,0,1"
"77430,0,0"
"77443,0,1"
"77454,0,1"
"77465,0,1"
"77476,0,1"
"77488,0,1"
"77499,0,1"
"77511,0,1"
"77522,0,1"
"77534,0,1"
"77545,0,1"
"77556,0,1"
"77568,0,1"
"77580,0,1"
"77591,0,1"
"77602,0,1"
"77614,0,1"
"77625,0,1"
"77636,0,1"
"77648,0,1"
"77660,0,1"
"77671,0,1"
"77682,0,1"
"77693,0,1"
"77705,0,1"
"77717,0,1"
"77728,0,1"
"77740,0,1"
"77751,0,1"
"77762,1,1"
"77773,1,1"
"77786,1,1"
"77797,1,7"
"77808,1,1"
"77819,1,1"
"77831,1,1"
"77843,1,2"
"77854,1,5"
"77865,1,1"
"77877,1,1"
"77888,1,3"
"77899,0,1"
"77912,0,1"
"77923,0,1"
"77934,0,1"
"77945,0,1"
"77957,0,1"
"77968,0,1"
"77980,0,1"
"77991,0,1"
"78003,0,1"
"78014,0,0"
"78025,0,1"
"78036,0,1"
"78049,0,1"
"78060,0,1"
"78071,0,1"
"78083,0,1"
"78094,0,1"
"78105,0,1"
"78117,0,1"
"78129,0,1"
"78140,0,1"
"78151,0,1"
"78162,0,1"
"78175,0,1"
"78186,0,1"
"78197,0,1"
"78209,0,1"
"78220,0,1"
"78231,0,1"
"78243,0,1"
"78255,0,1"
"78266,0,1"
"78277,0,1"
"78288,0,1"
"78300,0,1"
"78312,0,1"
"78323,0,1"
"78334,0,1"
"78346,0,1"
"78357,0,1"
"78368,0,1"
"78381,0,1"
"78392,0,1"
"78403,0,1"
"78414,0,1"
"78426,0,1"
"78437,0,1"
"78449,0,1"
"78460,0,1"
"78472,0,1"
"78483,0,1"
"78494,0,1"
"78505,0,1"
"78518,0,1"
"78529,0,1"
"78540,0,1"
"78552,0,1"
"78563,0,1"
"78575,0,1"
"78586,0,1"
"78598,0,1"
"78609,0,1"
"78620,0,1"
"78631,0,1"
"78644,0,1"
"78655,0,1"
"78666,0,1"
"78678,0,1"
"78689,0,1"
"78700,0,1"
"78712,0,1"
"78724,0,1"
"78735,0,1"
"78746,0,1"
"78757,0,1"
"78769,0,1"
"78781,0,1"
"78792,0,1"
"78803,0,1"
"78815,0,1"
"78826,0,1"
"78837,0,1"
"78850,0,1"
"78861,0,1"
"78872,0,1"
"78883,1,1"
"78895,1,1"
"78907,1,1"
"78918,1,8"
"78929,1,1"
"78941,1,1"
"78952,1,-1"
"78964,1,1"
"78977,1,6"
"78988,1,1"
"78999,1,1"
"79010,1,3"
"79022,0,1"
"79033,0,1"
"79045,0,1"
"79056,0,1"
"79068,0,1"
"79079,0,1"
"79090,0,1"
"79101,0,1"
"79114,0,1"
"79125,0,1"
"79136,0,1"
"79148,0,1"
"79159,0,1"
"79170,0,1"
"79182,0,1"
"79194,0,0"
"79205,0,1"
"79216,0,1"
"79227,0,1"
"79240,0,1"
"79251,0,1"
"79262,0,1"
"79273,0,1"
"79285,0,1"
"79296,0,1"
"79308,0,1"
"79320,0,1"
"79331,0,1"
"79342,0,1"
"79353,0,1"
"79365,0,1"
"79377,0,1"
"79388,0,1"
"79399,0,1"
"79411,0,1"
"79422,0,1"
"79433,0,1"
"79446,0,1"
"79457,0,1"
"79468,0,1"
"79479,0,1"
"79491,0,1"
"79502,0,1"
"79514,0,1"
"79525,0,1"
"79537,0,1"
"79548,0,1"
"79559,0,1"
"79570,0,1"
"79583,0,1"
"79594,0,1"
"79605,0,1"
"79617,0,1"
"79628,0,1"
"79640,0,1"
"79651,0,1"
"79663,0,1"
"79674,0,1"
"79685,0,1"
"79696,0,1"
"79709,0,1"
"79720,0,1"
"79731,0,1"
"79742,0,1"
"79754,0,1"
"79765,0,1"
"79777,0,1"
"79789,0,1"
"79800,0,1"
"79811,0,1"
"79822,0,1"
"79834,0,1"
"79846,0,1"
"79857,0,1"
"79868,0,1"
"79880,0,1"
"79891,0,1"
"79902,0,1"
"79915,0,1"
"79926,0,1"
"79937,0,1"
"79948,0,1"
"79960,0,1"
"79972,0,1"
"79983,0,1"
"79994,0,1"
"80006,1,1"
"80017,1,1"
"80028,1,1"
"80040,1,8"
"80052,1,1"
"80063,1,1"
"80074,1,1"
"80086,1,0"
"80097,1,9"
"80109,1,1"
"80120,1,1"
"80132,1,3"
"80143,0,1"
"80154,0,1"
"80165,0,1"
"80178,0,1"
"80189,0,1"
"80200,0,1"
"80211,0,1"
"80223,0,1"
"80234,0,1"
"80246,0,1"
"80258,0,1"
"80269,0,1"
"80280,0,1"
"80291,0,1"
"80303,0,0"
"80315,0,1"
"80326,0,1"
"80337,0,1"
"80349,0,1"
"80360,0,1"
"80372,0,1"
"80384,0,0"
"80395,0,1"
"80406,0,1"
"80417,0,1"
"80429,0,1"
"80441,0,1"
"80452,0,1"
"80463,0,1"
"80475,0,1"
"80486,0,1"
"80497,0,1"
"80509,0,1"
"80521,0,1"
"80532,0,1"
"80543,0,1"
"80555,0,1"
"80566,0,1"
"80578,0,1"
"80589,0,1"
"80601,0,1"
"80612,0,1"
"80623,0,1"
"80634,0,1"
"80647,0,1"
"80658,0,1"
"80669,0,1"
"80680,0,1"
"80692,0,1"
"80704,0,1"
"80715,0,1"
"80727,0,1"
"80738,0,1"
"80749,0,1"
"80760,0,1"
"80773,0,1"
"80784,0,1"
"80795,0,1"
"80806,0,1"
"80818,0,1"
"80829,0,1"
"80841,0,1"
"80852,0,1"
"80864,0,1"
"80875,0,1"
"80886,0,1"
"80898,0,1"
"80910,0,1"
"80921,0,1"
"80932,0,1"
"80944,0,1"
"80955,0,1"
"80966,0,1"
"80978,0,1"
"80990,0,1"
"81001,0,1"
"81012,0,1"
"81024,0,1"
"81035,0,1"
"81047,0,1"
"81058,0,1"
"81070,0,1"
"81081,0,1"
"81092,0,1"
"81104,0,1"
"81116,0,1"
"81127,1,1"
"81138,1,1"
"81149,1,1"
"81161,1,10"
"81174,1,1"
"81185,1,1"
"81197,1,2"
"81208,1,1"
"81219,1,3"
"81230,1,1"
"81243,1,1"
"81254,1,6"
"81265,0,1"
"81276,0,1"
"81288,0,0"
"81299,0,1"
"81311,0,1"
"81323,0,1"
"81334,0,1"
"81345,0,1"
"81356,0,1"
"81368,0,0"
"81380,0,1"
"81391,0,1"
"81402,0,1"
"81414,0,1"
"81425,0,0"
"81437,0,1"
"81448,0,1"
"81460,0,1"
"81471,0,1"
"81482,0,1"
"81494,0,1"
"81506,0,0"
"81517,0,1"
"81528,0,1"
"81540,0,1"
"81551,0,1"
"81562,0,1"
"81574,0,1"
"81586,0,1"
"81597,0,1"
"81608,0,1"
"81619,0,1"
"81631,0,1"
"81643,0,1"
"81654,0,1"
"81666,0,1"
"81677,0,1"
"81688,0,1"
"81699,0,1"
"81712,0,1"
"81723,0,1"
"81734,0,1"
"81745,0,1"
"81757,0,1"
"81769,0,1"
"81780,0,1"
"81792,0,1"
"81803,0,1"
"81814,0,1"
"81825,0,1"
"81838,0,1"
"81849,0,1"
"81860,0,1"
"81871,0,1"
"81883,0,1"
"81894,0,1"
"81906,0,1"
"81917,0,1"
"81929,0,1"
"81940,0,1"
"81951,0,1"
"81963,0,1"
"81975,0,1"
"81986,0,1"
"81997,0,1"
"82009,0,1"
"82020,0,1"
"82031,0,1"
"82043,0,1"
"82055,0,1"
"82066,0,1"
"82077,0,1"
"82088,0,1"
"82100,0,1"
"82112,0,1"
"82123,0,1"
"82135,0,1"
"82146,0,1"
"82157,0,1"
"82169,0,1"
"82181,0,1"
"82192,0,1"
"82203,0,1"
"82214,0,1"
"82226,0,1"
"82238,0,1"
"82249,1,1"
"82260,1,1"
"82272,1,1"
"82283,1,10"
"82295,1,1"
"82308,1,1"
"82319,1,1"
"82330,1,1"
"82341,1,11"
"82354,1,1"
"82365,1,1"
"82377,0,3"
"82388,0,1"
"82400,0,1"
"82411,0,1"
"82422,0,1"
"82435,0,1"
"82446,0,1"
"82457,0,1"
"82468,0,1"
"82480,0,1"
"82491,0,1"
"82503,0,1"
"82514,0,1"
"82526,0,1"
"82537,0,1"
"82548,0,0"
"82560,0,1"
"82572,0,1"
"82583,0,1"
"82594,0,1"
"82606,0,1"
"82617,0,1"
"82628,0,0"
"82640,0,1"
"82652,0,1"
"82663,0,1"
"82674,0,1"
"82685,0,1"
"82697,0,1"
"82709,0,1"
"82720,0,1"
"82732,0,1"
"82743,0,1"
"82754,0,1"
"82765,0,1"
"82778,0,1"
"82789,0,1"
"82800,0,1"
"82811,0,1"
"82823,0,1"
"82835,0,1"
"82846,0,1"
"82857,0,1"
"82869,0,1"
"82880,0,1"
"82891,0,1"
"82904,0,1"
"82915,0,1"
"82926,0,1"
"82937,0,1"
"82949,0,1"
"82960,0,1"
"82972,0,1"
"82983,0,1"
"82995,0,1"
"83006,0,1"
"83017,0,1"
"83028,0,1"
"83041,0,1"
"83052,0,1"
"83063,0,1"
"83075,0,1"
"83086,0,1"
"83097,0,1"
"83109,0,1"
"83121,0,1"
"83132,0,1"
"83143,0,1"
"83154,0,1"
"83167,0,1"
"83178,0,1"
"83189,0,1"
"83201,0,1"
"83212,0,1"
"83223,0,1"
"83235,0,1"
"83247,0,1"
"83258,0,1"
"83269,0,1"
"83280,0,1"
"83292,0,1"
"83304,0,1"
"83315,0,1"
"83326,0,1"
"83338,0,1"
"83349,0,1"
"83360,0,1"
"83373,1,1"
"83384,1,1"
"83395,1,2"
"83406,1,7"
"83418,1,1"
"83429,1,2"
"83441,1,1"
"83452,1,1"
"83464,1,10"
"83476,1,1"
"83487,1,1"
"83500,0,0"
"83511,0,1"
"83522,0,1"
"83533,0,1"
"83545,0,1"
"83556,0,1"
"83568,0,1"
"83579,0,1"
"83591,0,1"
"83602,0,1"
"83613,0,0"
"83624,0,1"
"83637,0,1"
"83648,0,1"
"83659,0,1"
"83671,0,0"
"83682,0,1"
"83693,0,1"
"83705,0,1"
"83717,0,1"
"83728,0,1"
"83739,0,1"
"83750,0,1"
"83762,0,1"
"83774,0,1"
"83785,0,1"
"83796,0,1"
"83808,0,1"
"83819,0,1"
"83830,0,1"
"83843,0,1"
"83854,0,1"
"83865,0,1"
"83876,0,1"
"83888,0,1"
"83900,0,1"
"83911,0,1"
"83922,0,1"
"83934,0,1"
"83945,0,1"
"83956,0,1"
"83969,0,1"
"83980,0,1"
"83991,0,1"
"84002,0,1"
"84014,0,1"
"84025,0,1"
"84037,0,1"
"84048,0,1"
"84060,0,1"
"84071,0,1"
"84082,0,1"
"84093,0,1"
"84106,0,1"
"84117,0,1"
"84128,0,1"
"84140,0,1"
"84151,0,1"
"84162,0,1"
"84174,0,1"
"84186,0,1"
"84197,0,1"
"84208,0,1"
"84219,0,1"
"84232,0,1"
"84243,0,1"
"84254,0,1"
"84265,0,1"
"84277,0,1"
"84288,0,1"
"84300,0,1"
"84312,0,1"
"84323,0,1"
"84334,0,1"
"84345,0,1"
"84357,0,1"
"84369,0,1"
"84380,0,1"
"84391,0,1"
"84403,0,1"
"84414,0,1"
"84425,0,1"
"84438,0,1"
"84449,0,1"
"84460,0,1"
"84471,0,1"
"84483,0,1"
"84494,1,1"
"84506,1,1"
"84517,1,4"
"84529,1,6"
"84540,1,1"
"84551,1,0"
"84562,1,1"
"84575,1,2"
"84586,1,1"
"84597,1,0"
"84609,1,0"
"84620,0,1"
"84632,0,1"
"84643,0,1"
"84655,0,1"
"84666,0,1"
"84677,0,1"
"84688,0,1"
"84701,0,1"
"84712,0,1"
"84723,0,1"
"84734,0,1"
"84746,0,1"
"84757,0,1"
"84769,0,1"
"84781,0,1"
"84792,0,0"
"84803,0,1"
"84814,0,0"
"84826,0,1"
"84838,0,1"
"84849,0,1"
"84860,0,1"
"84872,0,0"
"84883,0,1"
"84894,0,1"
"84907,0,1"
"84918,0,1"
"84929,0,0"
"84940,0,1"
"84952,0,1"
"84964,0,1"
"84975,0,1"
"84986,0,1"
"84998,0,1"
"85009,0,1"
"85020,0,1"
"85032,0,1"
"85044,0,1"
"85055,0,1"
"85066,0,1"
"85078,0,1"
"85089,0,1"
"85101,0,1"
"85112,0,1"
"85124,0,1"
"85135,0,1"
"85146,0,1"
"85157,0,1"
"85170,0,1"
"85181,0,1"
"85192,0,1"
"85203,0,1"
"85215,0,1"
"85226,0,1"
"85238,0,1"
"85250,0,1"
"85261,0,1"
"85272,0,1"
"85283,0,1"
"85295,0,1"
"85307,0,1"
"85318,0,1"
"85329,0,1"
"85341,0,1"
"85352,0,1"
"85364,0,1"
"85376,0,1"
"85387,0,1"
"85398,0,1"
"85409,0,1"
"85421,0,1"
"85433,0,1"
"85444,0,1"
"85455,0,1"
"85467,0,1"
"85478,0,1"
"85489,0,1"
"85501,0,1"
"85513,0,1"
"85524,0,1"
"85535,0,1"
"85547,0,1"
"85558,0,1"
"85570,0,1"
"85581,0,1"
"85593,0,1"
"85604,0,1"
"85615,1,1"
"85626,1,1"
"85639,1,-1"
"85651,1,4"
"85662,1,1"
"85673,1,4"
"85685,1,1"
"85697,1,0"
"85708,1,1"
"85720,1,1"
"85731,1,1"
"85742,0,1"
"85753,0,1"
"85766,0,1"
"85777,0,1"
"85788,0,1"
"85799,0,1"
"85811,0,1"
"85822,0,1"
"85834,0,1"
"85846,0,1"
"85857,0,0"
"85868,0,1"
"85879,0,1"
"85891,0,1"
"85903,0,1"
"85914,0,0"
"85925,0,1"
"85937,0,1"
"85948,0,1"
"85959,0,1"
"85971,0,1"
"85983,0,1"
"85994,0,-1"
"86006,0,1"
"86018,0,1"
"86030,0,1"
"86041,0,0"
"86052,0,0"
"86064,0,1"
"86075,0,1"
"86086,0,1"
"86098,0,1"
"86110,0,1"
"86121,0,1"
"86132,0,1"
"86144,0,1"
"86155,0,1"
"86167,0,1"
"86178,0,1"
"86190,0,1"
"86201,0,1"
"86212,0,1"
"86223,0,1"
"86236,0,1"
"86247,0,1"
"86258,0,1"
"86269,0,1"
"86281,0,1"
"86292,0,1"
"86304,0,1"
"86316,0,1"
"86327,0,1"
"86338,0,1"
"86349,0,1"
"86362,0,1"
"86373,0,1"
"86384,0,1"
"86395,0,1"
"86407,0,1"
"86418,0,1"
"86430,0,1"
"86441,0,1"
"86453,0,1"
"86464,0,1"
"86475,0,1"
"86487,0,1"
"86499,0,1"
"86510,0,1"
"86521,0,1"
"86533,0,1"
"86544,0,1"
"86555,0,1"
"86567,0,1"
"86579,0,1"
"86590,0,1"
"86601,0,1"
"86612,0,1"
"86624,0,1"
"86636,0,1"
"86647,0,1"
"86659,0,1"
"86670,0,1"
"86681,0,1"
"86692,0,1"
"86705,0,1"
"86716,0,1"
"86727,0,1"
"86738,1,1"
"86750,1,1"
"86762,1,7"
"86773,1,0"
"86785,1,1"
"86796,1,4"
"86807,1,1"
"86818,1,1"
"86831,1,0"
"86842,1,1"
"86853,1,2"
"86864,0,1"
"86876,0,1"
"86887,0,1"
"86899,0,1"
"86910,0,1"
"86922,0,1"
"86933,0,1"
"86944,0,1"
"86956,0,1"
"86968,0,1"
"86979,0,0"
"86990,0,1"
"87002,0,1"
"87013,0,1"
"87024,0,1"
"87036,0,0"
"87048,0,1"
"87059,0,1"
"87070,0,1"
"87081,0,1"
"87094,0,1"
"87105,0,1"
"87116,0,1"
"87128,0,1"
"87139,0,1"
"87150,0,1"
"87162,0,1"
"87174,0,1"
"87185,0,1"
"87196,0,1"
"87207,0,1"
"87219,0,1"
"87231,0,1"
"87242,0,1"
"87254,0,1"
"87265,0,1"
"87276,0,1"
"87287,0,1"
"87300,0,1"
"87311,0,1"
"87322,0,0"
"87333,0,1"
"87345,0,1"
"87356,0,1"
"87368,0,1"
"87379,0,1"
"87391,0,1"
"87402,0,1"
"87413,0,1"
"87425,0,1"
"87437,0,1"
"87448,0,1"
"87459,0,1"
"87471,0,1"
"87482,0,1"
"87494,0,1"
"87505,0,1"
"87517,0,1"
"87528,0,1"
"87539,0,1"
"87550,0,1"
"87563,0,1"
"87574,0,1"
"87585,0,1"
"87597,0,1"
"87608,0,1"
"87619,0,1"
"87631,0,1"
"87643,0,1"
"87654,0,1"
"87665,0,1"
"87676,0,1"
"87688,0,1"
"87700,0,1"
"87711,0,1"
"87723,0,1"
"87734,0,1"
"87745,0,1"
"87756,0,1"
"87769,0,1"
"87780,0,1"
"87791,0,1"
"87802,0,1"
"87814,0,1"
"87826,0,1"
"87837,0,1"
"87848,0,1"
"87860,1,1"
"87871,1,1"
"87882,1,7"
"87895,1,1"
"87906,1,0"
"87917,1,5"
"87928,1,1"
"87940,1,1"
"87951,1,4"
"87963,1,1"
"87974,1,1"
"87986,0,1"
"87997,0,1"
"88008,0,1"
"88019,0,1"
"88032,0,1"
"88043,0,1"
"88054,0,1"
"88066,0,1"
"88077,0,1"
"88088,0,1"
"88100,0,1"
"88112,0,1"
"88123,0,1"
"88134,0,1"
"88145,0,1"
"88157,0,1"
"88169,0,1"
"88180,0,1"
"88192,0,1"
"88203,0,1"
"88214,0,1"
"88226,0,1"
"88238,0,1"
"88249,0,1"
"88260,0,1"
"88271,0,1"
"88283,0,1"
"88295,0,1"
"88306,0,1"
"88317,0,1"
"88329,0,1"
"88340,0,1"
"88351,0,1"
"88364,0,1"
"88375,0,1"
"88386,0,1"
"88397,0,1"
"88409,0,1"
"88420,0,1"
"88432,0,1"
"88443,0,1"
"88455,0,1"
"88466,0,1"
"88477,0,1"
"88488,0,1"
"88501,0,1"
"88512,0,1"
"88523,0,1"
"88535,0,1"
"88546,0,1"
"88558,0,1"
"88569,0,1"
"88581,0,1"
"88592,0,1"
"88603,0,1"
"88614,0,1"
"88627,0,1"
"88638,0,1"
"88649,0,1"
"88660,0,1"
"88672,0,1"
"88683,0,1"
"88695,0,1"
"88707,0,1"
"88718,0,1"
"88729,0,1"
"88740,0,1"
"88752,0,1"
"88764,0,1"
"88775,0,1"
"88786,0,1"
"88798,0,1"
"88809,0,1"
"88820,0,1"
"88833,0,1"
"88844,0,1"
"88855,0,1"
"88866,0,1"
"88878,0,1"
"88889,0,1"
"88901,0,1"
"88912,0,1"
"88924,0,1"
"88935,0,1"
"88946,0,1"
"88958,0,1"
"88970,0,1"
"88981,1,1"
"88992,1,1"
"89004,1,10"
"89016,1,1"
"89028,1,1"
"89039,1,3"
"89051,1,1"
"89062,1,1"
"89073,1,0"
"89084,1,1"
"89097,1,5"
"89108,0,1"
"89119,0,1"
"89131,0,1"
"89142,0,1"
"89153,0,1"
"89165,0,1"
"89177,0,1"
"89188,0,1"
"89199,0,1"
"89210,0,1"
"89222,0,0"
"89234,0,1"
"89245,0,1"
"89256,0,1"
"89268,0,1"
"89279,0,1"
"89291,0,0"
"89303,0,1"
"89314,0,1"
"89325,0,1"
"89336,0,1"
"89348,0,0"
"89360,0,1"
"89371,0,1"
"89382,0,1"
"89394,0,1"
"89405,0,1"
"89416,0,1"
"89428,0,1"
"89440,0,1"
"89451,0,1"
"89462,0,1"
"89474,0,1"
"89485,0,1"
"89497,0,1"
"89508,0,1"
"89520,0,1"
"89531,0,1"
"89542,0,1"
"89553,0,1"
"89566,0,1"
"89577,0,1"
"89588,0,1"
"89600,0,1"
"89611,0,1"
"89623,0,1"
"89634,0,1"
"89646,0,1"
"89657,0,1"
"89668,0,1"
"89679,0,1"
"89692,0,1"
"89703,0,1"
"89714,0,1"
"89725,0,1"
"89737,0,1"
"89748,0,1"
"89760,0,1"
"89772,0,1"
"89783,0,1"
"89794,0,1"
"89805,0,1"
"89817,0,1"
"89829,0,1"
"89840,0,1"
"89851,0,1"
"89863,0,1"
"89874,0,1"
"89885,0,1"
"89897,0,1"
"89909,0,1"
"89920,0,1"
"89931,0,1"
"89943,0,1"
"89954,0,1"
"89966,0,1"
"89977,0,1"
"89989,0,1"
"90000,0,1"
"90011,0,1"
"90023,0,1"
"90035,0,1"
"90046,0,1"
"90057,0,1"
"90068,0,1"
"90080,0,1"
"90092,0,1"
"90103,1,1"
"90115,1,1"
"90126,1,9"
"90137,1,1"
"90148,1,1"
"90161,1,8"
"90172,1,1"
"90183,1,1"
"90194,1,6"
"90206,1,1"
"90217,1,1"
"90229,0,1"
"90241,0,1"
"90252,0,1"
"90263,0,1"
"90274,0,1"
"90286,0,1"
"90298,0,1"
"90309,0,1"
"90320,0,1"
"90332,0,-1"
"90344,0,0"
"90356,0,1"
"90368,0,1"
"90379,0,1"
"90390,0,1"
"90401,0,1"
"90413,0,0"
"90425,0,1"
"90436,0,1"
"90447,0,1"
"90459,0,1"
"90470,0,0"
"90481,0,1"
"90493,0,1"
"90505,0,1"
"90516,0,1"
"90527,0,1"
"90539,0,1"
"90550,0,1"
"90562,0,1"
"90573,0,1"
"90585,0,1"
"90596,0,1"
"90607,0,1"
"90618,0,1"
"90631,0,1"
"90642,0,1"
"90653,0,1"
"90664,0,1"
"90676,0,1"
"90688,0,1"
"90699,0,1"
"90711,0,1"
"90722,0,1"
"90733,0,1"
"90744,0,1"
"90757,0,1"
"90768,0,1"
"90779,0,1"
"90790,0,1"
"90802,0,1"
"90813,0,1"
"90825,0,1"
"90836,0,1"
"90848,0,1"
"90859,0,1"
"90870,0,1"
"90882,0,1"
"90894,0,1"
"90905,0,1"
"90916,0,1"
"90928,0,1"
"90939,0,1"
"90950,0,1"
"90962,0,1"
"90974,0,1"
"90985,0,1"
"90996,0,1"
"91008,0,1"
"91019,0,1"
"91031,0,1"
"91042,0,1"
"91054,0,1"
"91065,0,1"
"91076,0,1"
"91088,0,1"
"91100,0,1"
"91111,0,1"
"91122,0,1"
"91133,0,1"
"91145,0,1"
"91157,0,1"
"91168,0,0"
"91180,0,1"
"91191,0,1"
"91202,0,1"
"91213,0,1"
"91226,1,1"
"91237,1,1"
"91248,1,11"
"91260,1,1"
"91272,1,1"
"91283,1,0"
"91295,1,2"
"91307,1,0"
"91318,1,1"
"91329,1,1"
"91340,1,-2"
"91354,0,1"
"91365,0,1"
"91376,0,1"
"91387,0,1"
"91399,0,1"
"91410,0,1"
"91422,0,1"
"91433,0,1"
"91445,0,1"
"91456,0,1"
"91467,0,1"
"91479,0,1"
"91491,0,1"
"91502,0,1"
"91513,0,1"
"91525,0,1"
"91536,0,1"
"91547,0,1"
"91559,0,1"
"91571,0,1"
"91582,0,1"
"91593,0,-1"
"91606,0,1"
"91617,0,1"
"91629,0,1"
"91640,0,1"
"91652,0,1"
"91663,0,1"
"91674,0,1"
"91686,0,1"
"91698,0,1"
"91709,0,1"
"91720,0,1"
"91731,0,1"
"91743,0,1"
"91755,0,1"
"91766,0,1"
"91778,0,1"
"91789,0,1"
"91800,0,1"
"91811,0,1"
"91824,0,1"
"91835,0,1"
"91846,0,1"
"91857,0,1"
"91869,0,1"
"91880,0,1"
"91892,0,1"
"91904,0,1"
"91915,0,1"
"91926,0,1"
"91937,0,1"
"91949,0,1"
"91961,0,1"
"91972,0,1"
"91983,0,1"
"91995,0,1"
"92006,0,1"
"92017,0,1"
"92029,0,1"
"92041,0,1"
"92052,0,1"
"92063,0,1"
"92075,0,1"
"92087,0,1"
"92098,0,1"
"92109,0,1"
"92121,0,1"
"92132,0,1"
"92143,0,1"
"92155,0,1"
"92167,0,1"
"92178,0,1"
"92189,0,1"
"92200,0,1"
"92212,0,1"
"92224,0,1"
"92235,0,1"
"92247,0,1"
"92258,0,1"
"92269,0,1"
"92280,0,1"
"92293,0,1"
"92304,0,1"
"92315,0,1"
"92326,0,1"
"92338,1,1"
"92349,1,1"
"92361,1,1"
"92372,1,9"
"92384,1,1"
"92395,1,1"
"92406,1,1"
"92419,1,2"
"92430,1,4"
"92441,1,1"
"92452,1,1"
"92464,1,-1"
"92476,0,1"
"92488,0,1"
"92499,0,1"
"92511,0,1"
"92522,0,1"
"92533,0,1"
"92545,0,1"
"92557,0,1"
"92568,0,1"
"92579,0,1"
"92591,0,1"
"92602,0,1"
"92613,0,1"
"92625,0,1"
"92637,0,1"
"92648,0,1"
"92659,0,1"
"92670,0,1"
"92682,0,1"
"92694,0,1"
"92705,0,1"
"92717,0,-1"
"92729,0,1"
"92740,0,1"
"92752,0,1"
"92764,0,1"
"92775,0,1"
"92786,0,1"
"92797,0,1"
"92809,0,1"
"92821,0,1"
"92832,0,1"
"92844,0,1"
"92855,0,1"
"92866,0,1"
"92877,0,1"
"92890,0,1"
"92901,0,1"
"92912,0,1"
"92923,0,1"
"92935,0,1"
"92946,0,1"
"92958,0,1"
"92969,0,1"
"92981,0,1"
"92992,0,1"
"93003,0,1"
"93015,0,1"
"93027,0,1"
"93038,0,1"
"93049,0,1"
"93061,0,1"
"93072,0,1"
"93084,0,1"
"93095,0,1"
"93107,0,1"
"93118,0,1"
"93129,0,1"
"93140,0,1"
"93153,0,1"
"93164,0,1"
"93175,0,1"
"93187,0,1"
"93198,0,1"
"93209,0,1"
"93221,0,1"
"93233,0,1"
"93244,0,1"
"93255,0,1"
"93266,0,1"
"93278,0,1"
"93290,0,1"
"93301,0,1"
"93313,0,1"
"93324,0,1"
"93335,0,1"
"93346,0,1"
"93359,0,1"
"93370,0,1"
"93381,0,1"
"93392,0,1"
"93404,0,1"
"93415,0,1"
"93427,0,1"
"93438,0,1"
"93450,0,1"
"93461,1,1"
"93472,1,1"
"93485,1,0"
"93496,1,8"
"93507,1,1"
"93518,1,0"
"93530,1,1"
"93541,1,1"
"93553,1,5"
"93564,1,1"
"93576,1,1"
"93587,1,2"
"93598,0,1"
"93609,0,1"
"93622,0,1"
"93633,0,1"
"93644,0,1"
"93656,0,1"
"93667,0,1"
"93678,0,1"
"93690,0,1"
"93702,0,1"
"93713,0,1"
"93724,0,1"
"93735,0,1"
"93747,0,1"
"93759,0,0"
"93770,0,1"
"93782,0,1"
"93793,0,1"
"93804,0,1"
"93816,0,1"
"93828,0,1"
"93839,0,1"
"93850,0,1"
"93861,0,1"
"93873,0,1"
"93885,0,1"
"93896,0,1"
"93907,0,1"
"93919,0,1"
"93930,0,1"
"93941,0,1"
"93954,0,1"
"93965,0,1"
"93976,0,1"
"93987,0,1"
"93999,0,1"
"94010,0,1"
"94022,0,1"
"94033,0,1"
"94045,0,1"
"94056,0,1"
"94067,0,1"
"94078,0,1"
"94091,0,1"
"94102,0,1"
"94113,0,1"
"94125,0,1"
"94136,0,1"
"94147,0,1"
"94159,0,1"
"94171,0,1"
"94182,0,1"
"94193,0,1"
"94204,0,1"
"94217,0,1"
"94228,0,1"
"94239,0,1"
"94251,0,1"
"94262,0,1"
"94273,0,1"
"94285,0,1"
"94297,0,1"
"94308,0,1"
"94319,0,1"
"94330,0,1"
"94342,0,1"
"94354,0,1"
"94365,0,1"
"94376,0,1"
"94388,0,1"
"94399,0,1"
"94410,0,1"
"94423,0,1"
"94434,0,1"
"94445,0,1"
"94456,0,1"
"94468,0,1"
"94479,0,1"
"94491,0,1"
"94502,0,1"
"94514,0,1"
"94525,0,1"
"94536,0,1"
"94548,0,1"
"94560,0,1"
"94571,0,1"
"94582,1,1"
"94594,1,1"
"94605,1,1"
"94617,1,6"
"94628,1,1"
"94640,1,0"
"94651,1,1"
"94662,1,1"
"94673,1,7"
"94686,1,1"
"94697,1,1"
"94708,1,2"
"94720,0,1"
"94731,0,1"
"94742,0,1"
"94754,0,1"
"94766,0,1"
"94777,0,1"
"94788,0,1"
"94799,0,1"
"94811,0,1"
"94823,0,0"
"94834,0,1"
"94845,0,1"
"94857,0,1"
"94868,0,1"
"94879,0,-1"
"94893,0,1"
"94904,0,1"
"94915,0,1"
"94926,0,1"
"94938,0,1"
"94950,0,1"
"94961,0,0"
"94972,0,1"
"94984,0,1"
"94995,0,1"
"95006,0,1"
"95019,0,1"
"95030,0,1"
"95041,0,1"
"95052,0,1"
"95064,0,1"
"95075,0,1"
"95087,0,1"
"95098,0,1"
"95110,0,1"
"95121,0,1"
"95132,0,1"
"95143,0,1"
"95156,0,1"
"95167,0,1"
"95178,0,1"
"95190,0,1"
"95201,0,1"
"95212,0,1"
"95224,0,1"
"95236,0,1"
"95247,0,1"
"95258,0,1"
"95269,0,1"
"95282,0,1"
"95293,0,1"
"95304,0,1"
"95315,0,1"
"95327,0,1"
"95338,0,1"
"95350,0,1"
"95362,0,1"
"95373,0,1"
"95384,0,1"
"95395,0,1"
"95407,0,1"
"95419,0,1"
"95430,0,1"
"95441,0,1"
"95453,0,1"
"95464,0,1"
"95475,0,1"
"95488,0,1"
"95499,0,1"
"95510,0,1"
"95521,0,1"
"95533,0,1"
"95544,0,1"
"95556,0,1"
"95567,0,1"
"95579,0,1"
"95590,0,1"
"95601,0,1"
"95613,0,1"
"95625,0,1"
"95636,0,1"
"95647,0,1"
"95659,0,1"
"95670,0,1"
"95682,0,1"
"95693,0,1"
"95705,1,1"
"95716,1,1"
"95727,1,3"
"95738,1,4"
"95751,1,0"
"95762,1,1"
"95773,1,1"
"95784,1,1"
"95796,1,9"
"95807,1,1"
"95819,1,1"
"95831,1,2"
"95842,0,1"
"95853,0,1"
"95864,0,1"
"95876,0,1"
"95888,0,1"
"95899,0,1"
"95910,0,1"
"95922,0,1"
"95933,0,1"
"95944,0,1"
"95956,0,1"
"95968,0,1"
"95979,0,1"
"95990,0,1"
"96002,0,0"
"96014,0,0"
"96025,0,1"
"96036,0,1"
"96048,0,1"
"96059,0,1"
"96070,0,-1"
"96083,0,1"
"96095,0,1"
"96106,0,1"
"96117,0,1"
"96129,0,1"
"96140,0,1"
"96152,0,1"
"96163,0,1"
"96175,0,1"
"96186,0,1"
"96197,0,1"
"96208,0,0"
"96221,0,1"
"96232,0,1"
"96243,0,1"
"96254,0,1"
"96266,0,1"
"96277,0,1"
"96289,0,1"
"96301,0,1"
"96312,0,1"
"96323,0,1"
"96334,0,1"
"96347,0,1"
"96358,0,1"
"96369,0,1"
"96380,0,1"
"96392,0,1"
"96403,0,1"
"96415,0,1"
"96427,0,1"
"96438,0,1"
"96449,0,1"
"96460,0,1"
"96472,0,1"
"96484,0,1"
"96495,0,1"
"96506,0,1"
"96518,0,1"
"96529,0,1"
"96540,0,1"
"96552,0,1"
"96564,0,1"
"96575,0,1"
"96586,0,1"
"96598,0,1"
"96609,0,1"
"96621,0,1"
"96632,0,1"
"96644,0,1"
"96655,0,1"
"96666,0,1"
"96678,0,1"
"96690,0,1"
"96701,0,1"
"96712,0,1"
"96723,0,1"
"96735,0,1"
"96747,0,1"
"96758,0,1"
"96770,0,1"
"96781,0,1"
"96792,0,1"
"96803,0,1"
"96816,0,1"
"96827,1,1"
"96838,1,1"
"96849,1,5"
"96861,1,2"
"96872,1,1"
"96884,1,4"
"96896,1,1"
"96907,1,0"
"96918,1,10"
"96930,1,1"
"96942,1,1"
"96954,1,1"
"96965,0,1"
"96976,0,1"
"96988,0,1"
"96999,0,1"
"97011,0,1"
"97022,0,1"
"97034,0,1"
"97045,0,1"
"97056,0,1"
"97068,0,1"
"97080,0,1"
"97091,0,1"
"97102,0,1"
"97114,0,1"
"97125,0,1"
"97136,0,1"
"97148,0,1"
"97160,0,1"
"97171,0,1"
"97182,0,1"
"97193,0,1"
"97205,0,1"
"97217,0,1"
"97228,0,1"
"97240,0,1"
"97251,0,1"
"97262,0,1"
"97273,0,1"
"97286,0,1"
"97297,0,1"
"97308,0,1"
"97319,0,1"
"97331,0,1"
"97342,0,1"
"97354,0,1"
"97366,0,1"
"97377,0,1"
"97388,0,1"
"97399,0,1"
"97412,0,1"
"97423,0,1"
"97434,0,1"
"97445,0,1"
"97457,0,1"
"97468,0,1"
"97480,0,1"
"97491,0,1"
"97503,0,1"
"97514,0,1"
"97525,0,1"
"97537,0,1"
"97549,0,1"
"97560,0,1"
"97571,0,1"
"97583,0,1"
"97594,0,1"
"97605,0,1"
"97617,0,1"
"97629,0,1"
"97640,0,1"
"97651,0,1"
"97662,0,1"
"97674,0,1"
"97686,0,1"
"97697,0,1"
"97709,0,1"
"97720,0,1"
"97731,0,1"
"97743,0,1"
"97755,0,1"
"97766,0,1"
"97777,0,1"
"97788,0,1"
"97800,0,1"
"97812,0,1"
"97823,0,1"
"97835,0,1"
"97846,0,1"
"97857,0,1"
"97868,0,1"
"97881,0,1"
"97892,0,1"
"97903,0,1"
"97914,0,1"
"97926,0,1"
"97937,0,1"
"97949,1,1"
"97960,1,1"
"97972,1,6"
"97983,1,1"
"97994,1,0"
"98006,1,1"
"98018,1,1"
"98029,1,1"
"98040,1,0"
"98052,1,2"
"98063,1,1"
"98074,0,1"
"98086,0,1"
"98098,0,1"
"98109,0,1"
"98120,0,1"
"98131,0,1"
"98144,0,1"
"98155,0,1"
"98166,0,1"
"98178,0,1"
"98189,0,0"
"98200,0,1"
"98212,0,1"
"98224,0,1"
"98235,0,1"
"98246,0,1"
"98257,0,1"
"98269,0,1"
"98281,0,1"
"98292,0,1"
"98304,0,1"
"98315,0,0"
"98326,0,1"
"98337,0,1"
"98350,0,1"
"98361,0,1"
"98372,0,1"
"98383,0,1"
"98395,0,1"
"98406,0,1"
"98418,0,1"
"98429,0,1"
"98441,0,1"
"98452,0,1"
"98463,0,1"
"98476,0,1"
"98487,0,1"
"98498,0,1"
"98509,0,1"
"98521,0,1"
"98532,0,1"
"98544,0,1"
"98555,0,1"
"98567,0,1"
"98578,0,1"
"98589,0,1"
"98600,0,1"
"98613,0,1"
"98624,0,1"
"98635,0,1"
"98647,0,1"
"98658,0,1"
"98669,0,1"
"98681,0,1"
"98693,0,1"
"98704,0,1"
"98715,0,1"
"98726,0,1"
"98738,0,1"
"98750,0,1"
"98761,0,1"
"98772,0,1"
"98784,0,1"
"98795,0,1"
"98806,0,1"
"98819,0,1"
"98830,0,1"
"98841,0,1"
"98852,0,1"
"98864,0,1"
"98876,0,1"
"98887,0,1"
"98898,0,1"
"98910,0,1"
"98921,0,1"
"98932,0,1"
"98945,0,1"
"98956,0,1"
"98967,0,1"
"98978,0,1"
"98990,0,1"
"99001,0,1"
"99013,0,1"
"99024,0,1"
"99036,0,1"
"99047,0,1"
"99058,0,1"
"99069,1,1"
"99082,1,1"
"99093,1,4"
"99104,1,4"
"99116,1,1"
"99127,1,4"
"99138,1,1"
"99150,1,1"
"99162,1,9"
"99173,1,1"
"99184,1,1"
"99195,0,0"
"99208,0,1"
"99219,0,1"
"99230,0,1"
"99241,0,1"
"99253,0,1"
"99264,0,1"
"99276,0,1"
"99288,0,1"
"99299,0,1"
"99310,0,1"
"99321,0,1"
"99333,0,1"
"99345,0,1"
"99356,0,1"
"99367,0,1"
"99379,0,0"
"99390,0,1"
"99401,0,1"
"99414,0,1"
"99425,0,1"
"99436,0,0"
"99447,0,1"
"99459,0,1"
"99470,0,1"
"99482,0,1"
"99493,0,1"
"99505,0,1"
"99516,0,1"
"99527,0,1"
"99538,0,1"
"99551,0,1"
"99562,0,1"
"99573,0,1"
"99585,0,1"
"99596,0,1"
"99608,0,1"
"99619,0,1"
"99631,0,1"
"99642,0,1"
"99653,0,1"
"99664,0,1"
"99677,0,1"
"99688,0,1"
"99699,0,1"
"99710,0,1"
"99722,0,1"
"99733,0,1"
"99745,0,1"
"99757,0,1"
"99768,0,1"
"99779,0,1"
"99790,0,1"
"99802,0,1"
"99814,0,1"
"99825,0,1"
"99836,0,1"
"99848,0,1"
"99859,0,1"
"99870,0,1"
"99883,0,1"
"99894,0,1"
"99905,0,1"
"99916,0,1"
"99928,0,1"
"99940,0,1"
"99951,0,1"
"99962,0,1"
"99974,0,1"
"99985,0,1"
"99996,0,1"
"100008,0,1"
"100021,0,1"
"100033,0,1"
"100045,0,1"
"100058,0,1"
"100070,0,1"
"100083,0,1"
"100096,0,1"
"100108,0,1"
"100120,0,1"
"100132,0,1"
"100146,0,1"
"100158,0,1"
"100170,0,1"
"100183,0,1"
"100195,1,1"
"100208,1,1"
"100220,1,9"
"100233,1,1"
"100245,1,1"
"100257,1,1"
"100270,1,0"
"100283,1,1"
"100295,1,0"
"100307,1,-1"
"100321,0,1"
"100333,0,1"
"100346,0,1"
"100359,0,1"
"100371,0,1"
"100383,0,1"
"100396,0,1"
"100409,0,1"
"100421,0,1"
"100433,0,1"
"100446,0,1"
"100458,0,1"
"100470,0,1"
"100484,0,1"
"100496,0,1"
"100508,0,1"
"100520,0,1"
"100533,0,1"
"100546,0,1"
"100558,0,0"
"100571,0,1"
"100583,0,1"
"100595,0,1"
"100609,0,1"
"100621,0,1"
"100633,0,1"
"100645,0,1"
"100658,0,1"
"100670,0,1"
"100683,0,1"
"100696,0,1"
"100708,0,1"
"100720,0,1"
"100732,0,1"
"100746,0,1"
"100758,0,1"
"100770,0,1"
"100783,0,1"
"100795,0,1"
"100808,0,1"
"100820,0,1"
"100833,0,1"
"100845,0,1"
"100857,0,1"
"100870,0,1"
"100883,0,1"
"100895,0,1"
"100908,0,1"
"100920,0,1"
"100932,0,1"
"100945,0,1"
"100958,0,1"
"100970,0,1"
"100982,0,1"
"100995,0,1"
"101008,0,1"
"101020,0,1"
"101032,0,1"
"101045,0,1"
"101057,0,1"
"101069,0,1"
"101083,0,1"
"101095,0,1"
"101107,0,1"
"101120,0,1"
"101132,0,1"
"101145,0,1"
"101157,0,1"
"101170,0,1"
"101182,0,1"
"101194,0,1"
"101208,0,1"
"101220,0,1"
"101232,0,1"
"101244,0,1"
"101257,0,1"
"101269,0,1"
"101282,0,1"
"101295,0,1"
"101307,0,1"
"101319,1,1"
"101331,1,1"
"101345,1,5"
"101357,1,1"
"101369,1,1"
"101382,1,1"
"101394,1,1"
"101407,1,1"
"101420,1,-1"
"101433,1,1"
"101445,0,0"
"101457,0,1"
"101471,0,1"
"101483,0,1"
"101495,0,1"
"101508,0,1"
"101520,0,1"
"101532,0,1"
"101545,0,1"
"101558,0,1"
"101570,0,1"
"101582,0,1"
"101595,0,1"
"101608,0,1"
"101620,0,1"
"101633,0,1"
"101645,0,1"
"101657,0,1"
"101670,0,1"
"101683,0,-1"
"101696,0,1"
"101708,0,1"
"101721,0,1"
"101733,0,1"
"101746,0,0"
"101758,0,1"
"101771,0,1"
"101783,0,1"
"101795,0,1"
"101809,0,1"
"101821,0,1"
"101833,0,1"
"101846,0,1"
"101858,0,1"
"101871,0,1"
"101883,0,1"
"101896,0,1"
"101908,0,1"
"101920,0,1"
"101933,0,1"
"101946,0,1"
"101958,0,1"
"101970,0,1"
"101983,0,1"
"101995,0,1"
"102008,0,1"
"102021,0,1"
"102033,0,1"
"102045,0,1"
"102057,0,1"
"102071,0,1"
"102083,0,1"
"102095,0,1"
"102108,0,1"
"102120,0,1"
"102132,0,1"
"102146,0,1"
"102158,0,1"
"102170,0,1"
"102182,0,1"
"102195,0,1"
"102208,0,1"
"102220,0,1"
"102233,0,1"
"102245,0,1"
"102257,0,1"
"102270,0,1"
"102283,0,1"
"102295,0,1"
"102307,0,1"
"102320,0,1"
"102332,0,1"
"102345,0,1"
"102358,0,1"
"102370,0,1"
"102382,0,1"
"102394,0,1"
"102408,0,1"
"102420,0,1"
"102432,1,1"
"102445,1,1"
"102457,1,3"
"102470,1,2"
"102482,1,1"
"102495,1,1"
"102507,1,0"
"102519,1,3"
"102532,1,1"
"102545,1,1"
"102557,1,1"
"102569,0,1"
"102582,0,1"
"102594,0,1"
"102607,0,1"
"102620,0,1"
"102632,0,1"
"102644,0,1"
"102657,0,1"
"102670,0,1"
"102682,0,1"
"102694,0,1"
"102707,0,1"
"102719,0,1"
"102731,0,1"
"102745,0,0"
"102757,0,1"
"102769,0,1"
"102781,0,1"
"102794,0,1"
"102807,0,1"
"102819,0,1"
"102832,0,1"
"102844,0,1"
"102856,0,1"
"102870,0,1"
"102882,0,1"
"102894,0,1"
"102906,0,1"
"102919,0,1"
"102931,0,1"
"102944,0,1"
"102957,0,1"
"102969,0,1"
"102981,0,1"
"102993,0,1"
"103007,0,1"
"103019,0,1"
"103031,0,1"
"103044,0,1"
"103056,0,1"
"103069,0,1"
"103081,0,1"
"103094,0,1"
"103106,0,1"
"103118,0,1"
"103131,0,1"
"103144,0,1"
"103156,0,1"
"103169,0,1"
"103181,0,1"
"103193,0,1"
"103206,0,1"
"103219,0,1"
"103231,0,1"
"103243,0,1"
"103256,0,1"
"103269,0,1"
"103281,0,1"
"103293,0,1"
"103306,0,1"
"103318,0,1"
"103330,0,1"
"103344,0,1"
"103356,0,1"
"103368,0,1"
"103380,0,1"
"103393,0,1"
"103406,0,1"
"103418,0,1"
"103431,0,1"
"103443,0,1"
"103455,0,1"
"103469,0,1"
"103481,0,1"
"103493,0,1"
"103505,0,1"
"103518,0,1"
"103530,0,1"
"103543,0,1"
"103556,1,1"
"103568,1,1"
"103580,1,2"
"103592,1,1"
"103606,1,1"
"103618,1,1"
"103630,1,0"
"103643,1,5"
"103655,1,1"
"103668,1,1"
"103681,1,0"
"103693,0,1"
"103705,0,1"
"103717,0,1"
"103730,0,1"
"103743,0,1"
"103755,0,1"
"103768,0,1"
"103780,0,1"
"103792,0,1"
"103805,0,1"
"103818,0,1"
"103830,0,1"
"103842,0,1"
"103855,0,-1"
"103869,0,1"
"103881,0,1"
"103894,0,1"
"103906,0,1"
"103918,0,1"
"103930,0,1"
"103944,0,1"
"103956,0,1"
"103968,0,1"
"103981,0,1"
"103993,0,0"
"104006,0,1"
"104018,0,1"
"104031,0,1"
"104043,0,1"
"104055,0,1"
"104069,0,1"
"104081,0,1"
"104093,0,1"
"104105,0,1"
"104118,0,1"
"104130,0,1"
"104143,0,1"
"104156,0,1"
"104168,0,1"
"104180,0,1"
"104193,0,1"
"104206,0,1"
"104218,0,1"
"104230,0,1"
"104243,0,1"
"104255,0,1"
"104268,0,1"
"104281,0,1"
"104293,0,1"
"104305,0,1"
"104317,0,1"
"104330,0,1"
"104343,0,1"
"104355,0,1"
"104368,0,1"
"104380,0,1"
"104392,0,1"
"104406,0,1"
"104418,0,1"
"104430,0,1"
"104442,0,1"
"104455,0,1"
"104468,0,1"
"104480,0,1"
"104493,0,1"
"104505,0,1"
"104517,0,1"
"104529,0,0"
"104543,0,1"
"104555,0,1"
"104567,0,1"
"104580,0,1"
"104592,0,1"
"104605,0,1"
"104617,0,1"
"104630,0,1"
"104642,0,1"
"104654,0,1"
"104668,0,1"
"104680,1,1"
"104692,1,1"
"104705,1,6"
"104717,1,1"
"104729,1,1"
"104742,1,1"
"104755,1,1"
"104767,1,9"
"104779,1,1"
"104792,1,1"
"104805,0,1"
"104817,0,1"
"104829,0,1"
"104842,0,1"
"104854,0,1"
"104867,0,1"
"104880,0,1"
"104892,0,1"
"104904,0,1"
"104916,0,1"
"104929,0,1"
"104942,0,1"
"104954,0,1"
"104967,0,1"
"104979,0,-1"
"104992,0,1"
"105006,0,1"
"105018,0,1"
"105030,0,1"
"105042,0,1"
"105055,0,0"
"105068,0,1"
"105080,0,1"
"105093,0,1"
"105105,0,1"
"105117,0,1"
"105129,0,1"
"105143,0,1"
"105155,0,1"
"105167,0,1"
"105180,0,1"
"105192,0,1"
"105205,0,1"
"105218,0,1"
"105230,0,1"
"105242,0,1"
"105254,0,1"
"105268,0,1"
"105280,0,1"
"105292,0,1"
"105305,0,1"
"105317,0,1"
"105329,0,1"
"105342,0,1"
"105355,0,1"
"105367,0,1"
"105379,0,1"
"105392,0,1"
"105405,0,1"
"105417,0,1"
"105430,0,1"
"105442,0,1"
"105454,0,1"
"105467,0,1"
"105480,0,1"
"105492,0,1"
"105504,0,1"
"105517,0,1"
"105529,0,1"
"105542,0,1"
"105554,0,1"
"105567,0,1"
"105579,0,1"
"105591,0,1"
"105605,0,1"
"105617,0,1"
"105629,0,1"
"105641,0,1"
"105654,0,1"
"105667,0,1"
"105679,0,1"
"105692,0,1"
"105704,0,1"
"105716,0,1"
"105729,0,1"
"105742,0,1"
"105754,0,1"
"105766,0,1"
"105779,0,1"
"105791,0,1"
"105804,1,1"
"105817,1,1"
"105829,1,7"
"105841,1,1"
"105853,1,5"
"105867,1,1"
"105879,1,0"
"105891,1,3"
"105904,1,0"
"105916,1,7"
"105928,0,1"
"105942,0,1"
"105954,0,1"
"105966,0,1"
"105978,0,1"
"105991,0,1"
"106004,0,1"
"106016,0,1"
"106029,0,1"
"106041,0,0"
"106053,0,1"
"106066,0,1"
"106079,0,1"
"106091,0,1"
"106103,0,1"
"106116,0,1"
"106128,0,1"
"106141,0,1"
"106153,0,1"
"106166,0,1"
"106178,0,1"
"106190,0,1"
"106204,0,1"
"106216,0,1"
"106228,0,1"
"106241,0,1"
"106253,0,1"
"106266,0,1"
"106278,0,1"
"106291,0,1"
"106303,0,1"
"106315,0,1"
"106328,0,1"
"106341,0,1"
"106353,0,1"
"106365,0,1"
"106378,0,1"
"106390,0,1"
"106403,0,1"
"106416,0,1"
"106428,0,1"
"106440,0,1"
"106452,0,1"
"106466,0,1"
"106478,0,1"
"106490,0,1"
"106503,0,1"
"106515,0,1"
"106527,0,1"
"106541,0,1"
"106553,0,1"
"106565,0,1"
"106577,0,1"
"106590,0,1"
"106603,0,1"
"106615,0,1"
"106628,0,1"
"106640,0,1"
"106652,0,1"
"106665,0,1"
"106678,0,1"
"106690,0,1"
"106702,0,1"
"106715,0,1"
"106727,0,1"
"106740,0,1"
"106753,0,1"
"106765,0,1"
"106777,0,1"
"106789,0,1"
"106803,0,1"
"106815,0,1"
"106827,0,1"
"106840,0,1"
"106852,0,1"
"106865,0,1"
"106877,0,1"
"106890,0,1"
"106902,0,1"
"106914,1,1"
"106927,1,1"
"106940,1,1"
"106952,1,9"
"106964,1,1"
"106977,1,2"
"106989,1,1"
"107002,1,-1"
"107016,1,1"
"107028,1,1"
"107040,1,2"
"107053,0,1"
"107066,0,1"
"107078,0,1"
"107090,0,1"
"107103,0,1"
"107115,0,1"
"107128,0,1"
"107141,0,1"
"107153,0,1"
"107165,0,1"
"107177,0,1"
"107190,0,1"
"107203,0,1"
"107215,0,1"
"107228,0,1"
"107240,0,1"
"107252,0,1"
"107266,0,1"
"107278,0,1"
"107290,0,1"
"107302,0,0"
"107315,0,1"
"107328,0,1"
"107340,0,1"
"107353,0,1"
"107365,0,1"
"107377,0,1"
"107389,0,1"
"107403,0,1"
"107415,0,1"
"107427,0,1"
"107440,0,1"
"107452,0,1"
"107465,0,1"
"107478,0,1"
"107490,0,1"
"107502,0,1"
"107514,0,1"
"107528,0,1"
"107540,0,1"
"107552,0,1"
"107565,0,1"
"107577,0,1"
"107589,0,1"
"107602,0,1"
"107615,0,1"
"107627,0,1"
"107639,0,1"
"107652,0,1"
"107665,0,1"
"107677,0,1"
"107689,0,1"
"107702,0,1"
"107714,0,1"
"107727,0,1"
"107740,0,1"
"107752,0,1"
"107764,0,1"
"107777,0,1"
"107789,0,1"
"107802,0,1"
"107814,0,1"
"107827,0,1"
"107839,0,1"
"107851,0,1"
"107865,0,1"
"107877,0,1"
"107889,0,1"
"107901,0,1"
"107914,0,1"
"107927,0,1"
"107939,0,1"
"107952,0,1"
"107964,0,1"
"107976,0,1"
"107988,0,1"
"108002,0,1"
"108014,0,1"
"108026,0,1"
"108039,1,1"
"108051,1,1"
"108064,1,3"
"108077,1,3"
"108089,1,1"
"108101,1,2"
"108113,1,1"
"108127,1,5"
"108139,1,1"
"108151,1,1"
"108164,1,1"
"108176,0,1"
"108188,0,1"
"108201,0,1"
"108214,0,1"
"108226,0,1"
"108238,0,1"
"108251,0,1"
"108264,0,1"
"108276,0,1"
"108289,0,1"
"108301,0,1"
"108313,0,1"
"108326,0,1"
"108339,0,1"
"108351,0,1"
"108363,0,1"
"108376,0,1"
"108388,0,1"
"108401,0,1"
"108413,0,1"
"108426,0,1"
"108438,0,1"
"108450,0,1"
"108464,0,1"
"108476,0,1"
"108488,0,1"
"108500,0,1"
"108513,0,1"
"108526,0,1"
"108538,0,1"
"108551,0,1"
"108563,0,1"
"108575,0,1"
"108588,0,1"
"108601,0,1"
"108613,0,1"
"108625,0,1"
"108638,0,1"
"108650,0,1"
"108663,0,1"
"108676,0,1"
"108688,0,1"
"108700,0,1"
"108712,0,1"
"108726,0,1"
"108738,0,1"
"108750,0,1"
"108763,0,1"
"108775,0,1"
"108787,0,1"
"108801,0,1"
"108813,0,1"
"108825,0,1"
"108837,0,1"
"108850,0,1"
"108863,0,1"
"108875,0,1"
"108888,0,1"
"108900,0,1"
"108912,0,1"
"108925,0,1"
"108938,0,1"
"108950,0,1"
"108962,0,1"
"108975,0,1"
"108987,0,1"
"109000,0,1"
"109012,0,1"
"109025,0,1"
"109037,0,1"
"109049,0,1"
"109063,0,1"
"109075,0,1"
"109087,0,1"
"109100,0,1"
"109112,0,1"
"109125,0,1"
"109137,0,1"
"109150,0,1"
"109162,1,1"
"109174,1,1"
"109187,1,6"
"109200,1,1"
"109212,1,1"
"109224,1,0"
"109237,1,0"
"109249,1,8"
"109262,1,1"
"109275,1,1"
"109287,1,1"
"109299,0,1"
"109312,0,1"
"109325,0,1"
"109337,0,1"
"109349,0,1"
"109362,0,1"
"109374,0,1"
"109386,0,1"
"109400,0,1"
"109412,0,1"
"109424,0,1"
"109436,0,1"
"109449,0,1"
"109462,0,1"
"109474,0,0"
"109487,0,1"
"109499,0,1"
"109511,0,1"
"109524,0,1"
"109537,0,1"
"109549,0,1"
"109561,0,1"
"109574,0,1"
"109586,0,1"
"109599,0,1"
"109612,0,1"
"109624,0,1"
"109636,0,1"
"109648,0,1"
"109662,0,1"
"109674,0,1"
"109686,0,1"
"109699,0,1"
"109711,0,1"
"109724,0,1"
"109736,0,1"
"109749,0,1"
"109761,0,1"
"109773,0,1"
"109786,0,1"
"109799,0,1"
"109811,0,1"
"109824,0,1"
"109836,0,1"
"109848,0,1"
"109861,0,1"
"109874,0,1"
"109886,0,1"
"109898,0,1"
"109911,0,1"
"109924,0,1"
"109936,0,1"
"109948,0,1"
"109961,0,1"
"109973,0,1"
"109985,0,1"
"109999,0,1"
"110011,0,1"
"110023,0,1"
"110035,0,1"
"110048,0,1"
"110061,0,1"
"110073,0,1"
"110086,0,1"
"110098,0,1"
"110110,0,1"
"110124,0,1"
"110136,0,1"
"110148,0,1"
"110160,0,1"
"110173,0,1"
"110185,0,1"
"110198,0,1"
"110211,0,1"
"110223,0,1"
"110235,0,1"
"110247,0,1"
"110261,0,1"
"110273,0,1"
"110285,1,1"
"110298,1,1"
"110310,1,7"
"110323,1,1"
"110336,1,1"
"110348,1,1"
"110360,1,1"
"110372,1,9"
"110385,1,1"
"110398,1,1"
"110410,0,1"
"110423,0,1"
"110435,0,1"
"110447,0,1"
"110460,0,1"
"110473,0,1"
"110485,0,1"
"110497,0,1"
"110510,0,1"
"110523,0,1"
"110535,0,1"
"110547,0,1"
"110560,0,1"
"110572,0,1"
"110584,0,1"
"110598,0,1"
"110610,0,1"
"110622,0,1"
"110635,0,1"
"110647,0,1"
"110660,0,1"
"110672,0,1"
"110685,0,1"
"110697,0,1"
"110709,0,1"
"110723,0,1"
"110735,0,1"
"110747,0,1"
"110759,0,1"
"110772,0,1"
"110784,0,1"
"110797,0,1"
"110810,0,1"
"110822,0,1"
"110834,0,1"
"110846,0,1"
"110860,0,1"
"110872,0,1"
"110884,0,1"
"110897,0,1"
"110909,0,1"
"110922,0,1"
"110935,0,1"
"110947,0,1"
"110959,0,1"
"110971,0,1"
"110984,0,1"
"110997,0,1"
"111009,0,1"
"111022,0,1"
"111034,0,1"
"111046,0,1"
"111059,0,1"
"111072,0,1"
"111084,0,1"
"111096,0,1"
"111109,0,1"
"111122,0,1"
"111134,0,1"
"111147,0,1"
"111159,0,1"
"111171,0,1"
"111183,0,1"
"111197,0,1"
"111209,0,1"
"111221,0,1"
"111234,0,1"
"111246,0,1"
"111259,0,1"
"111271,0,1"
"111284,0,1"
"111296,0,1"
"111308,0,1"
"111322,0,1"
"111334,0,1"
"111346,0,1"
"111358,0,1"
"111371,0,1"
"111383,0,1"
"111396,0,1"
"111409,1,1"
"111421,1,1"
"111433,1,7"
"111446,1,1"
"111459,1,1"
"111471,1,1"
"111483,1,0"
"111496,1,8"
"111508,1,1"
"111521,1,1"
"111534,0,1"
"111546,0,1"
"111558,0,0"
"111570,0,1"
"111583,0,1"
"111596,0,1"
"111608,0,1"
"111621,0,1"
"111633,0,1"
"111645,0,0"
"111659,0,1"
"111671,0,1"
"111683,0,1"
"111695,0,0"
"111708,0,0"
"111721,0,1"
"111733,0,1"
"111746,0,1"
"111758,0,1"
"111770,0,1"
"111782,0,1"
"111796,0,1"
"111808,0,1"
"111820,0,1"
"111833,0,0"
"111845,0,1"
"111858,0,1"
"111870,0,1"
"111883,0,1"
"111895,0,1"
"111907,0,1"
"111921,0,1"
"111933,0,1"
"111945,0,1"
"111958,0,1"
"111970,0,1"
"111982,0,1"
"111995,0,1"
"112008,0,1"
"112020,0,1"
"112032,0,1"
"112045,0,1"
"112058,0,1"
"112070,0,1"
"112082,0,1"
"112095,0,1"
"112107,0,1"
"112120,0,1"
"112133,0,1"
"112145,0,1"
"112157,0,1"
"112169,0,1"
"112182,0,1"
"112195,0,1"
"112207,0,1"
"112220,0,1"
"112232,0,1"
"112244,0,1"
"112258,0,1"
"112270,0,1"
"112282,0,1"
"112294,0,1"
"112307,0,1"
"112320,0,1"
"112332,0,1"
"112345,0,1"
"112357,0,1"
"112369,0,1"
"112381,0,1"
"112395,0,1"
"112407,0,1"
"112419,0,1"
"112432,0,1"
"112444,0,1"
"112457,0,1"
"112470,0,1"
"112482,0,1"
"112494,0,1"
"112506,0,1"
"112520,0,1"
"112532,0,1"
"112544,0,1"
"112557,0,1"
"112569,0,1"
"112581,0,1"
"112594,0,1"
"112607,0,1"
"112619,0,1"
"112631,0,1"
"112644,0,1"
"112657,0,1"
"112669,0,1"
"112681,0,1"
"112694,0,1"
"112706,0,1"
"112719,0,1"
"112732,0,1"
"112744,0,1"
"112756,0,1"
"112769,0,1"
"112781,0,1"
"112794,0,1"
"112806,0,1"
"112819,0,1"
"112831,0,1"
"112843,0,1"
"112857,0,1"
"112869,0,1"
"112881,0,1"
"112893,0,1"
"112906,0,1"
"112919,0,1"
"112931,0,1"
"112944,0,1"
"112956,0,1"
"112968,0,1"
"112980,0,1"
