"time_ms,beat,piezo1,piezo2,piezo3,piezo4"
"1229,1,0"
"1235,0,2"
"1242,0,-1"
"1248,0,1"
"1254,0,1"
"1263,0,1"
"1273,0,0"
"1284,0,1"
"1294,0,1"
"1305,0,1"
"1315,0,1"
"1326,0,1"
"1336,0,1"
"1346,0,1"
"1356,0,1"
"1368,0,1"
"1378,0,1"
"1388,0,1"
"1398,0,1"
"1409,0,1"
"1419,0,1"
"1429,0,1"
"1440,0,1"
"1451,0,1"
"1461,0,1"
"1471,0,1"
"1481,0,1"
"1491,0,1"
"1503,0,1"
"1513,0,1"
"1523,0,1"
"1533,0,1"
"1544,0,1"
"1554,0,1"
"1565,0,1"
"1575,0,1"
"1586,0,1"
"1596,0,1"
"1606,0,1"
"1616,0,1"
"1627,0,1"
"1638,0,0"
"1648,0,1"
"1658,0,1"
"1669,0,1"
"1679,0,1"
"1689,0,1"
"1700,0,1"
"1711,0,1"
"1721,0,1"
"1731,0,1"
"1741,0,1"
"1752,0,1"
"1762,0,1"
"1773,0,1"
"1783,0,1"
"1794,0,1"
"1804,0,1"
"1814,0,1"
"1824,0,1"
"1836,0,1"
"1846,0,1"
"1856,0,0"
"1866,0,1"
"1876,0,1"
"1887,0,1"
"1898,0,1"
"1908,0,1"
"1918,0,1"
"1929,0,1"
"1939,0,1"
"1949,0,1"
"1959,0,1"
"1971,0,1"
"1981,0,1"
"1991,0,1"
"2001,0,1"
"2012,0,1"
"2022,0,1"
"2033,0,1"
"2043,0,1"
"2054,0,1"
"2064,0,1"
"2074,1,1"
"2084,1,0"
"2095,1,1"
"2106,1,0"
"2116,1,2"
"2126,1,7"
"2137,1,1"
"2147,1,1"
"2157,1,9"
"2168,1,1"
"2179,1,1"
"2189,1,5"
"2199,0,1"
"2209,0,1"
"2220,0,1"
"2231,0,1"
"2241,0,1"
"2251,0,1"
"2262,0,1"
"2272,0,1"
"2282,0,1"
"2292,0,1"
"2304,0,3"
"2314,0,1"
"2324,0,1"
"2334,0,1"
"2344,0,1"
"2355,0,0"
"2366,0,1"
"2376,0,1"
"2386,0,1"
"2397,0,0"
"2407,0,1"
"2417,0,1"
"2427,0,-1"
"2440,0,1"
"2450,0,1"
"2460,0,1"
"2470,0,0"
"2481,0,0"
"2491,0,1"
"2502,0,1"
"2512,0,1"
"2523,0,1"
"2533,0,1"
"2543,0,1"
"2553,0,1"
"2565,0,1"
"2575,0,1"
"2585,0,1"
"2595,0,1"
"2606,0,1"
"2616,0,1"
"2626,0,1"
"2637,0,0"
"2648,0,1"
"2658,0,1"
"2668,0,1"
"2678,0,1"
"2689,0,1"
"2700,0,1"
"2710,0,1"
"2720,0,1"
"2731,0,1"
"2741,0,1"
"2751,0,1"
"2762,0,1"
"2772,0,1"
"2783,0,1"
"2793,0,1"
"2803,0,1"
"2813,0,1"
"2824,0,1"
"2835,0,1"
"2845,0,1"
"2855,0,1"
"2866,0,1"
"2876,0,1"
"2886,0,1"
"2897,0,1"
"2908,0,1"
"2918,0,1"
"2928,0,1"
"2938,0,0"
"2949,0,1"
"2959,0,1"
"2970,0,1"
"2980,0,1"
"2991,0,1"
"3001,0,1"
"3011,0,1"
"3021,0,1"
"3033,0,1"
"3043,0,1"
"3053,0,0"
"3063,0,1"
"3074,0,1"
"3084,0,1"
"3095,0,1"
"3105,0,1"
"3116,0,1"
"3126,0,1"
"3136,0,1"
"3146,0,1"
"3156,0,1"
"3168,0,1"
"3178,0,1"
"3188,1,1"
"3198,1,0"
"3209,1,2"
"3219,1,1"
"3230,1,1"
"3240,1,0"
"3251,1,0"
"3261,1,3"
"3271,1,1"
"3281,1,1"
"3292,1,8"
"3303,1,1"
"3313,1,1"
"3323,0,2"
"3334,0,-1"
"3345,0,1"
"3355,0,1"
"3366,0,1"
"3377,0,0"
"3387,0,1"
"3397,0,1"
"3407,0,1"
"3418,0,1"
"3429,0,3"
"3439,0,0"
"3449,0,1"
"3460,0,1"
"3470,0,1"
"3480,0,0"
"3490,0,0"
"3502,0,1"
"3512,0,1"
"3522,0,1"
"3532,0,1"
"3543,0,1"
"3553,0,0"
"3564,0,1"
"3574,0,1"
"3585,0,1"
"3595,0,0"
"3605,0,1"
"3615,0,1"
"3625,0,1"
"3637,0,1"
"3647,0,1"
"3657,0,1"
"3667,0,1"
"3678,0,1"
"3688,0,1"
"3699,0,1"
"3709,0,1"
"3720,0,1"
"3730,0,1"
"3740,0,1"
"3750,0,1"
"3762,0,1"
"3772,0,1"
"3782,0,1"
"3792,0,1"
"3803,0,1"
"3813,0,0"
"3823,0,1"
"3834,0,1"
"3845,0,1"
"3855,0,1"
"3865,0,1"
"3875,0,1"
"3886,0,1"
"3897,0,1"
"3907,0,1"
"3917,0,1"
"3928,0,1"
"3938,0,1"
"3948,0,1"
"3958,0,1"
"3970,0,1"
"3980,0,1"
"3990,0,1"
"4000,0,1"
"4011,0,1"
"4021,0,1"
"4032,0,1"
"4042,0,1"
"4052,0,0"
"4063,0,1"
"4073,0,1"
"4083,0,1"
"4094,0,1"
"4105,0,1"
"4115,0,1"
"4125,0,1"
"4135,0,1"
"4146,0,1"
"4156,0,1"
"4167,0,1"
"4177,0,1"
"4188,0,1"
"4198,0,1"
"4208,0,1"
"4218,0,1"
"4230,0,1"
"4240,0,1"
"4250,0,1"
"4260,0,1"
"4271,0,1"
"4281,0,1"
"4291,0,1"
"4302,0,1"
"4313,1,1"
"4323,1,1"
"4333,1,3"
"4343,1,1"
"4354,1,2"
"4365,1,4"
"4375,1,1"
"4385,1,4"
"4396,1,3"
"4406,1,1"
"4416,1,9"
"4427,1,5"
"4438,0,1"
"4448,0,1"
"4458,0,4"
"4468,0,1"
"4478,0,1"
"4489,0,1"
"4500,0,0"
"4510,0,1"
"4520,0,1"
"4531,0,1"
"4541,0,1"
"4551,0,5"
"4562,0,1"
"4573,0,1"
"4583,0,1"
"4593,0,0"
"4603,0,0"
"4614,0,0"
"4624,0,1"
"4635,0,1"
"4645,0,1"
"4656,0,1"
"4666,0,0"
"4676,0,0"
"4686,0,1"
"4698,0,1"
"4708,0,1"
"4718,0,0"
"4728,0,1"
"4739,0,1"
"4749,0,1"
"4760,0,1"
"4770,0,0"
"4781,0,1"
"4791,0,1"
"4801,0,1"
"4811,0,1"
"4822,0,1"
"4833,0,1"
"4843,0,1"
"4853,0,1"
"4864,0,1"
"4874,0,1"
"4884,0,1"
"4895,0,1"
"4905,0,1"
"4916,0,1"
"4926,0,1"
"4936,0,1"
"4946,0,1"
"4957,0,1"
"4968,0,1"
"4978,0,1"
"4988,0,1"
"4999,0,1"
"5009,0,1"
"5019,0,1"
"5030,0,1"
"5041,0,1"
"5051,0,1"
"5061,0,1"
"5071,0,1"
"5082,0,1"
"5093,0,1"
"5103,0,1"
"5113,0,1"
"5124,0,1"
"5134,0,1"
"5144,0,1"
"5154,0,1"
"5166,0,1"
"5176,0,1"
"5186,0,1"
"5196,0,1"
"5207,0,1"
"5217,0,1"
"5228,0,1"
"5238,0,1"
"5249,0,1"
"5259,0,1"
"5269,0,1"
"5279,0,1"
"5289,0,1"
"5301,0,1"
"5311,0,1"
"5321,0,1"
"5331,0,1"
"5342,0,1"
"5352,0,0"
"5363,0,1"
"5373,0,1"
"5384,0,1"
"5394,0,1"
"5404,0,1"
"5414,0,1"
"5426,0,1"
"5436,1,1"
"5446,1,1"
"5456,1,1"
"5467,1,1"
"5477,1,3"
"5487,1,10"
"5499,1,1"
"5510,1,1"
"5520,1,10"
"5531,1,1"
"5541,1,1"
"5552,1,3"
"5563,0,1"
"5573,0,1"
"5583,0,1"
"5594,0,0"
"5604,0,1"
"5614,0,1"
"5625,0,1"
"5636,0,-1"
"5647,0,1"
"5657,0,1"
"5667,0,2"
"5678,0,1"
"5688,0,1"
"5699,0,1"
"5709,0,1"
"5720,0,0"
"5730,0,1"
"5740,0,1"
"5750,0,1"
"5762,0,1"
"5772,0,1"
"5782,0,1"
"5792,0,0"
"5803,0,1"
"5813,0,1"
"5824,0,1"
"5834,0,0"
"5844,0,1"
"5855,0,1"
"5865,0,1"
"5875,0,1"
"5885,0,1"
"5897,0,1"
"5907,0,1"
"5917,0,1"
"5927,0,1"
"5938,0,1"
"5948,0,1"
"5959,0,1"
"5969,0,1"
"5980,0,1"
"5990,0,1"
"6000,0,1"
"6010,0,1"
"6021,0,1"
"6032,0,1"
"6042,0,1"
"6052,0,1"
"6063,0,1"
"6073,0,1"
"6083,0,1"
"6094,0,1"
"6105,0,1"
"6115,0,1"
"6125,0,1"
"6135,0,1"
"6146,0,1"
"6157,0,1"
"6167,0,1"
"6177,0,1"
"6188,0,0"
"6198,0,1"
"6208,0,1"
"6218,0,1"
"6230,0,1"
"6240,0,1"
"6250,0,1"
"6260,0,1"
"6270,0,1"
"6281,0,1"
"6292,0,1"
"6302,0,1"
"6312,0,1"
"6323,0,1"
"6333,0,1"
"6343,0,1"
"6353,0,1"
"6365,0,1"
"6375,0,1"
"6385,0,1"
"6395,0,1"
"6406,0,1"
"6416,0,1"
"6427,0,1"
"6437,0,1"
"6448,0,1"
"6458,0,1"
"6468,0,1"
"6478,0,1"
"6490,0,1"
"6500,0,1"
"6510,0,1"
"6520,0,1"
"6531,0,1"
"6541,0,1"
"6551,1,1"
"6562,1,1"
"6573,1,3"
"6583,1,1"
"6593,1,1"
"6603,1,0"
"6614,1,1"
"6625,1,0"
"6635,1,1"
"6645,1,1"
"6656,1,7"
"6666,1,1"
"6676,1,1"
"6686,0,2"
"6697,0,1"
"6708,0,1"
"6718,0,1"
"6728,0,1"
"6738,0,1"
"6749,0,0"
"6760,0,1"
"6770,0,1"
"6780,0,1"
"6791,0,4"
"6801,0,1"
"6811,0,1"
"6822,0,1"
"6833,0,1"
"6843,0,0"
"6853,0,0"
"6863,0,1"
"6874,0,1"
"6884,0,1"
"6895,0,1"
"6905,0,1"
"6916,0,1"
"6926,0,1"
"6936,0,1"
"6946,0,1"
"6958,0,1"
"6968,0,1"
"6978,0,1"
"6988,0,1"
"6999,0,1"
"7009,0,1"
"7019,0,1"
"7030,0,1"
"7041,0,1"
"7051,0,1"
"7061,0,1"
"7071,0,1"
"7081,0,1"
"7093,0,1"
"7103,0,1"
"7113,0,1"
"7123,0,1"
"7134,0,0"
"7144,0,1"
"7155,0,1"
"7165,0,1"
"7176,0,1"
"7186,0,1"
"7196,0,1"
"7206,0,1"
"7217,0,1"
"7228,0,1"
"7238,0,1"
"7248,0,1"
"7259,0,1"
"7269,0,1"
"7279,0,1"
"7290,0,1"
"7301,0,1"
"7311,0,1"
"7321,0,1"
"7331,0,1"
"7342,0,1"
"7352,0,1"
"7363,0,1"
"7373,0,1"
"7384,0,1"
"7394,0,1"
"7404,0,1"
"7414,0,1"
"7426,0,1"
"7436,0,1"
"7446,0,1"
"7456,0,1"
"7467,0,1"
"7477,0,1"
"7488,0,1"
"7498,0,1"
"7508,0,1"
"7519,0,1"
"7529,0,1"
"7539,0,1"
"7549,0,1"
"7561,0,1"
"7571,0,1"
"7581,0,1"
"7591,0,1"
"7602,0,1"
"7612,0,1"
"7623,0,1"
"7633,0,1"
"7644,0,1"
"7654,0,1"
"7664,0,1"
"7674,1,1"
"7685,1,1"
"7696,1,2"
"7706,1,1"
"7716,1,1"
"7727,1,1"
"7737,1,2"
"7747,1,-1"
"7759,1,1"
"7770,1,1"
"7780,1,9"
"7790,1,1"
"7800,1,1"
"7811,0,4"
"7822,0,0"
"7832,0,1"
"7842,0,1"
"7853,0,1"
"7863,0,1"
"7873,0,1"
"7883,0,1"
"7895,0,1"
"7905,0,1"
"7915,0,6"
"7925,0,1"
"7936,0,1"
"7946,0,1"
"7957,0,1"
"7967,0,2"
"7977,0,1"
"7988,0,1"
"7998,0,1"
"8008,0,1"
"8018,0,1"
"8030,0,1"
"8040,0,1"
"8050,0,1"
"8060,0,1"
"8071,0,1"
"8081,0,0"
"8092,0,0"
"8102,0,1"
"8113,0,1"
"8123,0,1"
"8133,0,0"
"8143,0,1"
"8155,0,1"
"8165,0,1"
"8175,0,0"
"8185,0,1"
"8196,0,1"
"8206,0,1"
"8216,0,1"
"8227,0,1"
"8238,0,1"
"8248,0,0"
"8258,0,1"
"8268,0,1"
"8279,0,1"
"8290,0,0"
"8300,0,1"
"8310,0,1"
"8321,0,1"
"8331,0,1"
"8341,0,1"
"8351,0,1"
"8363,0,1"
"8373,0,0"
"8383,0,1"
"8393,0,1"
"8403,0,1"
"8414,0,1"
"8425,0,1"
"8435,0,0"
"8445,0,1"
"8456,0,1"
"8466,0,1"
"8476,0,1"
"8487,0,1"
"8498,0,1"
"8508,0,1"
"8518,0,1"
"8528,0,1"
"8539,0,1"
"8549,0,1"
"8560,0,1"
"8570,0,0"
"8581,0,1"
"8591,0,1"
"8601,0,1"
"8611,0,1"
"8623,0,1"
"8633,0,1"
"8643,0,1"
"8653,0,1"
"8664,0,1"
"8674,0,1"
"8684,0,1"
"8695,0,1"
"8706,0,1"
"8716,0,1"
"8726,0,1"
"8736,0,1"
"8747,0,1"
"8758,0,1"
"8768,0,1"
"8778,0,1"
"8788,0,1"
"8799,1,1"
"8809,1,0"
"8820,1,1"
"8830,1,-1"
"8842,1,3"
"8852,1,11"
"8863,1,1"
"8873,1,1"
"8884,1,12"
"8896,1,0"
"8906,1,1"
"8916,1,1"
"8927,0,1"
"8937,0,1"
"8947,0,1"
"8958,0,1"
"8969,0,1"
"8979,0,1"
"8989,0,0"
"8999,0,0"
"9010,0,1"
"9021,0,1"
"9031,0,2"
"9041,0,1"
"9052,0,1"
"9062,0,1"
"9072,0,1"
"9082,0,1"
"9094,0,1"
"9104,0,1"
"9114,0,1"
"9124,0,1"
"9135,0,1"
"9145,0,1"
"9156,0,0"
"9166,0,1"
"9177,0,1"
"9187,0,1"
"9197,0,1"
"9207,0,1"
"9219,0,1"
"9229,0,1"
"9239,0,1"
"9249,0,1"
"9260,0,1"
"9270,0,1"
"9280,0,1"
"9291,0,1"
"9302,0,1"
"9312,0,1"
"9322,0,1"
"9332,0,1"
"9342,0,1"
"9354,0,1"
"9364,0,1"
"9374,0,1"
"9384,0,1"
"9395,0,1"
"9405,0,1"
"9415,0,1"
"9426,0,1"
"9437,0,1"
"9447,0,1"
"9457,0,1"
"9467,0,1"
"9478,0,1"
"9489,0,1"
"9499,0,1"
"9509,0,0"
"9520,0,1"
"9530,0,1"
"9540,0,1"
"9551,0,1"
"9562,0,1"
"9572,0,1"
"9582,0,1"
"9592,0,1"
"9603,0,1"
"9613,0,1"
"9624,0,1"
"9634,0,1"
"9645,0,1"
"9655,0,1"
"9665,0,1"
"9675,0,1"
"9687,0,1"
"9697,0,1"
"9707,0,1"
"9717,0,1"
"9728,0,1"
"9738,0,1"
"9748,0,1"
"9759,0,1"
"9769,0,1"
"9780,0,1"
"9790,0,1"
"9800,0,1"
"9810,0,1"
"9822,0,1"
"9832,0,1"
"9842,0,1"
"9852,0,1"
"9863,0,1"
"9873,0,1"
"9884,0,1"
"9894,0,0"
"9905,0,1"
"9915,1,1"
"9925,1,0"
"9935,1,2"
"9946,1,1"
"9957,1,1"
"9967,1,2"
"9977,1,2"
"9988,1,2"
"9998,1,1"
"10008,1,0"
"10020,1,9"
"10032,1,4"
"10043,1,1"
"10054,0,1"
"10065,0,1"
"10077,0,1"
"10089,0,1"
"10100,0,1"
"10112,0,1"
"10123,0,1"
"10134,0,1"
"10145,0,1"
"10158,0,3"
"10169,0,1"
"10180,0,1"
"10191,0,1"
"10203,0,1"
"10214,0,1"
"10226,0,1"
"10237,0,1"
"10249,0,1"
"10260,0,1"
"10271,0,1"
"10284,0,1"
"10295,0,1"
"10306,0,1"
"10317,0,1"
"10329,0,1"
"10340,0,1"
"10352,0,1"
"10363,0,1"
"10375,0,1"
"10386,0,1"
"10397,0,1"
"10408,0,0"
"10421,0,1"
"10432,0,0"
"10443,0,1"
"10455,0,1"
"10466,0,1"
"10477,0,1"
"10489,0,1"
"10501,0,1"
"10512,0,1"
"10523,0,1"
"10534,0,1"
"10546,0,1"
"10558,0,1"
"10569,0,1"
"10580,0,1"
"10592,0,1"
"10603,0,1"
"10614,0,1"
"10627,0,1"
"10638,0,1"
"10649,0,1"
"10660,0,1"
"10672,0,1"
"10684,0,1"
"10695,0,1"
"10706,0,1"
"10718,0,1"
"10729,0,1"
"10740,0,1"
"10753,0,1"
"10764,0,1"
"10775,0,1"
"10786,0,1"
"10798,0,1"
"10809,0,1"
"10821,0,1"
"10832,0,1"
"10844,0,1"
"10855,0,1"
"10866,0,1"
"10877,0,1"
"10890,0,1"
"10901,0,1"
"10912,0,1"
"10924,0,1"
"10935,0,1"
"10946,0,1"
"10958,0,1"
"10970,0,1"
"10981,0,1"
"10992,0,1"
"11003,0,1"
"11016,0,1"
"11027,0,1"
"11038,1,1"
"11049,1,1"
"11061,1,1"
"11072,1,0"
"11084,1,4"
"11096,1,9"
"11107,1,1"
"11118,1,1"
"11129,1,-1"
"11142,1,8"
"11154,1,6"
"11165,1,1"
"11176,0,1"
"11188,0,1"
"11199,0,0"
"11210,0,1"
"11223,0,1"
"11234,0,1"
"11245,0,1"
"11256,0,1"
"11268,0,1"
"11279,0,3"
"11291,0,1"
"11302,0,1"
"11314,0,1"
"11325,0,1"
"11336,0,0"
"11348,0,1"
"11360,0,1"
"11371,0,1"
"11382,0,1"
"11394,0,1"
"11405,0,0"
"11417,0,1"
"11428,0,1"
"11440,0,1"
"11451,0,1"
"11462,0,1"
"11473,0,1"
"11486,0,-1"
"11498,0,1"
"11509,0,0"
"11521,0,1"
"11532,0,1"
"11543,0,1"
"11555,0,1"
"11567,0,1"
"11578,0,1"
"11589,0,1"
"11600,0,1"
"11612,0,1"
"11624,0,1"
"11635,0,1"
"11646,0,1"
"11658,0,1"
"11669,0,1"
"11681,0,1"
"11693,0,1"
"11704,0,1"
"11715,0,1"
"11726,0,1"
"11738,0,1"
"11750,0,1"
"11761,0,1"
"11772,0,1"
"11784,0,1"
"11795,0,1"
"11806,0,1"
"11819,0,1"
"11830,0,1"
"11841,0,1"
"11852,0,1"
"11864,0,1"
"11875,0,1"
"11887,0,1"
"11898,0,1"
"11910,0,1"
"11921,0,1"
"11932,0,1"
"11943,0,1"
"11956,0,1"
"11967,0,1"
"11978,0,1"
"11990,0,1"
"12001,0,1"
"12012,0,1"
"12024,0,1"
"12036,0,1"
"12047,0,1"
"12058,0,1"
"12069,0,1"
"12082,0,1"
"12093,0,1"
"12104,0,1"
"12115,0,1"
"12127,0,0"
"12138,0,1"
"12150,0,0"
"12162,1,1"
"12173,1,1"
"12184,1,0"
"12195,1,1"
"12207,1,4"
"12219,1,8"
"12230,1,1"
"12241,1,1"
"12253,1,0"
"12264,1,8"
"12275,1,2"
"12288,0,1"
"12299,0,1"
"12310,0,3"
"12321,0,2"
"12333,0,1"
"12344,0,1"
"12356,0,1"
"12367,0,1"
"12379,0,1"
"12390,0,1"
"12401,0,3"
"12413,0,1"
"12425,0,1"
"12436,0,1"
"12447,0,1"
"12459,0,-1"
"12471,0,1"
"12483,0,1"
"12494,0,1"
"12506,0,1"
"12517,0,1"
"12528,0,1"
"12539,0,1"
"12552,0,1"
"12563,0,1"
"12574,0,1"
"12585,0,1"
"12597,0,1"
"12608,0,-1"
"12621,0,1"
"12633,0,1"
"12644,0,1"
"12655,0,1"
"12666,0,1"
"12678,0,1"
"12690,0,1"
"12701,0,1"
"12712,0,1"
"12724,0,1"
"12735,0,1"
"12747,0,1"
"12759,0,1"
"12770,0,1"
"12781,0,1"
"12792,0,1"
"12804,0,1"
"12816,0,1"
"12827,0,1"
"12838,0,1"
"12850,0,1"
"12861,0,1"
"12872,0,1"
"12884,0,1"
"12896,0,1"
"12907,0,1"
"12918,0,1"
"12930,0,1"
"12941,0,1"
"12953,0,1"
"12964,0,1"
"12976,0,1"
"12987,0,1"
"12998,0,1"
"13009,0,1"
"13022,0,1"
"13033,0,1"
"13044,0,1"
"13056,0,1"
"13067,0,1"
"13079,0,1"
"13090,0,1"
"13102,0,1"
"13113,0,1"
"13124,0,1"
"13135,0,1"
"13148,0,1"
"13159,0,1"
"13170,0,1"
"13181,0,1"
"13193,0,1"
"13204,0,1"
"13216,0,1"
"13228,0,1"
"13239,0,1"
"13250,0,1"
"13261,0,1"
"13273,0,1"
"13285,1,1"
"13296,1,1"
"13307,1,1"
"13319,1,1"
"13330,1,2"
"13341,1,1"
"13353,1,3"
"13365,1,1"
"13376,1,1"
"13387,1,2"
"13399,1,6"
"13410,0,1"
"13422,0,1"
"13433,0,1"
"13445,0,1"
"13456,0,1"
"13467,0,0"
"13479,0,1"
"13491,0,1"
"13502,0,1"
"13513,0,0"
"13524,0,2"
"13536,0,1"
"13548,0,1"
"13559,0,1"
"13571,0,0"
"13582,0,1"
"13593,0,1"
"13604,0,1"
"13617,0,1"
"13628,0,1"
"13639,0,1"
"13650,0,1"
"13662,0,1"
"13673,0,1"
"13685,0,0"
"13697,0,1"
"13708,0,1"
"13719,0,1"
"13730,0,0"
"13742,0,1"
"13754,0,1"
"13765,0,1"
"13776,0,1"
"13788,0,0"
"13799,0,1"
"13811,0,1"
"13822,0,1"
"13834,0,1"
"13845,0,1"
"13856,0,1"
"13868,0,1"
"13880,0,1"
"13891,0,1"
"13902,0,1"
"13914,0,1"
"13925,0,1"
"13936,0,1"
"13948,0,1"
"13960,0,1"
"13971,0,1"
"13982,0,1"
"13993,0,1"
"14005,0,1"
"14017,0,1"
"14028,0,1"
"14040,0,1"
"14051,0,1"
"14062,0,1"
"14073,0,1"
"14086,0,1"
"14097,0,1"
"14108,0,1"
"14119,0,1"
"14131,0,1"
"14142,0,1"
"14154,0,1"
"14166,0,1"
"14177,0,1"
"14188,0,1"
"14199,0,1"
"14212,0,1"
"14223,0,1"
"14234,0,1"
"14245,0,1"
"14257,0,1"
"14268,0,1"
"14280,0,1"
"14291,0,1"
"14303,0,1"
"14314,0,1"
"14325,0,1"
"14337,0,1"
"14349,0,1"
"14360,0,1"
"14371,0,1"
"14383,0,1"
"14394,0,1"
"14405,1,1"
"14417,1,0"
"14429,1,1"
"14440,1,1"
"14451,1,2"
"14462,1,1"
"14474,1,3"
"14486,1,0"
"14497,1,1"
"14509,1,1"
"14520,1,7"
"14531,0,0"
"14543,0,1"
"14555,0,1"
"14566,0,1"
"14577,0,1"
"14588,0,0"
"14600,0,1"
"14612,0,1"
"14623,0,1"
"14635,0,0"
"14646,0,-1"
"14658,0,1"
"14669,0,1"
"14682,0,1"
"14693,0,1"
"14704,0,0"
"14715,0,1"
"14727,0,1"
"14738,0,1"
"14750,0,1"
"14761,0,-1"
"14774,0,1"
"14785,0,1"
"14796,0,1"
"14808,0,0"
"14820,0,1"
"14831,0,1"
"14842,0,1"
"14854,0,1"
"14865,0,1"
"14877,0,1"
"14888,0,1"
"14900,0,1"
"14911,0,0"
"14922,0,1"
"14934,0,1"
"14946,0,1"
"14957,0,1"
"14968,0,1"
"14980,0,1"
"14991,0,1"
"15002,0,1"
"15014,0,1"
"15026,0,1"
"15037,0,1"
"15048,0,1"
"15059,0,1"
"15071,0,1"
"15083,0,1"
"15094,0,1"
"15106,0,1"
"15117,0,1"
"15128,0,1"
"15139,0,1"
"15152,0,1"
"15163,0,1"
"15174,0,1"
"15185,0,1"
"15197,0,1"
"15209,0,1"
"15220,0,1"
"15232,0,1"
"15243,0,1"
"15254,0,1"
"15265,0,1"
"15278,0,1"
"15289,0,1"
"15300,0,1"
"15311,0,1"
"15323,0,1"
"15334,0,1"
"15346,0,1"
"15357,0,1"
"15369,0,1"
"15380,0,1"
"15391,0,1"
"15403,0,1"
"15415,0,1"
"15426,0,1"
"15437,0,1"
"15449,0,1"
"15460,0,1"
"15471,0,1"
"15483,0,1"
"15495,0,1"
"15506,0,1"
"15517,0,1"
"15528,1,1"
"15540,1,1"
"15552,1,1"
"15563,1,0"
"15575,1,0"
"15586,1,-1"
"15598,1,4"
"15610,1,1"
"15622,1,1"
"15633,1,1"
"15644,1,1"
"15655,0,1"
"15667,0,3"
"15679,0,2"
"15690,0,1"
"15702,0,1"
"15713,0,1"
"15724,0,1"
"15735,0,1"
"15748,0,1"
"15759,0,0"
"15770,0,0"
"15781,0,1"
"15793,0,1"
"15804,0,1"
"15816,0,0"
"15827,0,1"
"15839,0,1"
"15850,0,1"
"15861,0,1"
"15873,0,1"
"15885,0,-1"
"15897,0,1"
"15908,0,1"
"15920,0,1"
"15931,0,1"
"15943,0,1"
"15954,0,1"
"15966,0,1"
"15977,0,0"
"15988,0,1"
"16000,0,1"
"16012,0,1"
"16023,0,1"
"16034,0,1"
"16046,0,1"
"16057,0,1"
"16068,0,1"
"16080,0,1"
"16092,0,1"
"16103,0,0"
"16114,0,1"
"16125,0,1"
"16137,0,1"
"16149,0,1"
"16160,0,1"
"16172,0,1"
"16183,0,1"
"16194,0,1"
"16205,0,1"
"16218,0,1"
"16229,0,1"
"16240,0,1"
"16251,0,1"
"16263,0,1"
"16275,0,1"
"16286,0,1"
"16297,0,1"
"16309,0,1"
"16320,0,1"
"16331,0,1"
"16344,0,1"
"16355,0,1"
"16366,0,1"
"16377,0,1"
"16389,0,1"
"16400,0,1"
"16412,0,1"
"16423,0,1"
"16435,0,1"
"16446,0,1"
"16457,0,1"
"16468,0,1"
"16481,0,1"
"16492,0,1"
"16503,0,1"
"16515,0,1"
"16526,0,1"
"16537,0,1"
"16549,0,1"
"16561,0,1"
"16572,0,1"
"16583,0,1"
"16594,0,1"
"16607,0,1"
"16618,0,1"
"16629,0,1"
"16641,0,1"
"16652,1,1"
"16663,1,-1"
"16676,1,1"
"16688,1,2"
"16699,1,5"
"16710,1,1"
"16721,1,1"
"16733,1,2"
"16745,1,2"
"16756,1,1"
"16768,1,1"
"16779,0,2"
"16790,0,2"
"16801,0,2"
"16814,0,1"
"16825,0,1"
"16836,0,1"
"16847,0,1"
"16859,0,1"
"16870,0,1"
"16882,0,4"
"16893,0,1"
"16905,0,1"
"16916,0,1"
"16927,0,1"
"16940,0,-1"
"16952,0,1"
"16963,0,1"
"16974,0,1"
"16986,0,1"
"16997,0,1"
"17009,0,1"
"17020,0,1"
"17032,0,1"
"17043,0,1"
"17054,0,1"
"17065,0,1"
"17078,0,1"
"17089,0,1"
"17100,0,0"
"17112,0,1"
"17123,0,1"
"17134,0,1"
"17146,0,1"
"17158,0,1"
"17169,0,1"
"17180,0,1"
"17191,0,1"
"17203,0,1"
"17215,0,1"
"17226,0,1"
"17238,0,1"
"17249,0,1"
"17260,0,1"
"17272,0,1"
"17284,0,1"
"17295,0,1"
"17306,0,1"
"17317,0,1"
"17329,0,1"
"17341,0,0"
"17352,0,1"
"17363,0,1"
"17375,0,1"
"17386,0,1"
"17397,0,1"
"17410,0,1"
"17421,0,1"
"17432,0,1"
"17443,0,1"
"17455,0,1"
"17466,0,1"
"17478,0,1"
"17489,0,1"
"17501,0,1"
"17512,0,1"
"17523,0,1"
"17534,0,1"
"17547,0,1"
"17558,0,1"
"17569,0,1"
"17581,0,0"
"17592,0,1"
"17603,0,1"
"17615,0,1"
"17627,0,1"
"17638,0,1"
"17649,0,1"
"17660,0,1"
"17673,0,1"
"17684,0,1"
"17695,0,1"
"17707,0,1"
"17718,0,1"
"17729,0,1"
"17741,0,1"
"17753,0,1"
"17764,1,1"
"17775,1,1"
"17786,1,1"
"17798,1,1"
"17810,1,1"
"17821,1,8"
"17832,1,1"
"17844,1,1"
"17855,1,1"
"17866,1,6"
"17879,1,0"
"17890,1,1"
"17901,0,1"
"17912,0,1"
"17924,0,4"
"17935,0,1"
"17947,0,1"
"17958,0,1"
"17970,0,1"
"17981,0,1"
"17992,0,1"
"18004,0,3"
"18016,0,1"
"18027,0,1"
"18038,0,1"
"18050,0,1"
"18061,0,1"
"18073,0,1"
"18084,0,1"
"18096,0,1"
"18107,0,1"
"18118,0,1"
"18129,0,0"
"18142,0,1"
"18153,0,1"
"18164,0,1"
"18176,0,1"
"18187,0,1"
"18198,0,1"
"18210,0,1"
"18222,0,0"
"18233,0,1"
"18244,0,1"
"18255,0,1"
"18267,0,1"
"18279,0,1"
"18290,0,1"
"18301,0,1"
"18313,0,1"
"18324,0,1"
"18335,0,1"
"18348,0,1"
"18359,0,1"
"18370,0,1"
"18381,0,1"
"18393,0,1"
"18405,0,1"
"18416,0,1"
"18427,0,1"
"18439,0,1"
"18450,0,1"
"18461,0,1"
"18473,0,1"
"18485,0,1"
"18496,0,0"
"18507,0,1"
"18519,0,1"
"18530,0,1"
"18542,0,1"
"18553,0,1"
"18565,0,1"
"18576,0,1"
"18587,0,1"
"18598,0,1"
"18611,0,1"
"18622,0,0"
"18633,0,1"
"18644,0,1"
"18656,0,1"
"18667,0,1"
"18679,0,1"
"18691,0,1"
"18702,0,1"
"18713,0,1"
"18724,0,1"
"18737,0,1"
"18748,0,1"
"18759,0,1"
"18770,0,1"
"18782,0,1"
"18793,0,1"
"18805,0,1"
"18817,0,1"
"18828,0,1"
"18839,0,1"
"18850,0,1"
"18862,0,1"
"18874,0,1"
"18885,1,1"
"18896,1,1"
"18908,1,1"
"18919,1,1"
"18930,1,2"
"18942,1,7"
"18954,1,1"
"18965,1,1"
"18976,1,1"
"18988,1,9"
"18999,1,8"
"19011,1,1"
"19022,0,1"
"19034,0,1"
"19045,0,8"
"19056,0,0"
"19067,0,1"
"19080,0,1"
"19091,0,1"
"19102,0,1"
"19113,0,1"
"19125,0,0"
"19137,0,1"
"19148,0,1"
"19160,0,1"
"19171,0,1"
"19182,0,2"
"19193,0,1"
"19206,0,1"
"19217,0,1"
"19228,0,1"
"19239,0,1"
"19251,0,1"
"19262,0,0"
"19274,0,1"
"19286,0,1"
"19297,0,1"
"19308,0,1"
"19319,0,1"
"19331,0,1"
"19343,0,1"
"19354,0,1"
"19365,0,1"
"19377,0,1"
"19388,0,1"
"19399,0,1"
"19411,0,1"
"19423,0,1"
"19434,0,1"
"19445,0,1"
"19457,0,1"
"19469,0,1"
"19480,0,1"
"19491,0,1"
"19503,0,1"
"19514,0,1"
"19525,0,1"
"19537,0,1"
"19549,0,1"
"19560,0,1"
"19571,0,1"
"19582,0,1"
"19594,0,1"
"19606,0,1"
"19617,0,1"
"19629,0,1"
"19640,0,1"
"19651,0,1"
"19662,0,1"
"19675,0,1"
"19686,0,1"
"19697,0,1"
"19708,0,1"
"19720,0,1"
"19731,0,1"
"19743,0,1"
"19755,0,1"
"19766,0,1"
"19777,0,1"
"19788,0,1"
"19800,0,1"
"19812,0,1"
"19823,0,1"
"19834,0,1"
"19846,0,1"
"19857,0,1"
"19869,0,1"
"19880,0,1"
"19892,0,1"
"19903,0,1"
"19914,0,1"
"19926,0,1"
"19938,0,1"
"19949,0,1"
"19960,0,1"
"19972,0,1"
"19983,0,1"
"19994,0,1"
"20006,1,1"
"20018,1,1"
"20029,1,1"
"20040,1,1"
"20051,1,0"
"20063,1,6"
"20075,1,1"
"20086,1,1"
"20098,1,5"
"20109,1,2"
"20120,1,1"
"20131,1,1"
"20144,0,0"
"20155,0,-1"
"20167,0,3"
"20178,0,1"
"20190,0,1"
"20202,0,1"
"20213,0,1"
"20225,0,1"
"20236,0,1"
"20247,0,5"
"20258,0,1"
"20271,0,1"
"20282,0,1"
"20293,0,-1"
"20305,0,2"
"20317,0,1"
"20328,0,1"
"20340,0,-1"
"20353,0,1"
"20364,0,1"
"20375,0,0"
"20386,0,1"
"20398,0,1"
"20410,0,1"
"20421,0,1"
"20432,0,1"
"20444,0,1"
"20455,0,1"
"20467,0,1"
"20478,0,1"
"20490,0,1"
"20501,0,1"
"20512,0,1"
"20524,0,1"
"20536,0,1"
"20547,0,1"
"20558,0,1"
"20570,0,1"
"20581,0,1"
"20592,0,1"
"20604,0,1"
"20616,0,1"
"20627,0,1"
"20638,0,1"
"20649,0,1"
"20661,0,1"
"20673,0,1"
"20684,0,1"
"20696,0,1"
"20707,0,1"
"20718,0,1"
"20729,0,1"
"20742,0,1"
"20753,0,1"
"20764,0,1"
"20775,0,1"
"20787,0,1"
"20798,0,1"
"20810,0,1"
"20822,0,1"
"20833,0,1"
"20844,0,1"
"20855,0,1"
"20868,0,1"
"20879,0,1"
"20890,0,1"
"20901,0,1"
"20913,0,1"
"20924,0,1"
"20936,0,1"
"20947,0,1"
"20959,0,1"
"20970,0,1"
"20981,0,0"
"20993,0,1"
"21005,0,1"
"21016,0,1"
"21027,0,1"
"21039,0,0"
"21050,0,1"
"21061,0,1"
"21073,0,1"
"21085,0,1"
"21096,0,1"
"21107,0,1"
"21118,0,0"
"21130,1,1"
"21142,1,1"
"21153,1,1"
"21165,1,1"
"21176,1,2"
"21187,1,9"
"21199,1,1"
"21211,1,1"
"21222,1,0"
"21233,1,10"
"21245,1,4"
"21257,1,1"
"21269,0,1"
"21280,0,0"
"21292,0,3"
"21303,0,1"
"21314,0,1"
"21325,0,1"
"21338,0,1"
"21349,0,1"
"21360,0,1"
"21371,0,3"
"21383,0,2"
"21394,0,1"
"21406,0,1"
"21417,0,3"
"21429,0,2"
"21440,0,1"
"21451,0,1"
"21463,0,1"
"21475,0,1"
"21486,0,1"
"21497,0,0"
"21509,0,1"
"21520,0,1"
"21532,0,1"
"21543,0,0"
"21555,0,1"
"21566,0,1"
"21577,0,1"
"21588,0,1"
"21601,0,0"
"21612,0,1"
"21623,0,1"
"21635,0,-1"
"21647,0,1"
"21658,0,1"
"21670,0,1"
"21682,0,1"
"21693,0,1"
"21704,0,1"
"21715,0,1"
"21727,0,1"
"21739,0,1"
"21750,0,1"
"21762,0,1"
"21773,0,1"
"21784,0,1"
"21795,0,1"
"21808,0,1"
"21819,0,1"
"21830,0,1"
"21841,0,1"
"21853,0,1"
"21865,0,1"
"21876,0,1"
"21888,0,1"
"21899,0,1"
"21910,0,1"
"21921,0,1"
"21934,0,1"
"21945,0,1"
"21956,0,0"
"21967,0,1"
"21979,0,1"
"21990,0,1"
"22002,0,1"
"22013,0,1"
"22025,0,1"
"22036,0,1"
"22047,0,1"
"22059,0,1"
"22071,0,1"
"22082,0,1"
"22093,0,1"
"22105,0,1"
"22116,0,1"
"22127,0,1"
"22139,0,1"
"22151,0,1"
"22162,0,1"
"22173,0,1"
"22184,0,1"
"22196,0,1"
"22208,0,1"
"22219,0,1"
"22231,0,1"
"22242,0,1"
"22253,1,1"
"22265,1,1"
"22277,1,1"
"22288,1,1"
"22299,1,3"
"22310,1,0"
"22322,1,3"
"22334,1,1"
"22345,1,1"
"22356,1,11"
"22369,1,8"
"22380,0,1"
"22391,0,1"
"22404,0,1"
"22415,0,1"
"22426,0,1"
"22437,0,1"
"22449,0,0"
"22460,0,1"
"22472,0,1"
"22483,0,1"
"22495,0,2"
"22506,0,1"
"22517,0,1"
"22529,0,1"
"22541,0,1"
"22552,0,0"
"22563,0,1"
"22575,0,1"
"22586,0,1"
"22598,0,1"
"22609,0,0"
"22621,0,0"
"22632,0,1"
"22643,0,1"
"22654,0,-1"
"22668,0,1"
"22679,0,1"
"22690,0,1"
"22702,0,1"
"22713,0,1"
"22724,0,1"
"22736,0,1"
"22748,0,1"
"22759,0,0"
"22770,0,1"
"22781,0,1"
"22793,0,1"
"22805,0,1"
"22816,0,1"
"22828,0,1"
"22839,0,1"
"22850,0,1"
"22861,0,1"
"22874,0,1"
"22885,0,1"
"22896,0,1"
"22907,0,1"
"22919,0,1"
"22931,0,1"
"22942,0,1"
"22953,0,0"
"22965,0,1"
"22976,0,1"
"22987,0,1"
"23000,0,1"
"23011,0,1"
"23022,0,1"
"23033,0,1"
"23045,0,1"
"23056,0,1"
"23068,0,1"
"23079,0,1"
"23091,0,1"
"23102,0,1"
"23113,0,1"
"23124,0,1"
"23137,0,1"
"23148,0,1"
"23159,0,0"
"23171,0,1"
"23182,0,1"
"23193,0,1"
"23205,0,1"
"23217,0,1"
"23228,0,1"
"23239,0,1"
"23250,0,1"
"23263,0,1"
"23274,0,1"
"23285,0,1"
"23297,0,1"
"23308,0,1"
"23319,0,1"
"23331,0,1"
"23343,0,1"
"23354,0,1"
"23365,0,1"
"23376,1,1"
"23388,1,1"
"23400,1,1"
"23411,1,0"
"23422,1,4"
"23434,1,4"
"23445,1,3"
"23456,1,1"
"23469,1,1"
"23480,1,17"
"23492,1,10"
"23504,0,1"
"23516,0,1"
"23527,0,1"
"23539,0,1"
"23550,0,1"
"23562,0,1"
"23573,0,3"
"23584,0,1"
"23597,0,1"
"23608,0,2"
"23619,0,4"
"23630,0,1"
"23642,0,1"
"23653,0,1"
"23665,0,2"
"23676,0,-1"
"23689,0,1"
"23700,0,0"
"23711,0,1"
"23723,0,1"
"23735,0,0"
"23746,0,1"
"23757,0,1"
"23769,0,1"
"23780,0,0"
"23791,0,0"
"23803,0,1"
"23815,0,1"
"23826,0,0"
"23837,0,0"
"23848,0,1"
"23860,0,1"
"23872,0,0"
"23883,0,1"
"23895,0,1"
"23906,0,1"
"23917,0,1"
"23929,0,1"
"23941,0,1"
"23952,0,1"
"23963,0,1"
"23974,0,1"
"23986,0,1"
"23998,0,1"
"24009,0,1"
"24020,0,1"
"24032,0,1"
"24043,0,1"
"24054,0,1"
"24067,0,1"
"24078,0,1"
"24089,0,1"
"24100,0,1"
"24112,0,1"
"24123,0,1"
"24135,0,1"
"24146,0,1"
"24158,0,1"
"24169,0,1"
"24180,0,1"
"24192,0,1"
"24204,0,1"
"24215,0,1"
"24226,0,1"
"24238,0,0"
"24249,0,1"
"24261,0,1"
"24272,0,1"
"24284,0,1"
"24295,0,1"
"24306,0,1"
"24317,0,1"
"24330,0,1"
"24341,0,1"
"24352,0,1"
"24364,0,1"
"24375,0,1"
"24386,0,1"
"24398,0,1"
"24410,0,1"
"24421,0,1"
"24432,0,1"
"24443,0,1"
"24455,0,1"
"24467,0,1"
"24478,0,1"
"24489,1,1"
"24501,1,1"
"24512,1,1"
"24523,1,1"
"24536,1,2"
"24547,1,3"
"24558,1,1"
"24569,1,4"
"24581,1,5"
"24592,1,1"
"24604,1,1"
"24615,1,0"
"24627,0,-1"
"24639,0,1"
"24650,0,1"
"24663,0,1"
"24674,0,1"
"24685,0,1"
"24696,0,2"
"24708,0,1"
"24719,0,1"
"24731,0,5"
"24742,0,1"
"24754,0,1"
"24765,0,1"
"24776,0,1"
"24787,0,2"
"24800,0,0"
"24811,0,1"
"24822,0,1"
"24834,0,1"
"24845,0,1"
"24856,0,0"
"24868,0,1"
"24880,0,1"
"24891,0,1"
"24902,0,1"
"24913,0,0"
"24925,0,1"
"24937,0,1"
"24948,0,1"
"24960,0,1"
"24971,0,1"
"24982,0,1"
"24994,0,0"
"25006,0,1"
"25017,0,1"
"25028,0,1"
"25039,0,1"
"25051,0,1"
"25063,0,1"
"25074,0,1"
"25085,0,1"
"25097,0,1"
"25108,0,1"
"25119,0,1"
"25132,0,1"
"25143,0,1"
"25154,0,1"
"25165,0,1"
"25177,0,1"
"25188,0,1"
"25200,0,1"
"25211,0,1"
"25223,0,1"
"25234,0,1"
"25245,0,1"
"25256,0,1"
"25269,0,1"
"25280,0,1"
"25291,0,1"
"25303,0,1"
"25314,0,0"
"25326,0,1"
"25337,0,1"
"25349,0,1"
"25360,0,1"
"25371,0,1"
"25382,0,1"
"25395,0,1"
"25406,0,1"
"25417,0,1"
"25428,0,1"
"25440,0,1"
"25451,0,1"
"25463,0,1"
"25475,0,1"
"25486,0,1"
"25497,0,1"
"25508,0,1"
"25520,0,1"
"25532,0,1"
"25543,0,1"
"25554,0,1"
"25566,0,1"
"25577,0,1"
"25588,0,1"
"25601,0,1"
"25612,1,1"
"25623,1,1"
"25634,1,4"
"25646,1,1"
"25657,1,4"
"25669,1,3"
"25680,1,1"
"25692,1,-1"
"25704,1,5"
"25715,1,8"
"25728,1,1"
"25739,1,1"
"25750,0,2"
"25761,0,3"
"25773,0,2"
"25784,0,1"
"25796,0,1"
"25807,0,1"
"25819,0,0"
"25830,0,1"
"25841,0,1"
"25852,0,6"
"25865,0,1"
"25876,0,1"
"25887,0,1"
"25899,0,1"
"25910,0,0"
"25921,0,1"
"25933,0,1"
"25945,0,1"
"25956,0,1"
"25967,0,1"
"25978,0,0"
"25990,0,1"
"26002,0,1"
"26013,0,1"
"26024,0,1"
"26036,0,1"
"26047,0,1"
"26059,0,1"
"26071,0,1"
"26082,0,1"
"26093,0,1"
"26104,0,1"
"26116,0,1"
"26128,0,1"
"26139,0,1"
"26150,0,1"
"26162,0,1"
"26173,0,1"
"26184,0,1"
"26196,0,1"
"26208,0,1"
"26219,0,1"
"26230,0,1"
"26242,0,1"
"26253,0,1"
"26265,0,1"
"26276,0,1"
"26288,0,1"
"26299,0,1"
"26310,0,1"
"26321,0,1"
"26334,0,1"
"26345,0,1"
"26356,0,1"
"26368,0,1"
"26379,0,1"
"26391,0,1"
"26402,0,1"
"26414,0,1"
"26425,0,1"
"26436,0,1"
"26447,0,1"
"26460,0,1"
"26471,0,1"
"26482,0,1"
"26493,0,1"
"26505,0,1"
"26516,0,1"
"26528,0,1"
"26540,0,1"
"26551,0,1"
"26562,0,1"
"26573,0,1"
"26585,0,1"
"26597,0,1"
"26608,0,1"
"26619,0,1"
"26631,0,1"
"26642,0,1"
"26653,0,0"
"26665,0,1"
"26677,0,1"
"26688,0,1"
"26699,0,1"
"26711,0,1"
"26722,0,1"
"26734,1,1"
"26745,1,1"
"26757,1,3"
"26768,1,1"
"26779,1,10"
"26792,1,12"
"26805,1,1"
"26816,1,1"
"26827,1,1"
"26839,1,18"
"26851,1,10"
"26864,0,1"
"26875,0,1"
"26887,0,1"
"26898,0,1"
"26909,0,1"
"26920,0,1"
"26933,0,0"
"26944,0,1"
"26955,0,1"
"26967,0,1"
"26978,0,4"
"26990,0,1"
"27001,0,1"
"27013,0,1"
"27024,0,1"
"27035,0,1"
"27046,0,1"
"27059,0,1"
"27070,0,1"
"27081,0,1"
"27092,0,-1"
"27105,0,0"
"27116,0,1"
"27128,0,1"
"27140,0,1"
"27151,0,2"
"27162,0,1"
"27173,0,1"
"27185,0,1"
"27197,0,1"
"27208,0,1"
"27219,0,1"
"27231,0,1"
"27242,0,1"
"27253,0,1"
"27266,0,1"
"27277,0,1"
"27288,0,1"
"27299,0,1"
"27311,0,1"
"27323,0,1"
"27334,0,1"
"27345,0,1"
"27357,0,1"
"27368,0,1"
"27379,0,1"
"27392,0,0"
"27403,0,1"
"27414,0,1"
"27425,0,1"
"27437,0,1"
"27448,0,1"
"27460,0,1"
"27471,0,1"
"27483,0,1"
"27494,0,1"
"27505,0,1"
"27516,0,1"
"27529,0,1"
"27540,0,1"
"27551,0,1"
"27563,0,1"
"27574,0,1"
"27585,0,1"
"27597,0,1"
"27609,0,1"
"27620,0,1"
"27631,0,1"
"27642,0,1"
"27654,0,1"
"27666,0,1"
"27677,0,1"
"27688,0,1"
"27700,0,1"
"27711,0,1"
"27723,0,1"
"27735,0,1"
"27746,0,1"
"27757,0,1"
"27768,0,1"
"27780,0,1"
"27792,0,1"
"27803,0,1"
"27814,0,1"
"27826,0,1"
"27837,0,1"
"27848,0,1"
"27860,1,1"
"27872,1,1"
"27883,1,1"
"27894,1,1"
"27906,1,8"
"27917,1,4"
"27929,1,3"
"27940,1,1"
"27952,1,1"
"27963,1,12"
"27975,1,7"
"27986,0,1"
"27999,0,1"
"28010,0,1"
"28021,0,1"
"28033,0,1"
"28044,0,1"
"28056,0,0"
"28067,0,1"
"28079,0,1"
"28090,0,1"
"28101,0,3"
"28112,0,1"
"28125,0,1"
"28136,0,1"
"28147,0,2"
"28158,0,-1"
"28171,0,1"
"28182,0,1"
"28194,0,1"
"28206,0,1"
"28217,0,0"
"28228,0,0"
"28239,0,1"
"28251,0,1"
"28263,0,0"
"28274,0,0"
"28285,0,1"
"28297,0,1"
"28308,0,1"
"28319,0,1"
"28332,0,1"
"28343,0,1"
"28354,0,1"
"28365,0,1"
"28377,0,1"
"28389,0,1"
"28400,0,1"
"28411,0,1"
"28423,0,1"
"28434,0,1"
"28445,0,0"
"28457,0,1"
"28469,0,0"
"28480,0,1"
"28491,0,1"
"28503,0,1"
"28514,0,1"
"28526,0,1"
"28537,0,1"
"28549,0,1"
"28560,0,1"
"28571,0,1"
"28582,0,1"
"28595,0,1"
"28606,0,1"
"28617,0,1"
"28628,0,1"
"28640,0,1"
"28651,0,1"
"28663,0,1"
"28675,0,1"
"28686,0,1"
"28697,0,1"
"28708,0,1"
"28721,0,1"
"28732,0,1"
"28743,0,1"
"28754,0,1"
"28766,0,1"
"28777,0,1"
"28789,0,0"
"28801,0,1"
"28812,0,1"
"28823,0,1"
"28834,0,1"
"28846,0,1"
"28858,0,1"
"28869,0,1"
"28880,0,1"
"28892,0,1"
"28903,0,1"
"28914,0,1"
"28926,0,1"
"28938,0,1"
"28949,0,1"
"28960,0,1"
"28972,0,1"
"28983,1,1"
"28995,1,1"
"29006,1,1"
"29018,1,1"
"29029,1,2"
"29040,1,1"
"29051,1,7"
"29064,1,1"
"29075,1,1"
"29086,1,4"
"29097,1,5"
"29109,0,0"
"29121,0,1"
"29132,0,1"
"29144,0,1"
"29155,0,1"
"29166,0,1"
"29177,0,0"
"29190,0,1"
"29201,0,1"
"29212,0,0"
"29223,0,3"
"29235,0,1"
"29246,0,1"
"29258,0,1"
"29270,0,2"
"29281,0,0"
"29292,0,1"
"29303,0,0"
"29315,0,1"
"29327,0,1"
"29338,0,1"
"29349,0,0"
"29361,0,1"
"29372,0,1"
"29383,0,1"
"29395,0,1"
"29407,0,1"
"29418,0,1"
"29429,0,1"
"29441,0,1"
"29453,0,1"
"29464,0,1"
"29475,0,1"
"29487,0,1"
"29498,0,1"
"29509,0,1"
"29521,0,1"
"29533,0,1"
"29544,0,1"
"29555,0,1"
"29566,0,1"
"29578,0,1"
"29590,0,1"
"29601,0,1"
"29613,0,1"
"29624,0,1"
"29635,0,1"
"29646,0,0"
"29659,0,1"
"29670,0,1"
"29681,0,1"
"29692,0,1"
"29704,0,1"
"29715,0,1"
"29727,0,1"
"29739,0,1"
"29750,0,1"
"29761,0,1"
"29772,0,1"
"29784,0,1"
"29796,0,1"
"29807,0,1"
"29818,0,1"
"29830,0,1"
"29841,0,1"
"29853,0,1"
"29864,0,1"
"29876,0,1"
"29887,0,1"
"29898,0,1"
"29910,0,1"
"29922,0,1"
"29933,0,1"
"29944,0,1"
"29956,0,1"
"29967,0,1"
"29978,0,1"
"29990,0,1"
"30002,0,1"
"30013,0,1"
"30024,0,1"
"30035,0,1"
"30047,0,1"
"30059,0,1"
"30070,0,1"
"30082,0,1"
"30093,0,1"
"30104,1,1"
"30115,1,1"
"30128,1,1"
"30139,1,0"
"30150,1,0"
"30161,1,1"
"30173,1,7"
"30185,1,-1"
"30197,1,1"
"30209,1,1"
"30220,1,2"
"30231,0,2"
"30242,0,1"
"30255,0,1"
"30266,0,1"
"30277,0,1"
"30288,0,0"
"30300,0,1"
"30311,0,1"
"30323,0,1"
"30334,0,0"
"30346,0,1"
"30357,0,1"
"30368,0,1"
"30380,0,0"
"30392,0,1"
"30403,0,1"
"30414,0,1"
"30426,0,0"
"30437,0,1"
"30448,0,1"
"30460,0,0"
"30472,0,1"
"30483,0,1"
"30494,0,1"
"30505,0,1"
"30518,0,0"
"30529,0,1"
"30540,0,1"
"30552,0,1"
"30563,0,1"
"30574,0,1"
"30586,0,1"
"30598,0,1"
"30609,0,1"
"30620,0,1"
"30631,0,1"
"30643,0,1"
"30655,0,1"
"30666,0,1"
"30678,0,1"
"30689,0,1"
"30700,0,1"
"30711,0,1"
"30724,0,1"
"30735,0,1"
"30746,0,1"
"30757,0,1"
"30769,0,0"
"30780,0,1"
"30792,0,1"
"30803,0,1"
"30815,0,1"
"30826,0,1"
"30837,0,1"
"30849,0,1"
"30861,0,1"
"30872,0,1"
"30883,0,1"
"30895,0,1"
"30906,0,1"
"30918,0,1"
"30929,0,1"
"30941,0,1"
"30952,0,1"
"30963,0,1"
"30974,0,1"
"30987,0,1"
"30998,0,1"
"31009,0,1"
"31021,0,1"
"31032,0,1"
"31043,0,1"
"31055,0,1"
"31067,0,1"
"31078,0,1"
"31089,0,0"
"31100,0,1"
"31112,0,1"
"31124,0,1"
"31135,0,1"
"31147,0,1"
"31158,0,1"
"31169,0,1"
"31180,0,1"
"31193,0,1"
"31204,0,1"
"31215,0,1"
"31226,1,1"
"31238,1,-1"
"31251,1,1"
"31262,1,4"
"31273,1,5"
"31285,1,1"
"31296,1,1"
"31307,1,8"
"31320,1,0"
"31331,1,1"
"31342,1,1"
"31353,0,2"
"31365,0,4"
"31376,0,1"
"31388,0,1"
"31399,0,1"
"31411,0,1"
"31422,0,0"
"31433,0,1"
"31444,0,1"
"31457,0,4"
"31468,0,2"
"31479,0,1"
"31491,0,1"
"31502,0,0"
"31513,0,2"
"31525,0,0"
"31537,0,1"
"31548,0,1"
"31559,0,1"
"31570,0,1"
"31583,0,0"
"31594,0,1"
"31605,0,1"
"31617,0,1"
"31628,0,1"
"31639,0,1"
"31651,0,1"
"31663,0,1"
"31674,0,1"
"31685,0,0"
"31696,0,1"
"31708,0,1"
"31720,0,1"
"31731,0,1"
"31742,0,1"
"31754,0,1"
"31765,0,1"
"31776,0,1"
"31789,0,1"
"31800,0,1"
"31811,0,1"
"31822,0,1"
"31834,0,1"
"31845,0,1"
"31857,0,1"
"31868,0,1"
"31880,0,1"
"31891,0,1"
"31902,0,1"
"31913,0,1"
"31926,0,1"
"31937,0,1"
"31948,0,1"
"31960,0,1"
"31971,0,1"
"31983,0,1"
"31994,0,1"
"32006,0,1"
"32017,0,1"
"32028,0,1"
"32039,0,0"
"32052,0,1"
"32063,0,1"
"32074,0,1"
"32086,0,1"
"32097,0,1"
"32108,0,1"
"32120,0,1"
"32132,0,1"
"32143,0,1"
"32154,0,1"
"32165,0,1"
"32177,0,1"
"32189,0,1"
"32200,0,1"
"32211,0,1"
"32223,0,1"
"32234,0,1"
"32245,0,1"
"32258,0,1"
"32269,0,1"
"32280,0,1"
"32291,0,1"
"32303,0,1"
"32315,0,1"
"32326,0,1"
"32337,0,1"
"32349,1,1"
"32360,1,1"
"32371,1,1"
"32384,1,1"
"32395,1,1"
"32406,1,1"
"32417,1,4"
"32429,1,6"
"32440,1,1"
"32452,1,1"
"32463,1,1"
"32475,0,3"
"32486,0,0"
"32497,0,1"
"32508,0,1"
"32521,0,1"
"32532,0,0"
"32543,0,2"
"32555,0,1"
"32566,0,1"
"32577,0,4"
"32589,0,1"
"32601,0,1"
"32612,0,1"
"32623,0,1"
"32634,0,1"
"32646,0,0"
"32658,0,1"
"32669,0,1"
"32680,0,1"
"32692,0,1"
"32703,0,1"
"32715,0,1"
"32727,0,1"
"32738,0,1"
"32749,0,-1"
"32761,0,0"
"32773,0,1"
"32785,0,1"
"32796,0,1"
"32807,0,1"
"32819,0,1"
"32830,0,1"
"32841,0,1"
"32854,0,1"
"32865,0,1"
"32876,0,1"
"32887,0,1"
"32899,0,1"
"32910,0,1"
"32922,0,1"
"32933,0,1"
"32945,0,1"
"32956,0,1"
"32967,0,1"
"32978,0,1"
"32991,0,1"
"33002,0,0"
"33013,0,1"
"33025,0,1"
"33036,0,1"
"33048,0,1"
"33059,0,1"
"33071,0,1"
"33082,0,1"
"33093,0,1"
"33104,0,1"
"33117,0,1"
"33128,0,1"
"33139,0,1"
"33150,0,1"
"33162,0,1"
"33173,0,1"
"33185,0,1"
"33197,0,1"
"33208,0,1"
"33219,0,1"
"33230,0,1"
"33242,0,1"
"33254,0,1"
"33265,0,1"
"33276,0,1"
"33288,0,1"
"33299,0,1"
"33310,0,1"
"33323,0,1"
"33334,0,1"
"33345,0,1"
"33356,0,1"
"33368,0,1"
"33380,0,1"
"33391,0,1"
"33402,0,1"
"33414,0,1"
"33425,0,1"
"33436,0,1"
"33448,0,1"
"33460,1,1"
"33471,1,1"
"33482,1,2"
"33494,1,1"
"33505,1,2"
"33517,1,5"
"33528,1,1"
"33540,1,1"
"33551,1,8"
"33562,1,-1"
"33574,1,1"
"33587,1,1"
"33598,0,2"
"33609,0,5"
"33620,0,2"
"33632,0,1"
"33643,0,1"
"33655,0,1"
"33667,0,0"
"33678,0,1"
"33689,0,1"
"33700,0,6"
"33713,0,1"
"33724,0,1"
"33735,0,1"
"33746,0,1"
"33758,0,2"
"33769,0,1"
"33781,0,1"
"33793,0,1"
"33804,0,1"
"33815,0,1"
"33826,0,0"
"33838,0,1"
"33850,0,1"
"33861,0,1"
"33872,0,-1"
"33885,0,1"
"33896,0,1"
"33907,0,1"
"33920,0,0"
"33931,0,1"
"33942,0,1"
"33953,0,1"
"33965,0,1"
"33976,0,1"
"33988,0,1"
"33999,0,1"
"34011,0,1"
"34022,0,1"
"34033,0,1"
"34045,0,1"
"34057,0,1"
"34068,0,1"
"34079,0,1"
"34091,0,1"
"34102,0,1"
"34114,0,1"
"34125,0,1"
"34137,0,1"
"34148,0,1"
"34159,0,1"
"34170,0,1"
"34183,0,1"
"34194,0,1"
"34205,0,1"
"34216,0,1"
"34228,0,1"
"34239,0,1"
"34251,0,1"
"34263,0,1"
"34274,0,1"
"34285,0,1"
"34296,0,1"
"34308,0,1"
"34320,0,1"
"34331,0,1"
"34342,0,1"
"34354,0,1"
"34365,0,1"
"34376,0,1"
"34388,0,1"
"34400,0,1"
"34411,0,1"
"34422,0,1"
"34434,0,1"
"34446,0,1"
"34457,0,1"
"34468,0,1"
"34480,0,1"
"34491,0,1"
"34502,0,1"
"34514,0,1"
"34526,0,1"
"34537,0,1"
"34548,0,1"
"34560,0,1"
"34571,0,1"
"34583,1,1"
"34594,1,1"
"34606,1,2"
"34617,1,1"
"34628,1,3"
"34639,1,10"
"34653,1,1"
"34664,1,1"
"34675,1,1"
"34686,1,12"
"34699,1,4"
"34711,1,1"
"34722,0,1"
"34734,0,1"
"34745,0,2"
"34756,0,1"
"34767,0,1"
"34780,0,1"
"34791,0,1"
"34802,0,1"
"34813,0,1"
"34825,0,6"
"34836,0,1"
"34848,0,1"
"34860,0,1"
"34871,0,0"
"34882,0,1"
"34893,0,1"
"34905,0,1"
"34917,0,0"
"34928,0,1"
"34939,0,1"
"34951,0,0"
"34962,0,1"
"34973,0,1"
"34985,0,1"
"34997,0,0"
"35008,0,1"
"35019,0,1"
"35031,0,1"
"35042,0,0"
"35054,0,1"
"35065,0,1"
"35077,0,1"
"35088,0,1"
"35099,0,1"
"35111,0,1"
"35123,0,1"
"35134,0,1"
"35145,0,1"
"35156,0,1"
"35168,0,1"
"35180,0,1"
"35191,0,1"
"35203,0,1"
"35214,0,1"
"35225,0,1"
"35236,0,1"
"35249,0,1"
"35260,0,1"
"35271,0,1"
"35282,0,1"
"35294,0,1"
"35305,0,1"
"35317,0,1"
"35329,0,1"
"35340,0,1"
"35351,0,1"
"35362,0,1"
"35374,0,1"
"35386,0,1"
"35397,0,1"
"35408,0,1"
"35420,0,1"
"35431,0,1"
"35443,0,1"
"35454,0,1"
"35466,0,1"
"35477,0,1"
"35488,0,1"
"35500,0,1"
"35512,0,1"
"35523,0,1"
"35534,0,1"
"35546,0,1"
"35557,0,1"
"35568,0,1"
"35580,0,1"
"35592,0,1"
"35603,0,1"
"35614,0,1"
"35625,0,1"
"35637,0,1"
"35649,0,1"
"35660,0,1"
"35672,0,1"
"35683,0,1"
"35694,0,1"
"35705,1,1"
"35718,1,1"
"35729,1,1"
"35740,1,1"
"35751,1,2"
"35763,1,6"
"35774,1,2"
"35786,1,1"
"35798,1,1"
"35809,1,12"
"35821,1,7"
"35832,0,1"
"35845,0,1"
"35856,0,1"
"35867,0,0"
"35878,0,1"
"35890,0,1"
"35901,0,0"
"35913,0,1"
"35924,0,1"
"35936,0,1"
"35947,0,2"
"35958,0,1"
"35970,0,1"
"35982,0,1"
"35993,0,0"
"36004,0,1"
"36016,0,1"
"36027,0,1"
"36038,0,1"
"36050,0,1"
"36062,0,-1"
"36074,0,0"
"36085,0,1"
"36097,0,1"
"36109,0,1"
"36120,0,0"
"36131,0,1"
"36143,0,1"
"36154,0,0"
"36165,0,1"
"36177,0,1"
"36189,0,1"
"36200,0,1"
"36211,0,1"
"36222,0,1"
"36234,0,1"
"36246,0,1"
"36257,0,1"
"36269,0,1"
"36280,0,1"
"36291,0,1"
"36302,0,1"
"36315,0,1"
"36326,0,1"
"36337,0,0"
"36348,0,1"
"36360,0,1"
"36371,0,1"
"36383,0,1"
"36395,0,1"
"36406,0,1"
"36417,0,1"
"36428,0,1"
"36440,0,1"
"36452,0,1"
"36463,0,1"
"36474,0,1"
"36486,0,1"
"36497,0,1"
"36509,0,1"
"36520,0,1"
"36532,0,1"
"36543,0,1"
"36554,0,1"
"36566,0,1"
"36578,0,0"
"36589,0,1"
"36600,0,1"
"36612,0,1"
"36623,0,1"
"36634,0,1"
"36646,0,1"
"36658,0,1"
"36669,0,1"
"36680,0,0"
"36691,0,1"
"36703,0,1"
"36715,0,1"
"36726,0,1"
"36738,0,1"
"36749,0,1"
"36760,0,1"
"36771,0,1"
"36784,0,1"
"36795,0,1"
"36806,0,1"
"36817,0,0"
"36829,1,1"
"36841,1,1"
"36852,1,1"
"36864,1,1"
"36875,1,3"
"36886,1,5"
"36897,1,3"
"36910,1,1"
"36921,1,1"
"36932,1,13"
"36944,1,7"
"36956,0,1"
"36967,0,1"
"36979,0,1"
"36990,0,0"
"37002,0,1"
"37013,0,1"
"37024,0,0"
"37036,0,1"
"37048,0,1"
"37059,0,0"
"37070,0,-1"
"37083,0,1"
"37094,0,1"
"37105,0,1"
"37117,0,2"
"37129,0,1"
"37140,0,1"
"37151,0,0"
"37163,0,1"
"37175,0,1"
"37186,0,1"
"37197,0,1"
"37209,0,1"
"37220,0,1"
"37231,0,-1"
"37244,0,1"
"37256,0,1"
"37267,0,1"
"37278,0,1"
"37289,0,0"
"37301,0,1"
"37313,0,1"
"37324,0,1"
"37336,0,1"
"37347,0,1"
"37358,0,1"
"37369,0,1"
"37382,0,1"
"37393,0,1"
"37404,0,1"
"37415,0,1"
"37427,0,1"
"37438,0,1"
"37450,0,1"
"37462,0,1"
"37473,0,1"
"37484,0,1"
"37495,0,1"
"37508,0,1"
"37519,0,1"
"37530,0,1"
"37541,0,1"
"37553,0,1"
"37564,0,1"
"37576,0,0"
"37587,0,1"
"37599,0,1"
"37610,0,1"
"37621,0,1"
"37633,0,1"
"37645,0,1"
"37656,0,0"
"37667,0,1"
"37679,0,1"
"37690,0,1"
"37701,0,1"
"37713,0,1"
"37725,0,1"
"37736,0,1"
"37747,0,1"
"37758,0,1"
"37770,0,1"
"37782,0,1"
"37793,0,1"
"37805,0,1"
"37816,0,0"
"37827,0,1"
"37839,0,1"
"37851,0,1"
"37862,0,1"
"37873,0,1"
"37884,0,1"
"37896,0,1"
"37908,0,1"
"37919,0,1"
"37931,0,1"
"37942,0,1"
"37953,1,1"
"37964,1,1"
"37977,1,1"
"37988,1,1"
"37999,1,3"
"38010,1,1"
"38022,1,7"
"38033,1,0"
"38045,1,1"
"38056,1,3"
"38068,1,3"
"38079,0,0"
"38090,0,1"
"38102,0,1"
"38114,0,1"
"38125,0,1"
"38136,0,1"
"38148,0,0"
"38159,0,1"
"38170,0,1"
"38182,0,2"
"38194,0,0"
"38205,0,1"
"38216,0,1"
"38227,0,0"
"38240,0,1"
"38251,0,1"
"38262,0,1"
"38274,0,0"
"38285,0,1"
"38296,0,1"
"38308,0,1"
"38320,0,1"
"38331,0,1"
"38342,0,1"
"38353,0,1"
"38365,0,1"
"38377,0,1"
"38388,0,1"
"38400,0,0"
"38411,0,0"
"38422,0,1"
"38433,0,1"
"38446,0,1"
"38457,0,1"
"38468,0,1"
"38479,0,1"
"38491,0,1"
"38502,0,1"
"38514,0,1"
"38525,0,0"
"38537,0,1"
"38548,0,1"
"38559,0,1"
"38572,0,1"
"38583,0,1"
"38594,0,1"
"38605,0,1"
"38617,0,1"
"38628,0,1"
"38640,0,1"
"38651,0,1"
"38663,0,1"
"38674,0,1"
"38685,0,1"
"38696,0,1"
"38709,0,1"
"38720,0,1"
"38731,0,1"
"38743,0,1"
"38754,0,1"
"38765,0,1"
"38777,0,1"
"38789,0,1"
"38800,0,1"
"38811,0,1"
"38822,0,1"
"38834,0,1"
"38846,0,1"
"38857,0,1"
"38868,0,1"
"38880,0,1"
"38891,0,1"
"38902,0,1"
"38915,0,1"
"38926,0,1"
"38937,0,1"
"38948,0,1"
"38960,0,1"
"38972,0,1"
"38983,0,1"
"38994,0,1"
"39006,0,1"
"39017,0,1"
"39028,0,1"
"39041,0,1"
"39052,0,1"
"39063,0,1"
"39074,1,1"
"39086,1,0"
"39097,1,1"
"39109,1,1"
"39120,1,1"
"39132,1,1"
"39143,1,6"
"39154,1,1"
"39165,1,1"
"39178,1,0"
"39189,1,2"
"39200,0,-1"
"39213,0,1"
"39224,0,1"
"39235,0,1"
"39247,0,1"
"39259,0,1"
"39270,0,1"
"39281,0,1"
"39292,0,1"
"39305,0,5"
"39316,0,0"
"39327,0,1"
"39339,0,1"
"39350,0,1"
"39361,0,1"
"39373,0,1"
"39385,0,1"
"39396,0,-1"
"39408,0,1"
"39419,0,1"
"39431,0,0"
"39443,0,1"
"39454,0,1"
"39465,0,1"
"39477,0,1"
"39488,0,1"
"39499,0,1"
"39512,0,1"
"39523,0,0"
"39534,0,1"
"39545,0,1"
"39557,0,1"
"39568,0,1"
"39580,0,1"
"39591,0,1"
"39603,0,1"
"39614,0,1"
"39625,0,1"
"39638,0,1"
"39649,0,0"
"39660,0,1"
"39671,0,1"
"39683,0,1"
"39694,0,1"
"39706,0,1"
"39717,0,1"
"39729,0,0"
"39740,0,1"
"39751,0,1"
"39762,0,1"
"39775,0,1"
"39786,0,1"
"39797,0,1"
"39809,0,1"
"39820,0,1"
"39831,0,0"
"39843,0,1"
"39855,0,1"
"39866,0,1"
"39877,0,1"
"39888,0,1"
"39900,0,1"
"39912,0,1"
"39923,0,1"
"39934,0,1"
"39946,0,1"
"39957,0,1"
"39969,0,1"
"39981,0,1"
"39992,0,1"
"40003,0,1"
"40014,0,1"
"40026,0,1"
"40038,0,1"
"40049,0,1"
"40060,0,1"
"40072,0,1"
"40083,0,1"
"40094,0,1"
"40107,0,1"
"40118,0,1"
"40129,0,1"
"40140,0,1"
"40152,0,1"
"40163,0,1"
"40175,0,1"
"40186,1,1"
"40198,1,1"
"40209,1,3"
"40220,1,1"
"40231,1,1"
"40244,1,3"
"40255,1,1"
"40266,1,1"
"40278,1,6"
"40289,1,-2"
"40302,1,1"
"40313,1,1"
"40325,0,3"
"40336,0,2"
"40347,0,2"
"40358,0,1"
"40371,0,1"
"40382,0,-1"
"40394,0,0"
"40406,0,1"
"40417,0,1"
"40428,0,5"
"40440,0,1"
"40452,0,1"
"40463,0,1"
"40474,0,2"
"40485,0,1"
"40497,0,1"
"40509,0,1"
"40520,0,1"
"40531,0,1"
"40543,0,1"
"40554,0,0"
"40565,0,1"
"40578,0,1"
"40589,0,1"
"40600,0,0"
"40611,0,1"
"40623,0,1"
"40635,0,0"
"40646,0,1"
"40657,0,1"
"40669,0,1"
"40680,0,1"
"40691,0,1"
"40704,0,1"
"40715,0,1"
"40726,0,1"
"40737,0,1"
"40749,0,1"
"40760,0,1"
"40772,0,1"
"40783,0,1"
"40795,0,1"
"40806,0,1"
"40817,0,1"
"40828,0,1"
"40841,0,1"
"40852,0,1"
"40863,0,1"
"40875,0,1"
"40886,0,1"
"40897,0,1"
"40909,0,1"
"40921,0,1"
"40932,0,1"
"40943,0,1"
"40954,0,1"
"40966,0,1"
"40978,0,1"
"40989,0,1"
"41000,0,1"
"41012,0,1"
"41023,0,1"
"41035,0,1"
"41047,0,1"
"41058,0,1"
"41069,0,1"
"41080,0,1"
"41092,0,1"
"41104,0,1"
"41115,0,1"
"41126,0,1"
"41138,0,1"
"41149,0,1"
"41160,0,1"
"41172,0,0"
"41184,0,1"
"41195,0,1"
"41206,0,1"
"41218,0,1"
"41229,0,1"
"41241,0,1"
"41252,0,1"
"41264,0,1"
"41275,0,1"
"41286,0,1"
"41297,0,1"
"41310,1,1"
"41321,1,1"
"41332,1,3"
"41344,1,1"
"41355,1,1"
"41367,1,6"
"41378,1,1"
"41390,1,1"
"41401,1,7"
"41412,1,5"
"41423,1,1"
"41436,1,1"
"41447,0,2"
"41458,0,3"
"41469,0,3"
"41481,0,1"
"41492,0,1"
"41504,0,1"
"41516,0,1"
"41527,0,1"
"41538,0,1"
"41549,0,5"
"41561,0,1"
"41573,0,1"
"41584,0,1"
"41595,0,1"
"41607,0,0"
"41618,0,1"
"41629,0,1"
"41641,0,1"
"41653,0,1"
"41664,0,1"
"41675,0,1"
"41687,0,1"
"41698,0,1"
"41710,0,1"
"41721,0,0"
"41733,0,1"
"41744,0,1"
"41755,0,1"
"41767,0,-1"
"41780,0,1"
"41791,0,1"
"41802,0,1"
"41814,0,1"
"41825,0,1"
"41837,0,1"
"41848,0,1"
"41860,0,1"
"41871,0,1"
"41882,0,1"
"41893,0,1"
"41906,0,1"
"41917,0,1"
"41928,0,1"
"41939,0,1"
"41951,0,1"
"41962,0,1"
"41974,0,1"
"41986,0,1"
"41997,0,1"
"42008,0,1"
"42019,0,1"
"42031,0,1"
"42043,0,1"
"42054,0,1"
"42065,0,1"
"42077,0,1"
"42088,0,1"
"42100,0,1"
"42112,0,1"
"42123,0,1"
"42134,0,1"
"42145,0,1"
"42157,0,1"
"42169,0,1"
"42180,0,1"
"42191,0,1"
"42203,0,1"
"42214,0,1"
"42225,0,1"
"42237,0,1"
"42249,0,1"
"42260,0,1"
"42271,0,1"
"42283,0,1"
"42294,0,1"
"42306,0,1"
"42317,0,1"
"42329,0,1"
"42340,0,1"
"42351,0,1"
"42362,0,1"
"42375,0,1"
"42386,0,1"
"42397,0,1"
"42408,0,1"
"42420,0,1"
"42432,1,1"
"42443,1,1"
"42455,1,3"
"42466,1,1"
"42477,1,2"
"42488,1,9"
"42501,1,1"
"42512,1,1"
"42523,1,3"
"42534,1,8"
"42546,1,1"
"42557,1,1"
"42569,0,0"
"42580,0,2"
"42592,0,4"
"42603,0,1"
"42614,0,1"
"42626,0,1"
"42638,0,1"
"42649,0,1"
"42660,0,1"
"42672,0,3"
"42683,0,1"
"42694,0,1"
"42706,0,0"
"42718,0,1"
"42729,0,0"
"42740,0,1"
"42752,0,1"
"42763,0,1"
"42775,0,1"
"42786,0,0"
"42798,0,1"
"42809,0,1"
"42820,0,1"
"42832,0,1"
"42844,0,0"
"42855,0,1"
"42866,0,1"
"42877,0,1"
"42889,0,1"
"42901,0,1"
"42912,0,1"
"42924,0,1"
"42935,0,1"
"42946,0,0"
"42957,0,1"
"42970,0,1"
"42981,0,1"
"42992,0,1"
"43003,0,1"
"43015,0,1"
"43026,0,1"
"43038,0,1"
"43049,0,1"
"43061,0,1"
"43072,0,1"
"43083,0,1"
"43095,0,1"
"43107,0,1"
"43118,0,1"
"43129,0,1"
"43141,0,1"
"43152,0,1"
"43164,0,1"
"43175,0,1"
"43187,0,1"
"43198,0,1"
"43209,0,1"
"43220,0,1"
"43233,0,1"
"43244,0,1"
"43255,0,1"
"43267,0,1"
"43278,0,1"
"43289,0,0"
"43301,0,1"
"43313,0,1"
"43324,0,1"
"43335,0,1"
"43346,0,1"
"43358,0,1"
"43370,0,1"
"43381,0,1"
"43393,0,1"
"43404,0,1"
"43415,0,1"
"43426,0,1"
"43439,0,1"
"43450,0,1"
"43461,0,1"
"43472,0,1"
"43484,0,1"
"43495,0,1"
"43507,0,1"
"43518,0,1"
"43530,0,1"
"43541,0,1"
"43552,1,1"
"43565,1,1"
"43576,1,2"
"43587,1,1"
"43598,1,1"
"43610,1,7"
"43621,1,1"
"43633,1,1"
"43644,1,7"
"43656,1,8"
"43667,1,1"
"43678,1,1"
"43689,0,1"
"43702,0,2"
"43713,0,3"
"43724,0,1"
"43736,0,1"
"43747,0,2"
"43758,0,1"
"43770,0,1"
"43782,0,0"
"43793,0,3"
"43804,0,1"
"43815,0,1"
"43827,0,0"
"43839,0,1"
"43850,0,1"
"43862,0,1"
"43873,0,1"
"43884,0,1"
"43896,0,1"
"43908,0,0"
"43919,0,1"
"43930,0,1"
"43941,0,1"
"43953,0,1"
"43965,0,0"
"43976,0,1"
"43987,0,1"
"43999,0,1"
"44010,0,0"
"44021,0,1"
"44034,0,1"
"44045,0,1"
"44056,0,1"
"44067,0,1"
"44079,0,1"
"44090,0,1"
"44102,0,1"
"44113,0,1"
"44125,0,1"
"44136,0,1"
"44147,0,1"
"44158,0,1"
"44171,0,1"
"44182,0,1"
"44193,0,1"
"44205,0,1"
"44216,0,1"
"44227,0,1"
"44239,0,1"
"44251,0,1"
"44262,0,1"
"44273,0,1"
"44284,0,1"
"44297,0,1"
"44308,0,1"
"44319,0,1"
"44331,0,1"
"44342,0,1"
"44353,0,1"
"44365,0,0"
"44377,0,1"
"44388,0,1"
"44399,0,1"
"44410,0,1"
"44422,0,1"
"44434,0,1"
"44445,0,1"
"44456,0,1"
"44468,0,1"
"44479,0,1"
"44490,0,1"
"44503,0,1"
"44514,0,1"
"44525,0,1"
"44536,0,1"
"44548,0,1"
"44559,0,1"
"44571,0,1"
"44582,0,1"
"44594,0,1"
"44605,0,1"
"44616,0,1"
"44628,0,1"
"44640,0,1"
"44651,0,1"
"44662,0,1"
"44674,1,1"
"44685,1,0"
"44697,1,3"
"44708,1,1"
"44720,1,1"
"44731,1,6"
"44742,1,1"
"44753,1,1"
"44766,1,7"
"44777,1,4"
"44788,1,1"
"44800,1,1"
"44811,0,1"
"44822,0,5"
"44834,0,3"
"44846,0,1"
"44857,0,1"
"44868,0,1"
"44879,0,1"
"44891,0,1"
"44903,0,0"
"44914,0,1"
"44925,0,1"
"44937,0,1"
"44948,0,1"
"44959,0,-1"
"44973,0,1"
"44984,0,1"
"44995,0,1"
"45006,0,1"
"45018,0,1"
"45030,0,0"
"45041,0,1"
"45052,0,1"
"45064,0,1"
"45075,0,1"
"45086,0,0"
"45099,0,1"
"45110,0,1"
"45121,0,0"
"45132,0,1"
"45144,0,1"
"45155,0,1"
"45167,0,1"
"45178,0,1"
"45190,0,1"
"45201,0,1"
"45212,0,1"
"45223,0,1"
"45236,0,1"
"45247,0,1"
"45258,0,1"
"45270,0,1"
"45281,0,1"
"45292,0,1"
"45304,0,1"
"45316,0,1"
"45327,0,1"
"45338,0,1"
"45349,0,1"
"45362,0,1"
"45373,0,1"
"45384,0,1"
"45395,0,1"
"45407,0,1"
"45418,0,1"
"45430,0,1"
"45442,0,1"
"45453,0,1"
"45464,0,1"
"45475,0,1"
"45487,0,1"
"45499,0,1"
"45510,0,1"
"45521,0,1"
"45533,0,1"
"45544,0,1"
"45555,0,1"
"45568,0,1"
"45579,0,1"
"45590,0,1"
"45601,0,1"
"45613,0,1"
"45624,0,1"
"45636,0,1"
"45647,0,1"
"45659,0,1"
"45670,0,1"
"45681,0,1"
"45693,0,1"
"45705,0,1"
"45716,0,1"
"45727,0,1"
"45739,0,1"
"45750,0,1"
"45762,0,1"
"45773,0,1"
"45785,0,1"
"45796,1,1"
"45807,1,1"
"45818,1,2"
"45831,1,1"
"45842,1,3"
"45853,1,8"
"45864,1,1"
"45876,1,1"
"45887,1,4"
"45899,1,8"
"45911,1,1"
"45922,1,1"
"45933,0,1"
"45944,0,4"
"45956,0,3"
"45968,0,1"
"45979,0,1"
"45990,0,1"
"46002,0,1"
"46013,0,1"
"46024,0,-1"
"46038,0,3"
"46049,0,1"
"46060,0,1"
"46071,0,1"
"46083,0,2"
"46095,0,1"
"46106,0,1"
"46117,0,1"
"46129,0,1"
"46140,0,1"
"46151,0,1"
"46163,0,1"
"46175,0,1"
"46186,0,1"
"46197,0,0"
"46209,0,1"
"46220,0,1"
"46232,0,1"
"46243,0,1"
"46255,0,1"
"46266,0,1"
"46277,0,1"
"46288,0,1"
"46301,0,1"
"46312,0,1"
"46323,0,1"
"46334,0,1"
"46346,0,1"
"46357,0,1"
"46369,0,1"
"46381,0,1"
"46392,0,1"
"46403,0,1"
"46414,0,1"
"46427,0,1"
"46438,0,1"
"46449,0,1"
"46460,0,1"
"46472,0,1"
"46483,0,1"
"46495,0,1"
"46507,0,1"
"46518,0,1"
"46529,0,1"
"46540,0,1"
"46552,0,1"
"46564,0,1"
"46575,0,1"
"46586,0,1"
"46598,0,1"
"46609,0,1"
"46620,0,0"
"46632,0,1"
"46644,0,1"
"46655,0,1"
"46666,0,1"
"46678,0,1"
"46689,0,1"
"46701,0,1"
"46712,0,1"
"46724,0,1"
"46735,0,1"
"46746,0,1"
"46758,0,1"
"46770,0,1"
"46781,0,1"
"46792,0,1"
"46803,0,1"
"46815,0,1"
"46827,0,1"
"46838,0,1"
"46850,0,1"
"46861,0,1"
"46872,0,1"
"46883,0,1"
"46896,0,1"
"46907,0,1"
"46918,1,1"
"46929,1,1"
"46941,1,0"
"46952,1,1"
"46964,1,3"
"46976,1,9"
"46987,1,1"
"46998,1,1"
"47009,1,1"
"47021,1,11"
"47034,1,6"
"47045,1,1"
"47056,0,1"
"47068,0,1"
"47079,0,2"
"47091,0,1"
"47102,0,1"
"47114,0,1"
"47125,0,1"
"47136,0,1"
"47148,0,1"
"47160,0,0"
"47171,0,1"
"47182,0,1"
"47194,0,0"
"47205,0,0"
"47216,0,1"
"47228,0,1"
"47240,0,1"
"47251,0,1"
"47262,0,1"
"47273,0,1"
"47285,0,1"
"47297,0,1"
"47308,0,1"
"47320,0,0"
"47331,0,1"
"47342,0,1"
"47353,0,1"
"47366,0,0"
"47377,0,1"
"47388,0,1"
"47399,0,1"
"47411,0,1"
"47422,0,0"
"47434,0,1"
"47446,0,1"
"47457,0,1"
"47468,0,1"
"47479,0,1"
"47492,0,1"
"47503,0,1"
"47514,0,1"
"47525,0,1"
"47537,0,1"
"47548,0,1"
"47560,0,1"
"47571,0,1"
"47583,0,1"
"47594,0,1"
"47605,0,1"
"47617,0,1"
"47629,0,1"
"47640,0,1"
"47651,0,1"
"47663,0,1"
"47674,0,1"
"47685,0,1"
"47697,0,1"
"47709,0,1"
"47720,0,1"
"47731,0,1"
"47742,0,1"
"47754,0,1"
"47766,0,1"
"47777,0,1"
"47789,0,1"
"47800,0,1"
"47811,0,1"
"47823,0,1"
"47835,0,1"
"47846,0,1"
"47857,0,1"
"47868,0,1"
"47880,0,0"
"47892,0,1"
"47903,0,1"
"47915,0,1"
"47926,0,1"
"47937,0,1"
"47948,0,1"
"47961,0,1"
"47972,0,1"
"47983,0,1"
"47994,0,1"
"48006,0,1"
"48017,0,1"
"48029,0,1"
"48040,1,1"
"48052,1,1"
"48063,1,1"
"48074,1,1"
"48086,1,3"
"48098,1,9"
"48109,1,1"
"48120,1,1"
"48132,1,1"
"48143,1,10"
"48156,1,6"
"48167,0,1"
"48179,0,1"
"48190,0,1"
"48201,0,1"
"48212,0,1"
"48225,0,1"
"48236,0,1"
"48247,0,1"
"48259,0,1"
"48270,0,-1"
"48282,0,1"
"48294,0,1"
"48306,0,1"
"48317,0,0"
"48328,0,1"
"48339,0,0"
"48351,0,1"
"48363,0,1"
"48374,0,1"
"48386,0,1"
"48397,0,-1"
"48409,0,1"
"48420,0,1"
"48433,0,1"
"48444,0,1"
"48455,0,1"
"48466,0,1"
"48478,0,1"
"48490,0,0"
"48501,0,1"
"48513,0,1"
"48524,0,1"
"48535,0,1"
"48546,0,1"
"48559,0,1"
"48570,0,1"
"48581,0,1"
"48592,0,1"
"48604,0,1"
"48615,0,1"
"48627,0,1"
"48638,0,1"
"48650,0,1"
"48661,0,1"
"48672,0,1"
"48684,0,1"
"48696,0,1"
"48707,0,1"
"48718,0,1"
"48730,0,1"
"48741,0,1"
"48752,0,1"
"48764,0,1"
"48776,0,1"
"48787,0,1"
"48798,0,1"
"48809,0,1"
"48822,0,1"
"48833,0,1"
"48844,0,1"
"48856,0,1"
"48867,0,1"
"48878,0,1"
"48890,0,1"
"48902,0,1"
"48913,0,1"
"48924,0,1"
"48935,0,1"
"48947,0,1"
"48959,0,0"
"48970,0,1"
"48982,0,1"
"48993,0,1"
"49004,0,1"
"49015,0,1"
"49028,0,1"
"49039,0,1"
"49050,0,1"
"49061,0,1"
"49073,0,1"
"49084,0,1"
"49096,0,1"
"49107,0,1"
"49119,0,1"
"49130,0,1"
"49141,0,0"
"49153,0,1"
"49165,1,1"
"49176,1,0"
"49187,1,1"
"49199,1,1"
"49210,1,1"
"49222,1,0"
"49233,1,3"
"49245,1,1"
"49256,1,1"
"49267,1,2"
"49278,1,7"
"49291,0,1"
"49302,0,1"
"49313,0,1"
"49325,0,1"
"49336,0,1"
"49347,0,1"
"49359,0,1"
"49371,0,1"
"49382,0,1"
"49393,0,-1"
"49405,0,1"
"49417,0,1"
"49429,0,1"
"49440,0,1"
"49452,0,1"
"49463,0,1"
"49474,0,1"
"49485,0,1"
"49498,0,1"
"49509,0,1"
"49520,0,-1"
"49532,0,1"
"49544,0,1"
"49556,0,0"
"49567,0,1"
"49579,0,1"
"49590,0,1"
"49601,0,1"
"49612,0,0"
"49625,0,1"
"49636,0,1"
"49647,0,1"
"49658,0,0"
"49670,0,1"
"49681,0,0"
"49693,0,1"
"49704,0,1"
"49716,0,1"
"49727,0,1"
"49738,0,1"
"49750,0,1"
"49762,0,1"
"49773,0,1"
"49784,0,1"
"49796,0,1"
"49807,0,1"
"49818,0,1"
"49830,0,1"
"49842,0,1"
"49853,0,1"
"49864,0,1"
"49875,0,1"
"49888,0,1"
"49899,0,1"
"49910,0,1"
"49922,0,1"
"49933,0,1"
"49944,0,1"
"49956,0,1"
"49968,0,1"
"49979,0,0"
"49990,0,1"
"50001,0,1"
"50013,0,1"
"50025,0,1"
"50036,0,1"
"50048,0,1"
"50059,0,1"
"50070,0,1"
"50081,0,1"
"50094,0,0"
"50105,0,1"
"50116,0,1"
"50127,0,1"
"50139,0,1"
"50150,0,1"
"50162,0,1"
"50173,0,1"
"50185,0,1"
"50196,0,0"
"50207,0,1"
"50220,0,1"
"50231,0,1"
"50242,0,1"
"50253,0,1"
"50265,0,1"
"50276,0,1"
"50288,1,1"
"50299,1,2"
"50311,1,1"
"50322,1,0"
"50333,1,4"
"50344,1,1"
"50357,1,1"
"50368,1,7"
"50379,1,1"
"50391,1,1"
"50402,1,0"
"50413,0,3"
"50425,0,1"
"50437,0,1"
"50448,0,1"
"50459,0,1"
"50470,0,2"
"50482,0,1"
"50494,0,1"
"50505,0,1"
"50516,0,4"
"50528,0,1"
"50539,0,1"
"50550,0,0"
"50563,0,0"
"50574,0,0"
"50585,0,1"
"50596,0,1"
"50608,0,1"
"50620,0,1"
"50631,0,1"
"50642,0,1"
"50654,0,1"
"50665,0,1"
"50676,0,1"
"50689,0,0"
"50700,0,1"
"50711,0,1"
"50722,0,0"
"50734,0,0"
"50745,0,1"
"50757,0,1"
"50768,0,1"
"50780,0,1"
"50791,0,1"
"50802,0,1"
"50813,0,1"
"50826,0,1"
"50837,0,1"
"50848,0,1"
"50860,0,1"
"50871,0,1"
"50882,0,1"
"50894,0,1"
"50906,0,1"
"50917,0,1"
"50928,0,1"
"50939,0,1"
"50952,0,1"
"50963,0,1"
"50974,0,1"
"50985,0,1"
"50997,0,1"
"51008,0,1"
"51020,0,1"
"51032,0,1"
"51043,0,1"
"51054,0,1"
"51065,0,1"
"51077,0,1"
"51089,0,1"
"51100,0,1"
"51111,0,1"
"51123,0,1"
"51134,0,1"
"51145,0,1"
"51158,0,1"
"51169,0,1"
"51180,0,1"
"51191,0,1"
"51203,0,1"
"51214,0,1"
"51226,0,1"
"51237,0,1"
"51249,0,1"
"51260,0,1"
"51271,0,1"
"51282,0,1"
"51295,0,1"
"51306,0,1"
"51317,0,1"
"51329,0,1"
"51340,0,1"
"51352,0,1"
"51363,0,1"
"51375,0,1"
"51386,0,1"
"51397,0,0"
"51408,1,1"
"51421,1,0"
"51432,1,1"
"51443,1,1"
"51454,1,1"
"51466,1,1"
"51477,1,2"
"51489,1,8"
"51501,1,1"
"51512,1,1"
"51523,1,1"
"51534,0,5"
"51546,0,3"
"51558,0,0"
"51569,0,1"
"51580,0,1"
"51592,0,1"
"51603,0,1"
"51614,0,1"
"51627,0,1"
"51638,0,3"
"51649,0,1"
"51660,0,1"
"51672,0,1"
"51684,0,1"
"51695,0,0"
"51706,0,1"
"51718,0,0"
"51729,0,0"
"51740,0,1"
"51752,0,1"
"51764,0,1"
"51775,0,1"
"51786,0,1"
"51798,0,0"
"51809,0,1"
"51821,0,1"
"51832,0,1"
"51844,0,1"
"51855,0,0"
"51866,0,1"
"51877,0,1"
"51890,0,1"
"51901,0,1"
"51912,0,1"
"51923,0,1"
"51935,0,1"
"51946,0,1"
"51958,0,1"
"51970,0,1"
"51981,0,1"
"51992,0,1"
"52003,0,1"
"52015,0,1"
"52027,0,1"
"52038,0,1"
"52049,0,1"
"52061,0,1"
"52072,0,1"
"52084,0,1"
"52096,0,1"
"52107,0,1"
"52118,0,1"
"52129,0,1"
"52141,0,1"
"52153,0,1"
"52164,0,1"
"52175,0,1"
"52187,0,1"
"52198,0,1"
"52209,0,1"
"52221,0,1"
"52233,0,1"
"52244,0,1"
"52255,0,1"
"52267,0,1"
"52278,0,1"
"52290,0,1"
"52301,0,1"
"52313,0,1"
"52324,0,1"
"52335,0,1"
"52346,0,1"
"52359,0,1"
"52370,0,1"
"52381,0,1"
"52392,0,1"
"52404,0,1"
"52416,0,1"
"52427,0,1"
"52439,0,1"
"52450,0,1"
"52461,0,1"
"52472,0,1"
"52485,0,1"
"52496,0,1"
"52507,0,1"
"52518,0,1"
"52530,1,1"
"52541,1,0"
"52553,1,1"
"52564,1,1"
"52576,1,2"
"52587,1,1"
"52598,1,1"
"52610,1,6"
"52622,1,1"
"52633,1,1"
"52644,1,1"
"52656,0,3"
"52667,0,0"
"52678,0,1"
"52690,0,1"
"52702,0,1"
"52713,0,0"
"52724,0,0"
"52736,0,1"
"52747,0,1"
"52759,0,3"
"52770,0,1"
"52782,0,1"
"52793,0,1"
"52804,0,-1"
"52817,0,1"
"52829,0,1"
"52840,0,1"
"52851,0,0"
"52862,0,1"
"52874,0,1"
"52886,0,0"
"52897,0,1"
"52909,0,1"
"52920,0,1"
"52931,0,0"
"52942,0,1"
"52955,0,1"
"52966,0,1"
"52977,0,0"
"52988,0,1"
"53000,0,1"
"53011,0,0"
"53023,0,1"
"53035,0,1"
"53046,0,1"
"53057,0,0"
"53068,0,1"
"53080,0,1"
"53092,0,0"
"53103,0,1"
"53114,0,1"
"53126,0,1"
"53137,0,1"
"53149,0,1"
"53160,0,1"
"53172,0,1"
"53183,0,1"
"53194,0,1"
"53206,0,1"
"53218,0,1"
"53229,0,1"
"53240,0,1"
"53252,0,1"
"53263,0,1"
"53274,0,0"
"53286,0,1"
"53298,0,1"
"53309,0,1"
"53320,0,1"
"53331,0,1"
"53343,0,1"
"53355,0,1"
"53366,0,1"
"53378,0,1"
"53389,0,1"
"53400,0,1"
"53411,0,1"
"53424,0,1"
"53435,0,1"
"53446,0,1"
"53457,0,1"
"53469,0,1"
"53481,0,1"
"53492,0,1"
"53504,0,1"
"53515,0,1"
"53526,0,1"
"53537,0,1"
"53550,0,1"
"53561,0,1"
"53572,0,0"
"53583,0,1"
"53595,0,1"
"53606,0,1"
"53618,0,1"
"53629,0,1"
"53641,0,1"
"53652,1,1"
"53663,1,1"
"53675,1,1"
"53687,1,0"
"53698,1,1"
"53709,1,1"
"53721,1,1"
"53732,1,8"
"53743,1,0"
"53755,1,1"
"53767,1,1"
"53778,0,1"
"53789,0,3"
"53800,0,0"
"53812,0,1"
"53824,0,1"
"53835,0,1"
"53847,0,1"
"53858,0,1"
"53869,0,1"
"53881,0,4"
"53893,0,1"
"53904,0,1"
"53915,0,1"
"53926,0,2"
"53938,0,0"
"53950,0,1"
"53961,0,1"
"53972,0,0"
"53984,0,1"
"53995,0,1"
"54006,0,0"
"54019,0,1"
"54030,0,1"
"54041,0,1"
"54052,0,-1"
"54065,0,1"
"54076,0,1"
"54088,0,0"
"54099,0,1"
"54111,0,1"
"54122,0,1"
"54133,0,0"
"54145,0,1"
"54157,0,1"
"54168,0,1"
"54179,0,1"
"54191,0,1"
"54202,0,1"
"54214,0,1"
"54225,0,1"
"54237,0,1"
"54248,0,1"
"54259,0,1"
"54270,0,1"
"54283,0,1"
"54294,0,1"
"54305,0,1"
"54317,0,1"
"54328,0,1"
"54339,0,1"
"54351,0,1"
"54363,0,1"
"54374,0,1"
"54385,0,1"
"54396,0,1"
"54408,0,1"
"54420,0,1"
"54431,0,1"
"54443,0,1"
"54454,0,1"
"54465,0,1"
"54476,0,1"
"54489,0,1"
"54500,0,1"
"54511,0,1"
"54522,0,1"
"54534,0,1"
"54546,0,1"
"54557,0,1"
"54568,0,1"
"54580,0,1"
"54591,0,1"
"54602,0,1"
"54615,0,1"
"54626,0,1"
"54637,0,1"
"54648,0,1"
"54660,0,1"
"54671,0,1"
"54683,0,1"
"54694,0,1"
"54706,0,1"
"54717,0,1"
"54728,0,1"
"54739,0,1"
"54752,0,1"
"54763,1,1"
"54774,1,1"
"54786,1,0"
"54797,1,1"
"54808,1,2"
"54820,1,3"
"54832,1,1"
"54843,1,1"
"54854,1,9"
"54865,1,1"
"54877,1,1"
"54889,1,1"
"54900,0,2"
"54912,0,2"
"54923,0,1"
"54934,0,1"
"54946,0,1"
"54958,0,1"
"54969,0,1"
"54980,0,1"
"54991,0,1"
"55003,0,3"
"55015,0,1"
"55026,0,1"
"55037,0,1"
"55049,0,1"
"55060,0,1"
"55071,0,1"
"55084,0,1"
"55095,0,0"
"55106,0,1"
"55117,0,1"
"55129,0,1"
"55140,0,1"
"55152,0,1"
"55163,0,1"
"55175,0,0"
"55186,0,1"
"55197,0,1"
"55208,0,1"
"55221,0,1"
"55232,0,1"
"55243,0,1"
"55255,0,1"
"55266,0,1"
"55278,0,1"
"55289,0,1"
"55301,0,1"
"55312,0,1"
"55323,0,1"
"55334,0,1"
"55347,0,1"
"55358,0,1"
"55369,0,1"
"55380,0,1"
"55392,0,1"
"55403,0,1"
"55415,0,1"
"55427,0,1"
"55438,0,1"
"55449,0,1"
"55460,0,1"
"55472,0,1"
"55484,0,1"
"55495,0,1"
"55506,0,1"
"55518,0,1"
"55529,0,1"
"55540,0,1"
"55553,0,1"
"55564,0,1"
"55575,0,1"
"55586,0,1"
"55598,0,1"
"55609,0,1"
"55621,0,1"
"55632,0,0"
"55644,0,1"
"55655,0,1"
"55666,0,1"
"55678,0,1"
"55690,0,1"
"55701,0,1"
"55712,0,1"
"55724,0,1"
"55735,0,1"
"55747,0,1"
"55758,0,1"
"55770,0,1"
"55781,0,1"
"55792,0,1"
"55803,0,1"
"55816,0,1"
"55827,0,1"
"55838,0,1"
"55849,0,1"
"55861,0,1"
"55872,0,1"
"55884,0,1"
"55896,1,1"
"55907,1,1"
"55918,1,1"
"55929,1,3"
"55941,1,5"
"55953,1,1"
"55964,1,1"
"55975,1,10"
"55988,1,3"
"55999,1,1"
"56011,1,1"
"56023,0,0"
"56034,0,4"
"56045,0,2"
"56056,0,1"
"56068,0,1"
"56080,0,1"
"56091,0,0"
"56102,0,1"
"56114,0,1"
"56125,0,5"
"56136,0,1"
"56148,0,1"
"56160,0,1"
"56171,0,2"
"56182,0,0"
"56194,0,1"
"56205,0,1"
"56217,0,1"
"56228,0,1"
"56240,0,1"
"56251,0,0"
"56262,0,1"
"56273,0,1"
"56286,0,1"
"56297,0,1"
"56308,0,1"
"56320,0,1"
"56331,0,1"
"56343,0,0"
"56354,0,1"
"56366,0,1"
"56377,0,1"
"56388,0,1"
"56399,0,1"
"56412,0,1"
"56423,0,1"
"56434,0,1"
"56445,0,1"
"56457,0,1"
"56468,0,0"
"56480,0,1"
"56492,0,1"
"56503,0,1"
"56514,0,1"
"56525,0,1"
"56537,0,1"
"56549,0,1"
"56560,0,1"
"56571,0,1"
"56583,0,1"
"56594,0,1"
"56605,0,1"
"56617,0,1"
"56629,0,1"
"56640,0,1"
"56651,0,1"
"56663,0,1"
"56674,0,1"
"56686,0,1"
"56697,0,1"
"56709,0,1"
"56720,0,1"
"56731,0,1"
"56743,0,1"
"56755,0,1"
"56766,0,1"
"56777,0,1"
"56788,0,1"
"56800,0,1"
"56812,0,1"
"56823,0,1"
"56835,0,1"
"56846,0,1"
"56857,0,1"
"56868,0,1"
"56881,0,1"
"56892,0,1"
"56903,0,1"
"56914,0,1"
"56926,0,1"
"56937,0,1"
"56949,0,1"
"56961,0,1"
"56972,0,1"
"56983,0,1"
"56994,0,1"
"57006,1,1"
"57018,1,1"
"57029,1,1"
"57040,1,1"
"57052,1,2"
"57063,1,4"
"57075,1,1"
"57086,1,1"
"57098,1,11"
"57110,1,4"
"57121,1,1"
"57133,1,1"
"57145,0,0"
"57156,0,4"
"57167,0,2"
"57179,0,1"
"57190,0,1"
"57201,0,1"
"57213,0,0"
"57225,0,1"
"57236,0,1"
"57247,0,7"
"57259,0,1"
"57270,0,1"
"57282,0,1"
"57293,0,2"
"57305,0,0"
"57316,0,1"
"57327,0,1"
"57338,0,1"
"57351,0,1"
"57362,0,1"
"57373,0,1"
"57384,0,1"
"57396,0,1"
"57408,0,1"
"57419,0,1"
"57431,0,1"
"57442,0,1"
"57453,0,1"
"57464,0,0"
"57477,0,1"
"57488,0,1"
"57499,0,1"
"57510,0,1"
"57522,0,1"
"57533,0,1"
"57545,0,1"
"57556,0,1"
"57568,0,1"
"57579,0,1"
"57590,0,1"
"57602,0,1"
"57614,0,1"
"57625,0,1"
"57636,0,1"
"57648,0,1"
"57659,0,1"
"57670,0,1"
"57682,0,1"
"57694,0,1"
"57705,0,1"
"57716,0,1"
"57728,0,1"
"57739,0,1"
"57751,0,1"
"57762,0,1"
"57774,0,1"
"57785,0,1"
"57796,0,1"
"57808,0,1"
"57820,0,1"
"57831,0,1"
"57842,0,1"
"57853,0,1"
"57865,0,1"
"57877,0,1"
"57888,0,1"
"57900,0,1"
"57911,0,1"
"57922,0,1"
"57933,0,1"
"57946,0,1"
"57957,0,1"
"57968,0,1"
"57979,0,1"
"57991,0,1"
"58002,0,1"
"58014,0,1"
"58025,0,1"
"58037,0,1"
"58048,0,1"
"58059,0,1"
"58071,0,1"
"58083,0,1"
"58094,0,1"
"58105,0,1"
"58117,0,1"
"58128,1,1"
"58140,1,1"
"58151,1,3"
"58163,1,1"
"58174,1,3"
"58185,1,7"
"58196,1,1"
"58209,1,1"
"58220,1,9"
"58231,1,8"
"58243,1,1"
"58254,1,1"
"58265,0,0"
"58277,0,4"
"58289,0,3"
"58300,0,1"
"58311,0,1"
"58322,0,-1"
"58335,0,1"
"58347,0,1"
"58358,0,1"
"58370,0,6"
"58381,0,1"
"58392,0,1"
"58403,0,1"
"58416,0,0"
"58427,0,1"
"58438,0,1"
"58449,0,0"
"58461,0,1"
"58473,0,1"
"58484,0,1"
"58496,0,0"
"58507,0,1"
"58518,0,1"
"58529,0,1"
"58542,0,-1"
"58554,0,1"
"58565,0,1"
"58576,0,1"
"58588,0,0"
"58599,0,1"
"58611,0,1"
"58622,0,1"
"58634,0,1"
"58645,0,1"
"58656,0,1"
"58668,0,1"
"58680,0,1"
"58691,0,1"
"58702,0,1"
"58714,0,1"
"58725,0,1"
"58736,0,1"
"58748,0,0"
"58760,0,1"
"58771,0,1"
"58782,0,1"
"58793,0,1"
"58806,0,1"
"58817,0,1"
"58828,0,1"
"58840,0,1"
"58851,0,1"
"58862,0,1"
"58874,0,1"
"58886,0,1"
"58897,0,1"
"58908,0,1"
"58919,0,1"
"58931,0,1"
"58943,0,1"
"58954,0,1"
"58966,0,0"
"58977,0,1"
"58988,0,1"
"58999,0,1"
"59012,0,1"
"59023,0,1"
"59034,0,1"
"59045,0,1"
"59057,0,1"
"59068,0,1"
"59080,0,1"
"59091,0,1"
"59103,0,1"
"59114,0,1"
"59125,0,1"
"59137,0,1"
"59149,0,1"
"59160,0,1"
"59171,0,1"
"59183,0,1"
"59194,0,1"
"59206,0,1"
"59217,0,1"
"59229,0,1"
"59240,0,1"
"59251,1,1"
"59262,1,1"
"59275,1,3"
"59286,1,1"
"59297,1,5"
"59309,1,10"
"59321,1,1"
"59332,1,1"
"59344,1,1"
"59356,1,14"
"59368,1,8"
"59379,0,1"
"59390,0,1"
"59402,0,1"
"59414,0,0"
"59425,0,1"
"59437,0,1"
"59448,0,2"
"59459,0,1"
"59471,0,1"
"59483,0,-1"
"59495,0,-1"
"59507,0,1"
"59518,0,1"
"59530,0,-1"
"59543,0,0"
"59554,0,1"
"59566,0,1"
"59577,0,1"
"59588,0,1"
"59599,0,1"
"59612,0,2"
"59623,0,1"
"59634,0,1"
"59645,0,1"
"59657,0,1"
"59668,0,0"
"59680,0,1"
"59692,0,1"
"59703,0,1"
"59714,0,1"
"59725,0,1"
"59738,0,1"
"59749,0,1"
"59760,0,1"
"59771,0,1"
"59783,0,1"
"59794,0,1"
"59806,0,1"
"59817,0,1"
"59829,0,0"
"59840,0,1"
"59851,0,1"
"59863,0,1"
"59875,0,1"
"59886,0,1"
"59897,0,1"
"59909,0,1"
"59920,0,1"
"59931,0,1"
"59943,0,1"
"59955,0,1"
"59966,0,1"
"59977,0,1"
"59988,0,1"
"60000,0,1"
"60012,0,1"
"60023,0,1"
"60035,0,1"
"60046,0,1"
"60057,0,1"
"60068,0,1"
"60081,0,1"
"60092,0,1"
"60103,0,1"
"60114,0,1"
"60126,0,1"
"60138,0,1"
"60149,0,1"
"60161,0,1"
"60172,0,1"
"60183,0,1"
"60194,0,1"
"60207,0,1"
"60218,0,1"
"60229,0,0"
"60240,0,1"
"60252,0,1"
"60263,0,1"
"60275,0,1"
"60286,0,0"
"60298,0,1"
"60309,0,1"
"60320,0,1"
"60332,0,1"
"60344,0,1"
"60355,0,1"
"60366,0,1"
"60378,1,1"
"60389,1,0"
"60400,1,1"
"60412,1,1"
"60424,1,3"
"60435,1,1"
"60446,1,4"
"60457,1,3"
"60470,1,1"
"60481,1,0"
"60492,1,5"
"60504,0,1"
"60515,0,1"
"60526,0,1"
"60538,0,1"
"60550,0,1"
"60561,0,0"
"60572,0,2"
"60583,0,1"
"60595,0,1"
"60607,0,6"
"60618,0,1"
"60630,0,1"
"60641,0,1"
"60652,0,0"
"60663,0,-1"
"60677,0,1"
"60688,0,1"
"60699,0,1"
"60710,0,1"
"60722,0,1"
"60733,0,2"
"60745,0,1"
"60756,0,1"
"60768,0,1"
"60779,0,0"
"60790,0,1"
"60803,0,1"
"60814,0,1"
"60825,0,0"
"60836,0,1"
"60848,0,1"
"60859,0,1"
"60871,0,0"
"60882,0,1"
"60894,0,1"
"60905,0,1"
"60916,0,1"
"60928,0,1"
"60940,0,1"
"60951,0,1"
"60962,0,1"
"60974,0,1"
"60985,0,1"
"60996,0,1"
"61008,0,1"
"61020,0,1"
"61031,0,1"
"61042,0,1"
"61053,0,1"
"61065,0,1"
"61077,0,1"
"61088,0,1"
"61100,0,1"
"61111,0,1"
"61122,0,1"
"61133,0,1"
"61146,0,1"
"61157,0,1"
"61168,0,1"
"61179,0,1"
"61191,0,1"
"61203,0,1"
"61214,0,1"
"61225,0,1"
"61237,0,1"
"61248,0,1"
"61259,0,1"
"61272,0,0"
"61283,0,1"
"61294,0,1"
"61305,0,1"
"61317,0,1"
"61328,0,0"
"61340,0,1"
"61351,0,1"
"61363,0,1"
"61374,0,1"
"61385,0,1"
"61396,0,1"
"61409,0,1"
"61420,0,1"
"61431,0,1"
"61443,0,0"
"61454,0,1"
"61465,0,1"
"61477,0,1"
"61489,0,0"
"61500,1,1"
"61511,1,0"
"61522,1,1"
"61535,1,2"
"61546,1,4"
"61557,1,1"
"61569,1,2"
"61580,1,4"
"61591,1,1"
"61603,1,1"
"61615,1,0"
"61626,0,3"
"61637,0,1"
"61648,0,1"
"61660,0,1"
"61672,0,1"
"61683,0,1"
"61694,0,0"
"61706,0,1"
"61717,0,1"
"61728,0,3"
"61741,0,1"
"61752,0,1"
"61763,0,0"
"61774,0,1"
"61786,0,1"
"61797,0,1"
"61809,0,1"
"61820,0,0"
"61832,0,1"
"61843,0,1"
"61854,0,0"
"61865,0,0"
"61878,0,1"
"61889,0,1"
"61900,0,0"
"61912,0,1"
"61923,0,1"
"61935,0,1"
"61946,0,0"
"61958,0,1"
"61969,0,1"
"61980,0,1"
"61991,0,1"
"62004,0,1"
"62015,0,1"
"62026,0,0"
"62038,0,1"
"62049,0,1"
"62060,0,1"
"62072,0,1"
"62084,0,1"
"62095,0,1"
"62106,0,1"
"62117,0,1"
"62129,0,1"
"62141,0,1"
"62152,0,1"
"62163,0,1"
"62175,0,1"
"62186,0,1"
"62197,0,1"
"62210,0,1"
"62221,0,1"
"62232,0,1"
"62243,0,1"
"62255,0,1"
"62267,0,1"
"62278,0,1"
"62289,0,1"
"62301,0,1"
"62312,0,1"
"62323,0,1"
"62336,0,1"
"62347,0,1"
"62358,0,1"
"62369,0,1"
"62381,0,1"
"62392,0,1"
"62404,0,1"
"62415,0,1"
"62427,0,0"
"62438,0,1"
"62449,0,1"
"62460,0,1"
"62473,0,1"
"62484,0,1"
"62495,0,1"
"62507,0,1"
"62518,0,1"
"62529,0,1"
"62541,0,1"
"62553,0,1"
"62564,0,1"
"62575,0,1"
"62586,0,1"
"62598,0,1"
"62610,0,1"
"62621,1,1"
"62632,1,1"
"62644,1,1"
"62655,1,2"
"62667,1,3"
"62679,1,1"
"62690,1,1"
"62701,1,1"
"62712,1,5"
"62724,1,2"
"62736,1,1"
"62747,0,1"
"62758,0,0"
"62770,0,8"
"62781,0,3"
"62792,0,1"
"62804,0,1"
"62816,0,1"
"62827,0,1"
"62838,0,1"
"62850,0,1"
"62861,0,1"
"62873,0,1"
"62884,0,1"
"62896,0,1"
"62907,0,0"
"62918,0,1"
"62929,0,0"
"62942,0,1"
"62953,0,1"
"62964,0,1"
"62976,0,-1"
"62988,0,0"
"63000,0,1"
"63011,0,1"
"63023,0,0"
"63034,0,1"
"63045,0,1"
"63056,0,1"
"63069,0,0"
"63080,0,1"
"63091,0,1"
"63102,0,1"
"63114,0,1"
"63125,0,1"
"63137,0,1"
"63149,0,1"
"63160,0,1"
"63171,0,1"
"63182,0,0"
"63194,0,1"
"63206,0,1"
"63217,0,1"
"63228,0,1"
"63240,0,1"
"63251,0,1"
"63262,0,0"
"63275,0,1"
"63286,0,1"
"63297,0,1"
"63308,0,1"
"63320,0,1"
"63332,0,1"
"63343,0,1"
"63354,0,1"
"63366,0,1"
"63377,0,1"
"63388,0,1"
"63400,0,1"
"63412,0,1"
"63423,0,1"
"63434,0,1"
"63446,0,1"
"63457,0,1"
"63469,0,1"
"63480,0,1"
"63492,0,1"
"63503,0,1"
"63514,0,1"
"63525,0,1"
"63538,0,1"
"63549,0,1"
"63560,0,1"
"63571,0,1"
"63583,0,1"
"63594,0,1"
"63606,0,1"
"63618,0,1"
"63629,0,1"
"63640,0,1"
"63651,0,1"
"63663,0,1"
"63675,0,1"
"63686,0,1"
"63697,0,1"
"63709,0,1"
"63720,0,1"
"63732,0,1"
"63744,1,0"
"63755,1,0"
"63766,1,1"
"63777,1,0"
"63789,1,4"
"63801,1,2"
"63812,1,1"
"63823,1,1"
"63835,1,1"
"63846,1,6"
"63857,1,4"
"63869,0,1"
"63881,0,1"
"63892,0,1"
"63903,0,1"
"63915,0,1"
"63926,0,1"
"63938,0,1"
"63949,0,1"
"63961,0,1"
"63972,0,1"
"63983,0,2"
"63994,0,1"
"64007,0,1"
"64018,0,1"
"64029,0,4"
"64040,0,1"
"64052,0,1"
"64064,0,0"
"64075,0,1"
"64087,0,1"
"64098,0,1"
"64109,0,2"
"64120,0,1"
"64133,0,1"
"64144,0,1"
"64155,0,0"
"64166,0,1"
"64178,0,1"
"64189,0,1"
"64201,0,0"
"64212,0,1"
"64224,0,1"
"64235,0,1"
"64246,0,1"
"64258,0,1"
"64270,0,1"
"64281,0,1"
"64292,0,1"
"64304,0,1"
"64315,0,1"
"64326,0,1"
"64338,0,1"
"64350,0,1"
"64361,0,1"
"64372,0,1"
"64384,0,1"
"64395,0,1"
"64407,0,1"
"64418,0,1"
"64430,0,1"
"64441,0,1"
"64452,0,1"
"64464,0,1"
"64476,0,1"
"64487,0,1"
"64498,0,1"
"64509,0,1"
"64521,0,1"
"64533,0,1"
"64544,0,1"
"64556,0,1"
"64567,0,1"
"64578,0,1"
"64589,0,1"
"64602,0,1"
"64613,0,1"
"64624,0,1"
"64635,0,1"
"64647,0,1"
"64658,0,1"
"64670,0,1"
"64681,0,1"
"64693,0,1"
"64704,0,1"
"64715,0,1"
"64727,0,1"
"64739,0,1"
"64750,0,1"
"64761,0,1"
"64773,0,1"
"64784,0,1"
"64796,0,1"
"64807,0,1"
"64819,0,1"
"64830,0,1"
"64841,0,1"
"64852,0,1"
"64865,1,1"
"64876,1,1"
"64887,1,1"
"64899,1,2"
"64910,1,5"
"64921,1,0"
"64933,1,1"
"64945,1,1"
"64956,1,2"
"64967,1,4"
"64978,1,1"
"64990,0,1"
"65002,0,1"
"65013,0,2"
"65025,0,1"
"65036,0,1"
"65047,0,1"
"65058,0,1"
"65071,0,1"
"65082,0,1"
"65093,0,1"
"65104,0,1"
"65116,0,1"
"65127,0,1"
"65139,0,1"
"65150,0,1"
"65162,0,0"
"65173,0,0"
"65184,0,1"
"65197,0,1"
"65208,0,1"
"65219,0,1"
"65230,0,0"
"65242,0,1"
"65253,0,1"
"65265,0,0"
"65276,0,1"
"65288,0,1"
"65299,0,1"
"65310,0,1"
"65321,0,1"
"65334,0,1"
"65345,0,1"
"65356,0,1"
"65368,0,1"
"65379,0,0"
"65390,0,1"
"65402,0,1"
"65414,0,1"
"65425,0,1"
"65436,0,1"
"65447,0,1"
"65459,0,1"
"65471,0,1"
"65482,0,1"
"65494,0,1"
"65505,0,1"
"65516,0,1"
"65528,0,1"
"65540,0,1"
"65551,0,1"
"65562,0,1"
"65573,0,1"
"65585,0,1"
"65597,0,1"
"65608,0,1"
"65619,0,1"
"65631,0,1"
"65642,0,1"
"65653,0,1"
"65666,0,1"
"65677,0,1"
"65688,0,1"
"65699,0,1"
"65711,0,1"
"65722,0,1"
"65734,0,1"
"65745,0,1"
"65757,0,1"
"65768,0,1"
"65779,0,1"
"65790,0,1"
"65803,0,1"
"65814,0,1"
"65825,0,1"
"65837,0,1"
"65848,0,0"
"65859,0,1"
"65871,0,1"
"65883,0,1"
"65894,0,1"
"65905,0,1"
"65916,0,1"
"65929,0,1"
"65940,0,1"
"65951,0,1"
"65963,0,1"
"65974,0,1"
"65985,1,1"
"65997,1,1"
"66009,1,1"
"66020,1,2"
"66031,1,1"
"66042,1,1"
"66054,1,0"
"66066,1,6"
"66077,1,1"
"66088,1,1"
"66100,1,1"
"66111,0,0"
"66122,0,0"
"66135,0,1"
"66146,0,1"
"66157,0,1"
"66168,0,1"
"66180,0,1"
"66191,0,1"
"66203,0,1"
"66214,0,-1"
"66227,0,1"
"66238,0,1"
"66249,0,1"
"66262,0,0"
"66273,0,0"
"66284,0,1"
"66295,0,1"
"66307,0,0"
"66318,0,1"
"66330,0,1"
"66341,0,0"
"66353,0,1"
"66364,0,1"
"66375,0,1"
"66386,0,0"
"66399,0,1"
"66410,0,1"
"66421,0,1"
"66433,0,1"
"66444,0,1"
"66455,0,1"
"66467,0,1"
"66479,0,1"
"66490,0,1"
"66501,0,1"
"66512,0,1"
"66524,0,1"
"66536,0,1"
"66547,0,1"
"66558,0,1"
"66570,0,0"
"66581,0,1"
"66593,0,1"
"66605,0,1"
"66616,0,1"
"66627,0,1"
"66638,0,1"
"66650,0,1"
"66662,0,1"
"66673,0,1"
"66684,0,1"
"66696,0,1"
"66707,0,1"
"66718,0,1"
"66731,0,1"
"66742,0,1"
"66753,0,1"
"66764,0,1"
"66776,0,1"
"66787,0,1"
"66799,0,1"
"66810,0,1"
"66822,0,1"
"66833,0,1"
"66844,0,0"
"66855,0,1"
"66868,0,1"
"66879,0,1"
"66890,0,1"
"66902,0,1"
"66913,0,1"
"66924,0,1"
"66936,0,1"
"66948,0,1"
"66959,0,1"
"66970,0,1"
"66981,0,1"
"66994,0,1"
"67005,0,1"
"67016,0,1"
"67027,0,1"
"67039,0,1"
"67050,0,1"
"67062,0,1"
"67074,0,1"
"67085,0,1"
"67096,1,1"
"67107,1,1"
"67119,1,0"
"67131,1,1"
"67142,1,4"
"67153,1,-1"
"67166,1,1"
"67177,1,2"
"67188,1,5"
"67201,1,1"
"67212,1,1"
"67223,1,0"
"67234,0,-1"
"67247,0,0"
"67259,0,1"
"67270,0,1"
"67281,0,1"
"67293,0,0"
"67304,0,1"
"67315,0,1"
"67328,0,1"
"67339,0,5"
"67350,0,1"
"67361,0,1"
"67373,0,1"
"67384,0,1"
"67396,0,0"
"67407,0,1"
"67419,0,1"
"67430,0,0"
"67441,0,1"
"67452,0,1"
"67465,0,1"
"67476,0,1"
"67487,0,1"
"67499,0,1"
"67510,0,-1"
"67522,0,1"
"67534,0,1"
"67546,0,1"
"67557,0,1"
"67568,0,1"
"67579,0,1"
"67592,0,1"
"67603,0,1"
"67614,0,1"
"67625,0,1"
"67637,0,1"
"67648,0,1"
"67660,0,1"
"67672,0,1"
"67683,0,1"
"67694,0,1"
"67705,0,1"
"67717,0,1"
"67729,0,1"
"67740,0,1"
"67751,0,1"
"67763,0,1"
"67774,0,1"
"67785,0,1"
"67798,0,1"
"67809,0,1"
"67820,0,1"
"67831,0,1"
"67843,0,1"
"67854,0,1"
"67866,0,1"
"67877,0,1"
"67889,0,1"
"67900,0,1"
"67911,0,1"
"67922,0,1"
"67935,0,1"
"67946,0,1"
"67957,0,1"
"67969,0,1"
"67980,0,1"
"67992,0,1"
"68003,0,1"
"68015,0,1"
"68026,0,1"
"68037,0,1"
"68048,0,1"
"68061,0,1"
"68072,0,1"
"68083,0,1"
"68094,0,1"
"68106,0,1"
"68117,0,1"
"68129,0,1"
"68141,0,1"
"68152,0,1"
"68163,0,1"
"68174,0,1"
"68186,0,1"
"68198,0,1"
"68209,0,1"
"68220,1,1"
"68232,1,1"
"68243,1,0"
"68254,1,1"
"68267,1,5"
"68278,1,9"
"68289,1,1"
"68300,1,1"
"68312,1,3"
"68324,1,7"
"68335,1,1"
"68346,1,1"
"68358,0,2"
"68369,0,3"
"68380,0,-1"
"68393,0,1"
"68405,0,1"
"68416,0,1"
"68427,0,0"
"68439,0,1"
"68450,0,1"
"68462,0,8"
"68473,0,1"
"68485,0,1"
"68496,0,1"
"68507,0,4"
"68518,0,-1"
"68532,0,1"
"68543,0,1"
"68554,0,1"
"68566,0,1"
"68577,0,1"
"68588,0,2"
"68600,0,1"
"68612,0,1"
"68623,0,1"
"68634,0,-1"
"68646,0,1"
"68659,0,1"
"68670,0,-1"
"68682,0,0"
"68694,0,1"
"68705,0,1"
"68716,0,1"
"68728,0,1"
"68740,0,1"
"68751,0,1"
"68762,0,1"
"68773,0,1"
"68785,0,1"
"68797,0,1"
"68808,0,1"
"68819,0,1"
"68831,0,1"
"68842,0,1"
"68853,0,1"
"68866,0,1"
"68877,0,1"
"68888,0,1"
"68899,0,1"
"68911,0,1"
"68923,0,1"
"68934,0,1"
"68945,0,1"
"68957,0,1"
"68968,0,1"
"68979,0,1"
"68992,0,1"
"69003,0,1"
"69014,0,1"
"69025,0,1"
"69037,0,1"
"69048,0,1"
"69060,0,1"
"69071,0,1"
"69083,0,1"
"69094,0,1"
"69105,0,1"
"69116,0,1"
"69129,0,0"
"69140,0,1"
"69151,0,1"
"69163,0,1"
"69174,0,1"
"69185,0,1"
"69197,0,1"
"69209,0,1"
"69220,0,1"
"69231,0,1"
"69242,0,0"
"69254,0,1"
"69266,0,1"
"69277,0,1"
"69288,0,1"
"69300,0,1"
"69311,0,1"
"69323,0,1"
"69335,0,1"
"69346,1,1"
"69357,1,1"
"69368,1,0"
"69380,1,1"
"69392,1,7"
"69403,1,2"
"69414,1,4"
"69426,1,1"
"69437,1,1"
"69448,1,15"
"69462,1,10"
"69474,0,1"
"69485,0,1"
"69496,0,1"
"69508,0,1"
"69519,0,1"
"69531,0,3"
"69542,0,1"
"69554,0,1"
"69565,0,1"
"69576,0,2"
"69588,0,1"
"69600,0,1"
"69611,0,1"
"69622,0,1"
"69634,0,1"
"69645,0,0"
"69657,0,1"
"69668,0,-1"
"69681,0,1"
"69692,0,1"
"69703,0,1"
"69714,0,1"
"69727,0,1"
"69738,0,1"
"69749,0,0"
"69761,0,1"
"69772,0,1"
"69783,0,1"
"69795,0,0"
"69807,0,1"
"69818,0,1"
"69829,0,1"
"69840,0,1"
"69852,0,1"
"69864,0,1"
"69875,0,1"
"69886,0,1"
"69898,0,1"
"69909,0,0"
"69921,0,1"
"69933,0,1"
"69944,0,1"
"69955,0,1"
"69966,0,-1"
"69979,0,1"
"69991,0,1"
"70002,0,1"
"70013,0,1"
"70025,0,1"
"70036,0,1"
"70047,0,1"
"70060,0,1"
"70071,0,1"
"70082,0,1"
"70093,0,1"
"70105,0,1"
"70116,0,1"
"70128,0,1"
"70139,0,1"
"70151,0,1"
"70162,0,1"
"70173,0,1"
"70184,0,1"
"70197,0,1"
"70208,0,1"
"70219,0,1"
"70231,0,1"
"70242,0,1"
"70254,0,1"
"70265,0,1"
"70277,0,1"
"70288,0,1"
"70299,0,1"
"70310,0,1"
"70323,0,1"
"70334,0,1"
"70345,0,1"
"70356,0,1"
"70368,0,1"
"70379,0,1"
"70391,0,1"
"70403,0,1"
"70414,0,1"
"70425,0,1"
"70436,0,1"
"70448,0,1"
"70460,0,1"
"70471,1,1"
"70482,1,0"
"70494,1,1"
"70505,1,-1"
"70517,1,1"
"70530,1,1"
"70541,1,0"
"70552,1,0"
"70563,1,5"
"70575,1,1"
"70587,1,1"
"70598,0,1"
"70609,0,1"
"70621,0,5"
"70632,0,5"
"70643,0,1"
"70656,0,1"
"70667,0,-1"
"70679,0,1"
"70690,0,1"
"70702,0,1"
"70713,0,1"
"70725,0,1"
"70736,0,1"
"70748,0,0"
"70759,0,1"
"70770,0,1"
"70781,0,0"
"70794,0,1"
"70805,0,1"
"70816,0,1"
"70828,0,1"
"70839,0,1"
"70850,0,1"
"70862,0,1"
"70874,0,1"
"70885,0,1"
"70896,0,1"
"70907,0,1"
"70920,0,1"
"70931,0,1"
"70942,0,1"
"70953,0,1"
"70965,0,1"
"70976,0,1"
"70988,0,1"
"71000,0,1"
"71011,0,0"
"71022,0,1"
"71033,0,1"
"71045,0,1"
"71057,0,1"
"71068,0,1"
"71079,0,1"
"71091,0,1"
"71102,0,1"
"71113,0,1"
"71126,0,1"
"71137,0,1"
"71148,0,1"
"71159,0,1"
"71171,0,1"
"71182,0,1"
"71194,0,1"
"71205,0,1"
"71217,0,1"
"71228,0,1"
"71239,0,1"
"71250,0,1"
"71263,0,1"
"71274,0,1"
"71285,0,1"
"71297,0,1"
"71308,0,1"
"71320,0,1"
"71331,0,1"
"71343,0,1"
"71354,0,1"
"71365,0,1"
"71376,0,1"
"71389,0,1"
"71400,0,1"
"71411,0,1"
"71422,0,1"
"71434,0,1"
"71445,0,1"
"71457,0,1"
"71469,0,1"
"71480,0,1"
"71491,0,1"
"71502,0,1"
"71514,0,1"
"71526,0,1"
"71537,0,1"
"71548,0,1"
"71560,0,1"
"71571,0,1"
"71582,1,1"
"71595,1,1"
"71606,1,2"
"71617,1,1"
"71628,1,3"
"71640,1,10"
"71653,1,0"
"71664,1,1"
"71675,1,1"
"71687,1,7"
"71698,1,11"
"71710,1,0"
"71723,0,1"
"71734,0,1"
"71745,0,5"
"71756,0,1"
"71768,0,1"
"71779,0,1"
"71791,0,1"
"71802,0,1"
"71814,0,1"
"71825,0,2"
"71836,0,1"
"71847,0,1"
"71860,0,1"
"71871,0,1"
"71882,0,0"
"71894,0,1"
"71905,0,0"
"71916,0,1"
"71928,0,1"
"71940,0,1"
"71951,0,2"
"71962,0,1"
"71973,0,1"
"71986,0,1"
"71997,0,1"
"72008,0,0"
"72019,0,1"
"72031,0,1"
"72042,0,1"
"72054,0,1"
"72066,0,1"
"72077,0,1"
"72088,0,1"
"72099,0,1"
"72111,0,1"
"72123,0,1"
"72134,0,1"
"72145,0,1"
"72157,0,1"
"72168,0,0"
"72179,0,1"
"72192,0,1"
"72203,0,1"
"72214,0,1"
"72225,0,1"
"72237,0,1"
"72248,0,0"
"72260,0,1"
"72271,0,1"
"72283,0,1"
"72294,0,1"
"72305,0,1"
"72317,0,1"
"72329,0,1"
"72340,0,1"
"72351,0,1"
"72363,0,1"
"72374,0,1"
"72386,0,1"
"72397,0,1"
"72409,0,1"
"72420,0,1"
"72431,0,1"
"72442,0,1"
"72455,0,1"
"72466,0,1"
"72477,0,1"
"72488,0,1"
"72500,0,1"
"72511,0,1"
"72523,0,1"
"72535,0,1"
"72546,0,1"
"72557,0,1"
"72568,0,1"
"72580,0,1"
"72592,0,1"
"72603,0,1"
"72614,0,1"
"72626,0,1"
"72637,0,1"
"72648,0,1"
"72660,0,1"
"72672,0,1"
"72683,0,1"
"72694,0,1"
"72706,1,1"
"72718,1,1"
"72729,1,1"
"72740,1,1"
"72752,1,3"
"72763,1,7"
"72774,1,0"
"72786,1,1"
"72798,1,1"
"72809,1,8"
"72820,1,9"
"72832,1,1"
"72843,0,1"
"72855,0,1"
"72866,0,5"
"72878,0,1"
"72889,0,1"
"72900,0,1"
"72911,0,1"
"72924,0,1"
"72935,0,1"
"72946,0,2"
"72957,0,1"
"72969,0,1"
"72980,0,1"
"72992,0,1"
"73004,0,1"
"73015,0,1"
"73026,0,1"
"73037,0,0"
"73050,0,1"
"73061,0,1"
"73072,0,1"
"73083,0,1"
"73095,0,1"
"73106,0,1"
"73118,0,0"
"73129,0,1"
"73141,0,1"
"73152,0,1"
"73163,0,1"
"73175,0,1"
"73187,0,1"
"73198,0,1"
"73209,0,1"
"73221,0,1"
"73232,0,1"
"73243,0,1"
"73255,0,1"
"73267,0,1"
"73278,0,1"
"73289,0,1"
"73300,0,1"
"73312,0,1"
"73324,0,1"
"73335,0,1"
"73347,0,1"
"73358,0,1"
"73369,0,1"
"73380,0,1"
"73393,0,1"
"73404,0,1"
"73415,0,1"
"73426,0,1"
"73438,0,1"
"73450,0,1"
"73461,0,1"
"73473,0,1"
"73484,0,1"
"73495,0,1"
"73506,0,1"
"73519,0,1"
"73530,0,1"
"73541,0,1"
"73552,0,1"
"73564,0,1"
"73575,0,1"
"73587,0,1"
"73598,0,1"
"73610,0,1"
"73621,0,1"
"73632,0,1"
"73644,0,1"
"73656,0,1"
"73667,0,1"
"73678,0,1"
"73690,0,1"
"73701,0,1"
"73712,0,1"
"73724,0,1"
"73736,0,1"
"73747,0,1"
"73758,0,1"
"73769,0,1"
"73782,0,1"
"73793,0,1"
"73804,0,1"
"73816,0,1"
"73827,1,1"
"73838,1,1"
"73850,1,-1"
"73863,1,1"
"73874,1,4"
"73885,1,10"
"73897,1,0"
"73909,1,1"
"73921,1,1"
"73932,1,10"
"73945,1,11"
"73957,0,1"
"73968,0,1"
"73979,0,1"
"73992,0,3"
"74003,0,1"
"74014,0,1"
"74025,0,1"
"74037,0,1"
"74049,0,1"
"74060,0,1"
"74072,0,4"
"74083,0,1"
"74094,0,1"
"74105,0,1"
"74118,0,0"
"74129,0,0"
"74140,0,1"
"74151,0,0"
"74163,0,1"
"74174,0,1"
"74186,0,1"
"74198,0,-1"
"74210,0,1"
"74221,0,1"
"74232,0,1"
"74244,0,0"
"74256,0,1"
"74267,0,1"
"74278,0,1"
"74290,0,1"
"74301,0,1"
"74312,0,1"
"74324,0,1"
"74336,0,1"
"74347,0,1"
"74358,0,1"
"74370,0,1"
"74382,0,1"
"74393,0,1"
"74404,0,1"
"74416,0,1"
"74427,0,1"
"74438,0,1"
"74450,0,1"
"74462,0,1"
"74473,0,1"
"74484,0,1"
"74496,0,1"
"74507,0,1"
"74519,0,1"
"74530,0,1"
"74542,0,1"
"74553,0,1"
"74564,0,1"
"74575,0,1"
"74588,0,1"
"74599,0,1"
"74610,0,1"
"74621,0,1"
"74633,0,1"
"74644,0,1"
"74656,0,0"
"74668,0,1"
"74679,0,1"
"74690,0,1"
"74701,0,1"
"74714,0,0"
"74725,0,1"
"74736,0,1"
"74747,0,1"
"74759,0,1"
"74770,0,1"
"74782,0,1"
"74793,0,1"
"74805,0,1"
"74816,0,1"
"74827,0,1"
"74839,0,1"
"74851,0,1"
"74862,0,1"
"74873,0,1"
"74885,0,1"
"74896,0,1"
"74907,0,1"
"74919,0,1"
"74931,0,1"
"74942,0,1"
"74953,1,1"
"74964,1,1"
"74976,1,1"
"74988,1,1"
"74999,1,3"
"75011,1,6"
"75022,1,1"
"75033,1,1"
"75044,1,1"
"75057,1,11"
"75069,1,10"
"75081,0,1"
"75092,0,1"
"75104,0,1"
"75116,0,1"
"75127,0,1"
"75139,0,1"
"75150,0,1"
"75161,0,1"
"75172,0,1"
"75185,0,-1"
"75197,0,0"
"75208,0,1"
"75219,0,1"
"75231,0,1"
"75242,0,1"
"75254,0,1"
"75266,0,1"
"75277,0,1"
"75288,0,0"
"75299,0,1"
"75311,0,0"
"75323,0,1"
"75334,0,1"
"75345,0,1"
"75357,0,0"
"75368,0,0"
"75380,0,1"
"75392,0,1"
"75403,0,1"
"75414,0,1"
"75425,0,1"
"75437,0,1"
"75449,0,1"
"75460,0,1"
"75471,0,1"
"75483,0,1"
"75494,0,1"
"75505,0,1"
"75517,0,1"
"75529,0,1"
"75540,0,1"
"75551,0,1"
"75563,0,1"
"75574,0,0"
"75586,0,1"
"75597,0,1"
"75609,0,1"
"75620,0,1"
"75631,0,1"
"75642,0,1"
"75655,0,0"
"75666,0,1"
"75677,0,1"
"75688,0,1"
"75700,0,1"
"75712,0,0"
"75723,0,1"
"75735,0,1"
"75746,0,1"
"75757,0,1"
"75768,0,1"
"75781,0,1"
"75792,0,1"
"75803,0,1"
"75814,0,1"
"75826,0,1"
"75837,0,1"
"75849,0,1"
"75860,0,1"
"75872,0,1"
"75883,0,1"
"75894,0,0"
"75906,0,1"
"75918,0,1"
"75929,0,1"
"75940,0,1"
"75952,0,1"
"75963,0,1"
"75974,0,1"
"75986,0,1"
"75998,0,1"
"76009,0,1"
"76020,0,1"
"76032,0,1"
"76043,0,1"
"76055,0,1"
"76066,1,1"
"76078,1,1"
"76089,1,1"
"76100,1,1"
"76112,1,5"
"76124,1,3"
"76135,1,1"
"76146,1,4"
"76157,1,6"
"76169,1,1"
"76181,1,1"
"76192,1,1"
"76204,0,3"
"76215,0,3"
"76226,0,1"
"76237,0,1"
"76250,0,1"
"76261,0,1"
"76272,0,0"
"76283,0,1"
"76295,0,1"
"76306,0,4"
"76318,0,1"
"76329,0,1"
"76341,0,1"
"76352,0,1"
"76363,0,-1"
"76376,0,1"
"76388,0,1"
"76399,0,0"
"76410,0,1"
"76422,0,1"
"76433,0,2"
"76445,0,1"
"76456,0,1"
"76468,0,1"
"76479,0,-1"
"76491,0,0"
"76503,0,1"
"76515,0,1"
"76526,0,0"
"76537,0,1"
"76549,0,1"
"76560,0,1"
"76571,0,1"
"76583,0,1"
"76595,0,1"
"76606,0,1"
"76617,0,1"
"76628,0,1"
"76640,0,1"
"76652,0,1"
"76663,0,1"
"76675,0,1"
"76686,0,1"
"76697,0,0"
"76708,0,1"
"76721,0,1"
"76732,0,1"
"76743,0,1"
"76754,0,1"
"76766,0,1"
"76778,0,1"
"76789,0,1"
"76801,0,1"
"76812,0,1"
"76823,0,1"
"76834,0,1"
"76847,0,1"
"76858,0,1"
"76869,0,1"
"76880,0,1"
"76892,0,1"
"76903,0,1"
"76915,0,1"
"76926,0,1"
"76938,0,1"
"76949,0,1"
"76960,0,1"
"76972,0,0"
"76984,0,1"
"76995,0,1"
"77006,0,1"
"77018,0,1"
"77029,0,1"
"77040,0,1"
"77052,0,1"
"77064,0,1"
"77075,0,1"
"77086,0,1"
"77097,0,1"
"77110,0,1"
"77121,0,1"
"77132,0,1"
"77144,0,1"
"77155,0,1"
"77166,0,1"
"77178,0,1"
"77190,1,1"
"77201,1,1"
"77212,1,2"
"77223,1,1"
"77235,1,3"
"77247,1,7"
"77258,1,1"
"77270,1,3"
"77281,1,7"
"77292,1,1"
"77303,1,1"
"77316,1,1"
"77327,0,2"
"77338,0,6"
"77349,0,0"
"77361,0,1"
"77372,0,1"
"77384,0,-1"
"77396,0,1"
"77408,0,1"
"77419,0,1"
"77430,0,7"
"77443,0,1"
"77454,0,1"
"77465,0,1"
"77476,0,2"
"77488,0,1"
"77499,0,1"
"77511,0,1"
"77522,0,0"
"77534,0,1"
"77545,0,1"
"77556,0,2"
"77568,0,1"
"77580,0,1"
"77591,0,1"
"77602,0,0"
"77614,0,1"
"77625,0,1"
"77636,0,1"
"77648,0,1"
"77660,0,1"
"77671,0,1"
"77682,0,1"
"77693,0,1"
"77705,0,1"
"77717,0,1"
"77728,0,1"
"77740,0,1"
"77751,0,1"
"77762,0,1"
"77773,0,1"
"77786,0,1"
"77797,0,1"
"77808,0,1"
"77819,0,1"
"77831,0,1"
"77843,0,1"
"77854,0,1"
"77865,0,1"
"77877,0,1"
"77888,0,1"
"77899,0,1"
"77912,0,1"
"77923,0,1"
"77934,0,0"
"77945,0,1"
"77957,0,1"
"77968,0,1"
"77980,0,1"
"77991,0,1"
"78003,0,1"
"78014,0,1"
"78025,0,1"
"78036,0,1"
"78049,0,1"
"78060,0,1"
"78071,0,1"
"78083,0,1"
"78094,0,1"
"78105,0,1"
"78117,0,1"
"78129,0,1"
"78140,0,1"
"78151,0,1"
"78162,0,1"
"78175,0,1"
"78186,0,1"
"78197,0,1"
"78209,0,1"
"78220,0,1"
"78231,0,1"
"78243,0,1"
"78255,0,1"
"78266,0,1"
"78277,0,1"
"78288,0,1"
"78300,0,1"
"78312,1,1"
"78323,1,1"
"78334,1,4"
"78346,1,1"
"78357,1,3"
"78368,1,11"
"78382,1,1"
"78393,1,1"
"78404,1,3"
"78415,1,11"
"78428,1,2"
"78439,1,1"
"78451,0,1"
"78462,0,7"
"78474,0,4"
"78485,0,1"
"78496,0,1"
"78509,0,1"
"78520,0,1"
"78531,0,1"
"78542,0,1"
"78554,0,8"
"78565,0,1"
"78577,0,1"
"78588,0,1"
"78600,0,-1"
"78612,0,0"
"78623,0,1"
"78635,0,0"
"78647,0,0"
"78658,0,1"
"78669,0,0"
"78681,0,1"
"78692,0,1"
"78703,0,1"
"78715,0,1"
"78727,0,0"
"78738,0,1"
"78749,0,1"
"78760,0,1"
"78772,0,1"
"78784,0,1"
"78795,0,1"
"78807,0,1"
"78818,0,1"
"78829,0,1"
"78841,0,1"
"78853,0,1"
"78864,0,1"
"78875,0,1"
"78886,0,1"
"78898,0,0"
"78910,0,1"
"78921,0,1"
"78932,0,0"
"78944,0,1"
"78955,0,1"
"78966,0,1"
"78979,0,1"
"78990,0,1"
"79001,0,1"
"79012,0,0"
"79024,0,1"
"79035,0,1"
"79047,0,1"
"79058,0,1"
"79070,0,1"
"79081,0,1"
"79092,0,1"
"79104,0,1"
"79116,0,1"
"79127,0,1"
"79138,0,1"
"79150,0,1"
"79161,0,1"
"79173,0,1"
"79184,0,1"
"79196,0,1"
"79207,0,1"
"79218,0,1"
"79229,0,1"
"79242,0,1"
"79253,0,1"
"79264,0,1"
"79276,0,1"
"79287,0,1"
"79298,0,1"
"79310,0,1"
"79322,0,1"
"79333,0,1"
"79344,0,1"
"79355,0,1"
"79367,0,1"
"79379,0,1"
"79390,0,1"
"79401,0,1"
"79413,0,1"
"79424,0,1"
"79435,1,1"
"79448,1,1"
"79459,1,2"
"79470,1,1"
"79481,1,6"
"79493,1,15"
"79506,1,1"
"79517,1,1"
"79528,1,1"
"79540,1,15"
"79552,1,11"
"79564,0,1"
"79577,0,1"
"79588,0,1"
"79599,0,1"
"79610,0,1"
"79622,0,1"
"79633,0,1"
"79645,0,1"
"79656,0,1"
"79668,0,1"
"79679,0,6"
"79690,0,0"
"79702,0,1"
"79714,0,1"
"79725,0,0"
"79736,0,3"
"79748,0,1"
"79759,0,1"
"79770,0,1"
"79782,0,1"
"79794,0,1"
"79805,0,-1"
"79817,0,1"
"79828,0,1"
"79841,0,1"
"79852,0,0"
"79863,0,1"
"79875,0,1"
"79886,0,1"
"79897,0,0"
"79909,0,1"
"79921,0,1"
"79932,0,1"
"79943,0,1"
"79954,0,1"
"79966,0,1"
"79978,0,1"
"79989,0,1"
"80001,0,1"
"80012,0,1"
"80023,0,1"
"80034,0,1"
"80047,0,1"
"80058,0,1"
"80069,0,1"
"80080,0,1"
"80092,0,1"
"80103,0,1"
"80115,0,1"
"80126,0,1"
"80138,0,1"
"80149,0,1"
"80160,0,1"
"80173,0,1"
"80184,0,1"
"80195,0,1"
"80206,0,1"
"80218,0,1"
"80229,0,1"
"80241,0,1"
"80252,0,1"
"80264,0,1"
"80275,0,1"
"80286,0,1"
"80297,0,1"
"80310,0,1"
"80321,0,1"
"80332,0,1"
"80344,0,1"
"80355,0,1"
"80366,0,1"
"80378,0,1"
"80390,0,1"
"80401,0,1"
"80412,0,1"
"80423,0,1"
"80435,0,1"
"80447,0,1"
"80458,0,1"
"80470,0,1"
"80481,0,1"
"80492,0,1"
"80504,0,1"
"80516,0,1"
"80527,0,1"
"80538,0,1"
"80549,0,1"
"80561,1,1"
"80573,1,-1"
"80585,1,1"
"80596,1,3"
"80608,1,6"
"80619,1,1"
"80630,1,1"
"80643,1,7"
"80654,1,4"
"80665,1,1"
"80676,1,1"
"80688,0,1"
"80699,0,5"
"80711,0,-2"
"80723,0,1"
"80735,0,1"
"80746,0,1"
"80757,0,1"
"80769,0,1"
"80781,0,1"
"80792,0,1"
"80803,0,3"
"80815,0,1"
"80826,0,1"
"80838,0,0"
"80849,0,1"
"80861,0,2"
"80872,0,1"
"80883,0,1"
"80894,0,1"
"80907,0,1"
"80918,0,2"
"80929,0,1"
"80941,0,1"
"80952,0,1"
"80963,0,0"
"80975,0,0"
"80987,0,1"
"80998,0,1"
"81009,0,1"
"81020,0,0"
"81032,0,1"
"81044,0,1"
"81055,0,1"
"81067,0,1"
"81078,0,1"
"81089,0,1"
"81100,0,1"
"81113,0,1"
"81124,0,0"
"81135,0,1"
"81146,0,1"
"81158,0,1"
"81170,0,1"
"81181,0,1"
"81192,0,1"
"81204,0,1"
"81215,0,1"
"81226,0,1"
"81239,0,1"
"81250,0,1"
"81261,0,1"
"81272,0,1"
"81284,0,1"
"81295,0,1"
"81307,0,1"
"81318,0,1"
"81330,0,1"
"81341,0,1"
"81352,0,1"
"81363,0,1"
"81376,0,1"
"81387,0,1"
"81398,0,1"
"81410,0,1"
"81421,0,0"
"81432,0,1"
"81444,0,1"
"81456,0,1"
"81467,0,1"
"81478,0,1"
"81489,0,1"
"81501,0,1"
"81513,0,1"
"81524,0,1"
"81536,0,1"
"81547,0,1"
"81558,0,1"
"81570,0,1"
"81582,0,1"
"81593,0,1"
"81604,0,1"
"81615,0,1"
"81627,0,1"
"81639,0,1"
"81650,0,1"
"81661,0,1"
"81673,1,1"
"81684,1,1"
"81695,1,2"
"81708,1,1"
"81719,1,3"
"81730,1,2"
"81741,1,1"
"81753,1,2"
"81764,1,6"
"81776,1,1"
"81787,1,1"
"81799,1,1"
"81810,0,0"
"81821,0,1"
"81832,0,1"
"81845,0,1"
"81856,0,1"
"81867,0,1"
"81879,0,0"
"81890,0,1"
"81902,0,1"
"81913,0,-1"
"81926,0,2"
"81937,0,1"
"81948,0,1"
"81959,0,0"
"81972,0,2"
"81983,0,0"
"81994,0,1"
"82006,0,1"
"82017,0,1"
"82028,0,1"
"82040,0,1"
"82052,0,1"
"82063,0,1"
"82074,0,1"
"82085,0,1"
"82097,0,1"
"82109,0,1"
"82120,0,1"
"82131,0,1"
"82143,0,0"
"82154,0,1"
"82165,0,1"
"82178,0,1"
"82189,0,1"
"82200,0,1"
"82211,0,1"
"82223,0,1"
"82235,0,1"
"82246,0,1"
"82257,0,1"
"82269,0,1"
"82280,0,1"
"82291,0,1"
"82304,0,1"
"82315,0,1"
"82326,0,1"
"82337,0,1"
"82349,0,1"
"82360,0,1"
"82372,0,1"
"82383,0,1"
"82395,0,1"
"82406,0,1"
"82417,0,1"
"82428,0,1"
"82441,0,1"
"82452,0,1"
"82463,0,1"
"82475,0,1"
"82486,0,1"
"82497,0,1"
"82509,0,1"
"82521,0,1"
"82532,0,1"
"82543,0,1"
"82554,0,1"
"82566,0,1"
"82578,0,1"
"82589,0,1"
"82600,0,1"
"82612,0,1"
"82623,0,1"
"82635,0,1"
"82647,0,1"
"82658,0,1"
"82669,0,1"
"82680,0,1"
"82692,0,1"
"82704,0,1"
"82715,0,1"
"82726,0,1"
"82738,0,1"
"82749,0,1"
"82760,0,1"
"82772,0,1"
"82784,0,1"
"82795,1,1"
"82806,1,1"
"82818,1,2"
"82829,1,1"
"82841,1,5"
"82852,1,3"
"82864,1,1"
"82875,1,2"
"82886,1,5"
"82897,1,0"
"82910,1,1"
"82921,1,1"
"82932,0,0"
"82944,0,3"
"82955,0,1"
"82967,0,1"
"82978,0,1"
"82990,0,1"
"83001,0,0"
"83012,0,1"
"83023,0,1"
"83036,0,3"
"83047,0,0"
"83058,0,1"
"83069,0,1"
"83081,0,0"
"83092,0,1"
"83104,0,0"
"83116,0,1"
"83127,0,1"
"83138,0,1"
"83149,0,1"
"83161,0,2"
"83173,0,1"
"83184,0,1"
"83195,0,1"
"83207,0,1"
"83218,0,0"
"83229,0,1"
"83241,0,1"
"83253,0,1"
"83264,0,1"
"83275,0,1"
"83287,0,1"
"83298,0,1"
"83310,0,1"
"83321,0,1"
"83333,0,1"
"83344,0,1"
"83355,0,1"
"83367,0,1"
"83379,0,1"
"83390,0,1"
"83401,0,1"
"83412,0,1"
"83424,0,1"
"83436,0,1"
"83447,0,1"
"83459,0,1"
"83470,0,1"
"83481,0,1"
"83492,0,1"
"83505,0,1"
"83516,0,1"
"83527,0,1"
"83538,0,1"
"83550,0,1"
"83561,0,1"
"83573,0,1"
"83585,0,1"
"83596,0,1"
"83607,0,1"
"83618,0,1"
"83630,0,1"
"83642,0,1"
"83653,0,1"
"83664,0,1"
"83676,0,1"
"83687,0,1"
"83699,0,1"
"83710,0,1"
"83722,0,1"
"83733,0,1"
"83744,0,1"
"83756,0,1"
"83768,0,1"
"83779,0,1"
"83790,0,1"
"83802,0,1"
"83813,0,1"
"83824,0,1"
"83836,0,1"
"83848,0,1"
"83859,0,1"
"83870,0,1"
"83881,0,1"
"83893,0,1"
"83905,0,1"
"83916,1,1"
"83928,1,1"
"83939,1,2"
"83950,1,1"
"83961,1,5"
"83974,1,4"
"83985,1,1"
"83996,1,0"
"84007,1,8"
"84019,1,1"
"84030,1,1"
"84042,1,1"
"84054,0,1"
"84065,0,5"
"84076,0,1"
"84087,0,1"
"84100,0,1"
"84111,0,1"
"84122,0,0"
"84133,0,1"
"84145,0,1"
"84156,0,3"
"84168,0,1"
"84179,0,1"
"84191,0,1"
"84202,0,0"
"84213,0,0"
"84225,0,1"
"84237,0,1"
"84248,0,1"
"84259,0,1"
"84271,0,1"
"84282,0,1"
"84293,0,1"
"84305,0,1"
"84317,0,1"
"84328,0,1"
"84339,0,1"
"84350,0,1"
"84362,0,1"
"84374,0,1"
"84385,0,1"
"84397,0,1"
"84408,0,1"
"84419,0,1"
"84431,0,1"
"84443,0,1"
"84454,0,1"
"84465,0,1"
"84476,0,1"
"84488,0,1"
"84500,0,1"
"84511,0,1"
"84523,0,1"
"84534,0,1"
"84545,0,1"
"84556,0,1"
"84569,0,1"
"84580,0,1"
"84591,0,0"
"84602,0,1"
"84614,0,1"
"84625,0,1"
"84637,0,1"
"84648,0,1"
"84660,0,1"
"84671,0,1"
"84682,0,1"
"84694,0,1"
"84706,0,1"
"84717,0,1"
"84728,0,1"
"84740,0,1"
"84751,0,1"
"84762,0,1"
"84774,0,1"
"84786,0,1"
"84797,0,1"
"84808,0,1"
"84819,0,1"
"84832,0,1"
"84843,0,1"
"84854,0,1"
"84866,0,1"
"84877,0,1"
"84888,0,1"
"84900,0,1"
"84912,0,1"
"84923,0,1"
"84934,0,1"
"84945,0,1"
"84957,0,1"
"84969,0,1"
"84980,0,1"
"84992,0,1"
"85003,0,1"
"85014,0,1"
"85025,0,1"
"85038,1,1"
"85049,1,0"
"85060,1,2"
"85071,1,1"
"85083,1,4"
"85094,1,11"
"85107,1,1"
"85118,1,1"
"85130,1,0"
"85141,1,6"
"85152,1,1"
"85165,1,1"
"85176,0,1"
"85187,0,5"
"85198,0,2"
"85210,0,1"
"85221,0,1"
"85233,0,1"
"85244,0,0"
"85256,0,1"
"85267,0,1"
"85278,0,4"
"85289,0,0"
"85302,0,1"
"85313,0,1"
"85324,0,0"
"85336,0,1"
"85347,0,1"
"85358,0,1"
"85370,0,-1"
"85383,0,1"
"85394,0,1"
"85405,0,0"
"85416,0,1"
"85428,0,1"
"85440,0,1"
"85451,0,1"
"85463,0,1"
"85474,0,1"
"85485,0,1"
"85497,0,0"
"85509,0,1"
"85520,0,1"
"85531,0,1"
"85542,0,1"
"85554,0,1"
"85566,0,1"
"85577,0,1"
"85588,0,1"
"85600,0,1"
"85611,0,1"
"85622,0,1"
"85635,0,1"
"85646,0,1"
"85657,0,1"
"85668,0,1"
"85680,0,1"
"85691,0,1"
"85703,0,1"
"85714,0,1"
"85726,0,1"
"85737,0,1"
"85748,0,0"
"85760,0,1"
"85772,0,0"
"85783,0,1"
"85794,0,1"
"85806,0,1"
"85817,0,1"
"85829,0,1"
"85840,0,1"
"85852,0,1"
"85863,0,1"
"85874,0,1"
"85885,0,1"
"85898,0,1"
"85909,0,1"
"85920,0,1"
"85932,0,1"
"85943,0,1"
"85954,0,1"
"85966,0,1"
"85978,0,1"
"85989,0,1"
"86000,0,1"
"86011,0,1"
"86023,0,1"
"86035,0,1"
"86046,0,1"
"86057,0,1"
"86069,0,1"
"86080,0,1"
"86091,0,1"
"86104,0,1"
"86115,0,1"
"86126,0,0"
"86137,0,1"
"86149,0,1"
"86160,1,1"
"86172,1,1"
"86183,1,2"
"86195,1,1"
"86206,1,3"
"86217,1,9"
"86230,1,1"
"86241,1,1"
"86252,1,5"
"86263,1,6"
"86275,1,1"
"86286,1,1"
"86298,0,2"
"86309,0,4"
"86321,0,0"
"86332,0,1"
"86343,0,1"
"86354,0,1"
"86367,0,0"
"86378,0,1"
"86389,0,1"
"86401,0,7"
"86412,0,1"
"86423,0,1"
"86435,0,1"
"86447,0,3"
"86458,0,1"
"86469,0,1"
"86480,0,1"
"86492,0,0"
"86504,0,1"
"86515,0,1"
"86526,0,1"
"86538,0,1"
"86549,0,1"
"86561,0,1"
"86573,0,1"
"86584,0,1"
"86595,0,1"
"86606,0,0"
"86618,0,0"
"86630,0,1"
"86641,0,1"
"86652,0,1"
"86664,0,1"
"86675,0,1"
"86686,0,1"
"86699,0,1"
"86710,0,1"
"86721,0,1"
"86732,0,1"
"86744,0,1"
"86755,0,1"
"86767,0,1"
"86778,0,1"
"86790,0,1"
"86801,0,1"
"86812,0,1"
"86823,0,1"
"86836,0,0"
"86847,0,1"
"86858,0,1"
"86870,0,0"
"86881,0,1"
"86892,0,1"
"86904,0,1"
"86916,0,1"
"86927,0,1"
"86938,0,1"
"86949,0,1"
"86962,0,1"
"86973,0,1"
"86984,0,1"
"86995,0,1"
"87007,0,1"
"87018,0,1"
"87030,0,1"
"87042,0,1"
"87053,0,1"
"87064,0,1"
"87075,0,1"
"87087,0,1"
"87099,0,1"
"87110,0,1"
"87121,0,1"
"87133,0,0"
"87144,0,1"
"87155,0,1"
"87168,0,1"
"87179,0,1"
"87190,0,1"
"87201,0,1"
"87213,0,1"
"87224,0,1"
"87236,0,1"
"87247,0,1"
"87259,0,1"
"87270,0,1"
"87281,1,1"
"87293,1,1"
"87305,1,1"
"87316,1,1"
"87327,1,3"
"87339,1,9"
"87350,1,1"
"87362,1,1"
"87373,1,3"
"87385,1,8"
"87396,1,1"
"87407,1,1"
"87418,0,1"
"87431,0,4"
"87442,0,2"
"87453,0,1"
"87464,0,1"
"87476,0,1"
"87487,0,1"
"87499,0,1"
"87511,0,1"
"87522,0,6"
"87533,0,1"
"87544,0,1"
"87556,0,1"
"87568,0,3"
"87579,0,0"
"87590,0,1"
"87602,0,1"
"87613,0,0"
"87624,0,1"
"87636,0,1"
"87648,0,1"
"87659,0,1"
"87670,0,1"
"87682,0,1"
"87694,0,2"
"87705,0,1"
"87716,0,1"
"87728,0,1"
"87739,0,0"
"87750,0,1"
"87762,0,1"
"87774,0,1"
"87785,0,1"
"87796,0,1"
"87808,0,1"
"87819,0,1"
"87831,0,1"
"87842,0,1"
"87854,0,1"
"87865,0,1"
"87876,0,1"
"87887,0,1"
"87900,0,1"
"87911,0,1"
"87922,0,1"
"87933,0,0"
"87945,0,1"
"87956,0,1"
"87968,0,1"
"87980,0,1"
"87991,0,1"
"88002,0,1"
"88013,0,1"
"88026,0,1"
"88037,0,1"
"88048,0,1"
"88059,0,1"
"88071,0,1"
"88082,0,1"
"88094,0,1"
"88105,0,1"
"88117,0,1"
"88128,0,1"
"88139,0,1"
"88151,0,1"
"88163,0,1"
"88174,0,1"
"88185,0,1"
"88197,0,1"
"88208,0,1"
"88219,0,1"
"88231,0,1"
"88243,0,1"
"88254,0,1"
"88265,0,1"
"88276,0,1"
"88288,0,1"
"88300,0,1"
"88311,0,1"
"88323,0,1"
"88334,0,1"
"88345,0,1"
"88356,0,0"
"88369,0,1"
"88380,0,1"
"88391,0,1"
"88402,1,1"
"88414,1,1"
"88426,1,2"
"88437,1,1"
"88449,1,3"
"88460,1,8"
"88471,1,1"
"88482,1,1"
"88495,1,6"
"88506,1,7"
"88517,1,1"
"88528,1,1"
"88540,0,1"
"88551,0,3"
"88563,0,2"
"88574,0,1"
"88586,0,1"
"88597,0,0"
"88608,0,1"
"88620,0,1"
"88632,0,1"
"88643,0,6"
"88654,0,1"
"88666,0,1"
"88677,0,1"
"88688,0,-1"
"88701,0,0"
"88713,0,1"
"88724,0,1"
"88735,0,1"
"88747,0,1"
"88759,0,1"
"88770,0,1"
"88781,0,1"
"88793,0,1"
"88804,0,1"
"88815,0,1"
"88827,0,1"
"88839,0,1"
"88850,0,1"
"88861,0,0"
"88872,0,1"
"88884,0,1"
"88896,0,1"
"88907,0,1"
"88919,0,1"
"88930,0,1"
"88941,0,1"
"88952,0,1"
"88965,0,1"
"88976,0,0"
"88987,0,1"
"88998,0,1"
"89010,0,1"
"89021,0,1"
"89033,0,1"
"89044,0,1"
"89056,0,1"
"89067,0,1"
"89078,0,1"
"89091,0,1"
"89102,0,1"
"89113,0,1"
"89124,0,1"
"89136,0,1"
"89147,0,1"
"89159,0,1"
"89170,0,1"
"89182,0,1"
"89193,0,1"
"89204,0,1"
"89216,0,1"
"89228,0,1"
"89239,0,0"
"89250,0,1"
"89262,0,1"
"89273,0,1"
"89284,0,1"
"89296,0,1"
"89308,0,1"
"89319,0,1"
"89330,0,1"
"89341,0,1"
"89353,0,1"
"89365,0,1"
"89376,0,1"
"89388,0,1"
"89399,0,1"
"89410,0,1"
"89421,0,1"
"89434,0,1"
"89445,0,1"
"89456,0,1"
"89467,0,1"
"89479,0,1"
"89491,0,1"
"89502,0,1"
"89513,0,1"
"89525,1,1"
"89536,1,0"
"89547,1,1"
"89560,1,1"
"89571,1,2"
"89582,1,9"
"89593,1,1"
"89605,1,1"
"89616,1,1"
"89628,1,9"
"89639,1,2"
"89651,1,1"
"89662,0,1"
"89673,0,-1"
"89686,0,2"
"89698,0,1"
"89709,0,1"
"89720,0,0"
"89732,0,1"
"89743,0,1"
"89754,0,1"
"89766,0,4"
"89778,0,1"
"89789,0,1"
"89800,0,0"
"89811,0,0"
"89824,0,1"
"89835,0,1"
"89846,0,1"
"89858,0,1"
"89869,0,1"
"89880,0,0"
"89892,0,1"
"89904,0,1"
"89915,0,1"
"89926,0,1"
"89937,0,1"
"89949,0,1"
"89961,0,1"
"89972,0,1"
"89984,0,1"
"89995,0,1"
"90006,0,1"
"90017,0,0"
"90030,0,1"
"90041,0,1"
"90052,0,1"
"90063,0,1"
"90075,0,1"
"90086,0,1"
"90098,0,1"
"90109,0,1"
"90121,0,1"
"90132,0,1"
"90143,0,1"
"90156,0,1"
"90167,0,1"
"90178,0,1"
"90189,0,1"
"90201,0,1"
"90212,0,1"
"90224,0,1"
"90235,0,1"
"90247,0,1"
"90258,0,1"
"90269,0,1"
"90280,0,1"
"90293,0,1"
"90304,0,1"
"90315,0,1"
"90327,0,1"
"90338,0,1"
"90349,0,1"
"90361,0,1"
"90373,0,1"
"90384,0,1"
"90395,0,1"
"90406,0,1"
"90418,0,1"
"90430,0,1"
"90441,0,1"
"90452,0,1"
"90464,0,1"
"90475,0,1"
"90486,0,1"
"90499,0,1"
"90510,0,1"
"90521,0,1"
"90532,0,1"
"90544,0,1"
"90556,0,1"
"90567,0,1"
"90578,0,1"
"90590,0,1"
"90601,0,1"
"90612,0,1"
"90625,0,1"
"90636,0,1"
"90647,1,1"
"90658,1,1"
"90670,1,1"
"90681,1,1"
"90693,1,2"
"90704,1,9"
"90716,1,1"
"90727,1,1"
"90738,1,0"
"90749,1,11"
"90763,1,3"
"90774,0,1"
"90785,0,1"
"90797,0,1"
"90808,0,3"
"90819,0,1"
"90831,0,1"
"90843,0,1"
"90854,0,1"
"90865,0,1"
"90876,0,1"
"90889,0,6"
"90900,0,1"
"90911,0,1"
"90923,0,0"
"90934,0,1"
"90945,0,1"
"90957,0,1"
"90969,0,1"
"90980,0,0"
"90991,0,1"
"91002,0,1"
"91014,0,-1"
"91027,0,1"
"91038,0,1"
"91049,0,1"
"91061,0,1"
"91072,0,1"
"91083,0,1"
"91096,0,1"
"91107,0,0"
"91118,0,1"
"91129,0,1"
"91141,0,1"
"91152,0,1"
"91164,0,1"
"91175,0,1"
"91187,0,1"
"91198,0,1"
"91209,0,1"
"91222,0,0"
"91233,0,1"
"91244,0,1"
"91255,0,1"
"91267,0,1"
"91278,0,1"
"91290,0,1"
"91301,0,1"
"91313,0,1"
"91324,0,1"
"91335,0,1"
"91346,0,1"
"91359,0,1"
"91370,0,1"
"91381,0,1"
"91393,0,1"
"91404,0,1"
"91415,0,1"
"91427,0,1"
"91439,0,1"
"91450,0,1"
"91461,0,1"
"91472,0,1"
"91484,0,1"
"91496,0,1"
"91507,0,1"
"91518,0,1"
"91530,0,1"
"91541,0,1"
"91553,0,1"
"91565,0,1"
"91576,0,1"
"91587,0,1"
"91598,0,1"
"91610,0,1"
"91622,0,1"
"91633,0,1"
"91644,0,1"
"91656,0,1"
"91667,0,1"
"91678,0,1"
"91691,0,1"
"91702,0,1"
"91713,0,1"
"91724,0,1"
"91736,0,1"
"91747,0,1"
"91759,0,1"
"91770,1,1"
"91782,1,1"
"91793,1,1"
"91804,1,1"
"91815,1,2"
"91828,1,5"
"91839,1,2"
"91850,1,1"
"91862,1,1"
"91873,1,9"
"91884,1,4"
"91896,0,1"
"91908,0,1"
"91919,0,1"
"91930,0,1"
"91941,0,1"
"91954,0,1"
"91965,0,1"
"91976,0,1"
"91987,0,1"
"91999,0,0"
"92010,0,3"
"92022,0,1"
"92034,0,1"
"92045,0,0"
"92056,0,0"
"92067,0,1"
"92079,0,1"
"92091,0,0"
"92102,0,1"
"92113,0,1"
"92125,0,0"
"92136,0,1"
"92147,0,1"
"92160,0,1"
"92171,0,1"
"92182,0,0"
"92193,0,1"
"92205,0,1"
"92216,0,1"
"92228,0,1"
"92239,0,1"
"92251,0,1"
"92262,0,1"
"92273,0,1"
"92285,0,1"
"92297,0,1"
"92308,0,1"
"92319,0,1"
"92331,0,1"
"92342,0,1"
"92354,0,1"
"92365,0,1"
"92377,0,1"
"92388,0,1"
"92399,0,1"
"92410,0,1"
"92423,0,1"
"92434,0,1"
"92445,0,1"
"92456,0,1"
"92468,0,1"
"92479,0,1"
"92491,0,1"
"92503,0,1"
"92514,0,1"
"92525,0,1"
"92536,0,1"
"92548,0,1"
"92560,0,1"
"92571,0,1"
"92582,0,1"
"92594,0,1"
"92605,0,1"
"92616,0,1"
"92628,0,1"
"92640,0,1"
"92651,0,1"
"92662,0,1"
"92674,0,1"
"92686,0,1"
"92697,0,1"
"92708,0,1"
"92720,0,1"
"92731,0,1"
"92742,0,1"
"92754,0,1"
"92766,0,1"
"92777,0,1"
"92788,0,1"
"92800,0,1"
"92811,0,1"
"92823,0,1"
"92834,0,1"
"92846,0,1"
"92857,0,1"
"92868,0,1"
"92879,0,1"
"92892,1,1"
"92903,1,1"
"92914,1,1"
"92925,1,1"
"92937,1,2"
"92948,1,4"
"92960,1,4"
"92972,1,1"
"92983,1,1"
"92994,1,8"
"93005,1,5"
"93018,0,1"
"93029,0,1"
"93040,0,1"
"93051,0,1"
"93063,0,1"
"93074,0,1"
"93086,0,0"
"93097,0,1"
"93109,0,1"
"93120,0,1"
"93131,0,1"
"93143,0,1"
"93155,0,1"
"93166,0,1"
"93177,0,1"
"93189,0,1"
"93200,0,1"
"93211,0,0"
"93223,0,1"
"93235,0,1"
"93246,0,1"
"93257,0,1"
"93268,0,1"
"93280,0,1"
"93292,0,0"
"93303,0,1"
"93315,0,1"
"93326,0,1"
"93337,0,1"
"93348,0,1"
"93361,0,1"
"93372,0,1"
"93383,0,1"
"93394,0,1"
"93406,0,1"
"93418,0,1"
"93429,0,1"
"93441,0,1"
"93452,0,1"
"93463,0,1"
"93474,0,1"
"93487,0,1"
"93498,0,1"
"93509,0,1"
"93520,0,1"
"93532,0,1"
"93543,0,1"
"93555,0,1"
"93566,0,1"
"93578,0,1"
"93589,0,1"
"93600,0,1"
"93612,0,1"
"93624,0,1"
"93635,0,1"
"93646,0,1"
"93658,0,1"
"93669,0,1"
"93680,0,1"
"93692,0,1"
"93704,0,1"
"93715,0,1"
"93726,0,1"
"93737,0,1"
"93750,0,1"
"93761,0,1"
"93772,0,1"
"93784,0,1"
"93795,0,1"
"93806,0,1"
"93818,0,1"
"93830,0,0"
"93841,0,1"
"93852,0,1"
"93863,0,1"
"93875,0,1"
"93887,0,1"
"93898,0,1"
"93910,0,1"
"93921,0,1"
"93932,0,1"
"93943,0,1"
"93956,0,1"
"93967,0,1"
"93978,0,1"
"93989,0,1"
"94001,0,1"
"94012,1,1"
"94024,1,1"
"94035,1,1"
"94047,1,1"
"94058,1,0"
"94069,1,2"
"94081,1,4"
"94093,1,1"
"94104,1,1"
"94115,1,4"
"94127,1,5"
"94138,0,1"
"94150,0,1"
"94161,0,1"
"94173,0,0"
"94184,0,1"
"94195,0,1"
"94206,0,1"
"94219,0,1"
"94230,0,1"
"94241,0,2"
"94253,0,2"
"94264,0,1"
"94275,0,1"
"94287,0,0"
"94299,0,0"
"94310,0,1"
"94321,0,1"
"94332,0,1"
"94344,0,1"
"94356,0,1"
"94367,0,1"
"94379,0,1"
"94390,0,1"
"94401,0,1"
"94412,0,1"
"94425,0,1"
"94436,0,1"
"94447,0,1"
"94458,0,1"
"94470,0,1"
"94482,0,1"
"94493,0,1"
"94504,0,1"
"94516,0,1"
"94527,0,1"
"94538,0,1"
"94551,0,0"
"94562,0,1"
"94573,0,1"
"94584,0,1"
"94596,0,1"
"94607,0,1"
"94619,0,1"
"94630,0,0"
"94642,0,1"
"94653,0,1"
"94664,0,1"
"94675,0,1"
"94688,0,1"
"94699,0,1"
"94710,0,1"
"94722,0,1"
"94733,0,1"
"94744,0,1"
"94756,0,1"
"94768,0,1"
"94779,0,1"
"94790,0,1"
"94801,0,1"
"94813,0,1"
"94825,0,1"
"94836,0,1"
"94848,0,1"
"94859,0,1"
"94870,0,1"
"94882,0,1"
"94894,0,1"
"94905,0,1"
"94916,0,1"
"94927,0,1"
"94939,0,1"
"94951,0,1"
"94962,0,1"
"94973,0,1"
"94985,0,1"
"94996,0,1"
"95007,0,1"
"95020,0,1"
"95031,0,1"
"95042,0,1"
"95053,0,1"
"95065,0,1"
"95076,0,1"
"95088,0,1"
"95099,0,1"
"95111,0,1"
"95122,0,1"
"95133,1,1"
"95144,1,1"
"95157,1,1"
"95168,1,1"
"95179,1,3"
"95191,1,7"
"95202,1,0"
"95214,1,1"
"95225,1,1"
"95237,1,7"
"95248,1,5"
"95259,0,1"
"95270,0,1"
"95283,0,1"
"95294,0,3"
"95305,0,1"
"95316,0,1"
"95328,0,0"
"95339,0,1"
"95351,0,1"
"95363,0,0"
"95374,0,2"
"95385,0,1"
"95396,0,1"
"95408,0,1"
"95420,0,0"
"95431,0,1"
"95442,0,1"
"95454,0,1"
"95465,0,1"
"95476,0,1"
"95489,0,1"
"95500,0,1"
"95511,0,1"
"95522,0,1"
"95534,0,-1"
"95547,0,1"
"95558,0,1"
"95569,0,1"
"95581,0,1"
"95592,0,0"
"95603,0,1"
"95616,0,1"
"95627,0,1"
"95638,0,1"
"95649,0,1"
"95661,0,1"
"95672,0,1"
"95684,0,1"
"95695,0,1"
"95707,0,1"
"95718,0,1"
"95729,0,1"
"95740,0,1"
"95753,0,1"
"95764,0,1"
"95775,0,1"
"95787,0,1"
"95798,0,1"
"95809,0,1"
"95821,0,1"
"95833,0,1"
"95844,0,1"
"95855,0,1"
"95866,0,1"
"95878,0,-1"
"95891,0,1"
"95902,0,1"
"95913,0,1"
"95925,0,1"
"95936,0,1"
"95948,0,1"
"95960,0,1"
"95971,0,1"
"95982,0,1"
"95993,0,1"
"96005,0,1"
"96017,0,1"
"96028,0,1"
"96039,0,1"
"96051,0,1"
"96062,0,1"
"96073,0,0"
"96086,0,1"
"96097,0,1"
"96108,0,1"
"96119,0,1"
"96131,0,1"
"96142,0,1"
"96154,0,1"
"96165,0,1"
"96177,0,1"
"96188,0,1"
"96199,0,1"
"96210,0,1"
"96223,0,1"
"96234,0,1"
"96245,0,1"
"96257,1,1"
"96268,1,1"
"96280,1,1"
"96291,1,1"
"96303,1,0"
"96314,1,2"
"96325,1,3"
"96336,1,1"
"96349,1,1"
"96360,1,4"
"96371,1,8"
"96382,0,1"
"96394,0,1"
"96405,0,1"
"96417,0,0"
"96429,0,1"
"96440,0,1"
"96451,0,0"
"96462,0,1"
"96474,0,1"
"96486,0,1"
"96497,0,1"
"96508,0,1"
"96520,0,1"
"96531,0,1"
"96542,0,-1"
"96556,0,1"
"96567,0,1"
"96578,0,1"
"96589,0,1"
"96601,0,1"
"96613,0,0"
"96624,0,1"
"96635,0,1"
"96647,0,1"
"96658,0,0"
"96669,0,1"
"96681,0,1"
"96693,0,1"
"96704,0,1"
"96715,0,1"
"96727,0,1"
"96738,0,1"
"96750,0,1"
"96761,0,1"
"96773,0,1"
"96784,0,1"
"96795,0,1"
"96806,0,1"
"96819,0,1"
"96830,0,1"
"96841,0,1"
"96852,0,1"
"96864,0,1"
"96875,0,1"
"96887,0,1"
"96899,0,1"
"96910,0,1"
"96921,0,1"
"96932,0,1"
"96945,0,1"
"96956,0,1"
"96967,0,1"
"96978,0,0"
"96990,0,1"
"97001,0,1"
"97013,0,1"
"97025,0,1"
"97036,0,1"
"97047,0,1"
"97058,0,1"
"97070,0,1"
"97082,0,1"
"97093,0,1"
"97104,0,1"
"97116,0,1"
"97127,0,1"
"97138,0,1"
"97150,0,1"
"97162,0,1"
"97173,0,1"
"97184,0,1"
"97196,0,1"
"97207,0,1"
"97219,0,1"
"97230,0,1"
"97242,0,1"
"97253,0,1"
"97264,0,1"
"97275,0,1"
"97288,0,1"
"97299,0,1"
"97310,0,1"
"97321,0,1"
"97333,0,1"
"97345,0,1"
"97356,0,1"
"97368,0,1"
"97379,1,1"
"97390,1,1"
"97401,1,1"
"97414,1,1"
"97425,1,-1"
"97437,1,1"
"97448,1,2"
"97460,1,8"
"97471,1,1"
"97483,1,1"
"97495,1,2"
"97506,0,2"
"97517,0,1"
"97528,0,1"
"97540,0,1"
"97552,0,1"
"97563,0,0"
"97574,0,0"
"97586,0,1"
"97597,0,1"
"97608,0,4"
"97620,0,1"
"97632,0,1"
"97643,0,0"
"97654,0,1"
"97666,0,1"
"97678,0,1"
"97689,0,1"
"97700,0,0"
"97712,0,1"
"97723,0,1"
"97734,0,0"
"97746,0,1"
"97758,0,1"
"97769,0,1"
"97780,0,0"
"97792,0,1"
"97803,0,1"
"97815,0,1"
"97826,0,0"
"97838,0,1"
"97849,0,1"
"97860,0,0"
"97871,0,1"
"97884,0,1"
"97895,0,1"
"97906,0,1"
"97917,0,1"
"97929,0,1"
"97940,0,1"
"97952,0,1"
"97964,0,1"
"97975,0,1"
"97986,0,1"
"97997,0,1"
"98010,0,1"
"98021,0,1"
"98032,0,1"
"98043,0,1"
"98055,0,1"
"98066,0,1"
"98078,0,1"
"98089,0,1"
"98101,0,1"
"98112,0,1"
"98123,0,1"
"98135,0,1"
"98147,0,1"
"98158,0,1"
"98169,0,1"
"98181,0,1"
"98192,0,1"
"98203,0,1"
"98215,0,1"
"98227,0,1"
"98238,0,1"
"98249,0,1"
"98260,0,1"
"98272,0,1"
"98284,0,1"
"98295,0,1"
"98307,0,1"
"98318,0,1"
"98329,0,1"
"98340,0,1"
"98353,0,1"
"98364,0,1"
"98375,0,1"
"98386,0,1"
"98398,0,1"
"98410,0,1"
"98421,0,1"
"98433,0,1"
"98444,0,1"
"98455,0,1"
"98466,0,1"
"98479,0,1"
"98490,0,1"
"98501,1,1"
"98512,1,-1"
"98525,1,1"
"98536,1,0"
"98548,1,4"
"98560,1,1"
"98571,1,1"
"98582,1,11"
"98594,1,-2"
"98607,1,1"
"98619,1,1"
"98630,0,0"
"98641,0,3"
"98653,0,2"
"98664,0,1"
"98676,0,1"
"98688,0,1"
"98699,0,1"
"98710,0,1"
"98721,0,1"
"98733,0,3"
"98745,0,1"
"98756,0,1"
"98767,0,1"
"98779,0,1"
"98790,0,0"
"98801,0,1"
"98813,0,1"
"98825,0,1"
"98836,0,1"
"98847,0,1"
"98859,0,0"
"98870,0,1"
"98882,0,1"
"98893,0,1"
"98905,0,0"
"98916,0,1"
"98927,0,1"
"98938,0,1"
"98951,0,1"
"98962,0,1"
"98973,0,1"
"98984,0,1"
"98996,0,1"
"99008,0,1"
"99019,0,1"
"99031,0,1"
"99042,0,1"
"99053,0,1"
"99064,0,1"
"99077,0,1"
"99088,0,1"
"99099,0,1"
"99110,0,1"
"99122,0,0"
"99133,0,1"
"99145,0,1"
"99156,0,1"
"99168,0,1"
"99179,0,1"
"99190,0,1"
"99202,0,1"
"99214,0,1"
"99225,0,1"
"99236,0,1"
"99248,0,1"
"99259,0,1"
"99270,0,1"
"99282,0,1"
"99294,0,1"
"99305,0,1"
"99316,0,1"
"99328,0,1"
"99339,0,1"
"99351,0,1"
"99362,0,1"
"99374,0,1"
"99385,0,1"
"99396,0,1"
"99408,0,1"
"99420,0,1"
"99431,0,1"
"99442,0,1"
"99453,0,1"
"99465,0,1"
"99477,0,1"
"99488,0,1"
"99500,0,1"
"99511,0,1"
"99522,0,1"
"99533,0,1"
"99546,0,1"
"99557,0,1"
"99568,0,1"
"99579,0,1"
"99591,0,1"
"99602,0,1"
"99614,1,1"
"99625,1,1"
"99637,1,3"
"99648,1,1"
"99659,1,0"
"99671,1,3"
"99683,1,1"
"99694,1,1"
"99705,1,10"
"99718,1,9"
"99729,1,1"
"99741,1,1"
"99752,0,1"
"99764,0,5"
"99775,0,4"
"99786,0,1"
"99798,0,1"
"99810,0,1"
"99821,0,1"
"99832,0,1"
"99844,0,1"
"99855,0,4"
"99866,0,1"
"99878,0,1"
"99890,0,1"
"99901,0,1"
"99912,0,0"
"99923,0,1"
"99935,0,1"
"99947,0,0"
"99958,0,1"
"99970,0,1"
"99981,0,0"
"99992,0,1"
"100003,0,1"
"100017,0,1"
"100029,0,1"
"100041,0,1"
"100054,0,1"
"100066,0,0"
"100079,0,1"
"100091,0,1"
"100104,0,1"
"100116,0,1"
"100128,0,1"
"100142,0,1"
"100154,0,1"
"100166,0,1"
"100178,0,1"
"100191,0,1"
"100203,0,1"
"100216,0,1"
"100229,0,1"
"100241,0,1"
"100253,0,1"
"100265,0,1"
"100279,0,1"
"100291,0,1"
"100303,0,1"
"100316,0,1"
"100328,0,1"
"100341,0,1"
"100354,0,1"
"100366,0,1"
"100378,0,1"
"100390,0,1"
"100403,0,1"
"100416,0,1"
"100428,0,1"
"100441,0,1"
"100453,0,1"
"100465,0,1"
"100478,0,1"
"100491,0,1"
"100503,0,1"
"100515,0,1"
"100528,0,1"
"100541,0,1"
"100553,0,1"
"100566,0,1"
"100578,0,1"
"100590,0,1"
"100602,0,1"
"100616,0,1"
"100628,0,1"
"100640,0,1"
"100653,0,1"
"100665,0,1"
"100678,0,1"
"100690,0,1"
"100703,0,1"
"100715,0,1"
"100727,0,1"
"100741,1,1"
"100753,1,1"
"100765,1,1"
"100777,1,1"
"100790,1,3"
"100802,1,1"
"100815,1,1"
"100828,1,4"
"100840,1,5"
"100852,1,4"
"100865,1,1"
"100878,0,1"
"100890,0,1"
"100902,0,1"
"100915,0,1"
"100927,0,0"
"100940,0,1"
"100953,0,1"
"100965,0,1"
"100977,0,3"
"100989,0,1"
"101002,0,1"
"101015,0,1"
"101027,0,2"
"101040,0,1"
"101052,0,1"
"101064,0,1"
"101078,0,1"
"101090,0,1"
"101102,0,1"
"101114,0,1"
"101127,0,1"
"101140,0,1"
"101152,0,0"
"101165,0,1"
"101177,0,1"
"101189,0,1"
"101201,0,1"
"101215,0,1"
"101227,0,1"
"101239,0,1"
"101252,0,1"
"101264,0,1"
"101277,0,1"
"101289,0,1"
"101302,0,1"
"101314,0,1"
"101326,0,1"
"101340,0,1"
"101352,0,1"
"101364,0,1"
"101377,0,1"
"101389,0,1"
"101401,0,1"
"101414,0,1"
"101427,0,1"
"101439,0,1"
"101451,0,1"
"101464,0,1"
"101477,0,1"
"101489,0,1"
"101501,0,1"
"101514,0,1"
"101526,0,1"
"101539,0,1"
"101552,0,1"
"101564,0,1"
"101576,0,1"
"101588,0,1"
"101601,0,1"
"101614,0,1"
"101626,0,1"
"101639,0,1"
"101651,0,1"
"101663,0,1"
"101677,0,1"
"101689,0,1"
"101701,0,1"
"101713,0,1"
"101726,0,1"
"101739,0,1"
"101751,0,1"
"101764,0,1"
"101776,0,1"
"101788,0,1"
"101800,0,1"
"101814,0,1"
"101826,0,1"
"101838,0,1"
"101851,0,1"
"101863,1,1"
"101876,1,1"
"101889,1,1"
"101901,1,0"
"101913,1,5"
"101925,1,1"
"101939,1,1"
"101951,1,1"
"101963,1,9"
"101976,1,5"
"101988,0,1"
"102000,0,1"
"102013,0,1"
"102026,0,1"
"102038,0,1"
"102050,0,0"
"102063,0,1"
"102076,0,1"
"102088,0,0"
"102100,0,1"
"102113,0,1"
"102125,0,1"
"102138,0,1"
"102151,0,1"
"102163,0,1"
"102175,0,1"
"102188,0,1"
"102200,0,1"
"102213,0,1"
"102225,0,-1"
"102239,0,1"
"102251,0,1"
"102263,0,1"
"102277,0,1"
"102289,0,1"
"102301,0,1"
"102313,0,1"
"102326,0,1"
"102339,0,1"
"102351,0,1"
"102364,0,1"
"102376,0,1"
"102388,0,1"
"102401,0,1"
"102414,0,1"
"102426,0,1"
"102438,0,1"
"102451,0,1"
"102463,0,1"
"102476,0,1"
"102489,0,1"
"102501,0,1"
"102513,0,1"
"102525,0,1"
"102539,0,1"
"102551,0,1"
"102563,0,1"
"102576,0,1"
"102588,0,1"
"102600,0,1"
"102614,0,0"
"102626,0,1"
"102638,0,1"
"102650,0,1"
"102663,0,1"
"102676,0,1"
"102688,0,1"
"102701,0,1"
"102713,0,1"
"102725,0,1"
"102738,0,1"
"102751,0,1"
"102763,0,1"
"102775,0,1"
"102788,0,1"
"102800,0,1"
"102813,0,1"
"102825,0,1"
"102838,0,1"
"102850,0,1"
"102862,0,1"
"102876,0,1"
"102888,0,1"
"102900,0,1"
"102913,0,1"
"102925,0,1"
"102938,0,1"
"102950,0,1"
"102963,0,1"
"102975,0,1"
"102987,1,1"
"103000,1,3"
"103013,1,1"
"103025,1,1"
"103037,1,9"
"103050,1,1"
"103062,1,1"
"103075,1,1"
"103088,1,2"
"103100,1,3"
"103112,0,3"
"103124,0,0"
"103138,0,1"
"103150,0,1"
"103162,0,1"
"103175,0,0"
"103187,0,1"
"103199,0,1"
"103213,0,4"
"103225,0,1"
"103237,0,1"
"103249,0,1"
"103262,0,-1"
"103276,0,-1"
"103289,0,1"
"103302,0,1"
"103314,0,1"
"103326,0,1"
"103340,0,1"
"103352,0,1"
"103364,0,1"
"103376,0,1"
"103389,0,0"
"103402,0,1"
"103414,0,1"
"103427,0,1"
"103439,0,1"
"103451,0,1"
"103463,0,1"
"103477,0,0"
"103489,0,1"
"103501,0,1"
"103514,0,1"
"103526,0,1"
"103539,0,1"
"103552,0,1"
"103564,0,1"
"103576,0,1"
"103588,0,1"
"103602,0,1"
"103614,0,1"
"103626,0,1"
"103639,0,1"
"103651,0,1"
"103663,0,1"
"103676,0,1"
"103689,0,1"
"103701,0,1"
"103713,0,1"
"103726,0,1"
"103739,0,1"
"103751,0,1"
"103763,0,1"
"103776,0,1"
"103788,0,1"
"103801,0,1"
"103814,0,1"
"103826,0,1"
"103838,0,1"
"103851,0,1"
"103863,0,1"
"103876,0,1"
"103888,0,1"
"103901,0,1"
"103913,0,1"
"103925,0,1"
"103939,0,1"
"103951,0,1"
"103963,0,1"
"103975,0,1"
"103988,0,1"
"104001,0,1"
"104013,0,1"
"104026,0,1"
"104038,0,1"
"104050,0,1"
"104062,0,1"
"104076,0,1"
"104088,0,1"
"104100,1,1"
"104113,1,1"
"104125,1,0"
"104138,1,-1"
"104152,1,-2"
"104165,1,1"
"104177,1,1"
"104189,1,11"
"104204,1,6"
"104216,1,1"
"104228,1,1"
"104241,0,1"
"104253,0,1"
"104266,0,1"
"104279,0,1"
"104291,0,0"
"104303,0,0"
"104315,0,1"
"104328,0,1"
"104341,0,6"
"104353,0,1"
"104366,0,1"
"104378,0,1"
"104390,0,0"
"104403,0,1"
"104416,0,1"
"104428,0,1"
"104440,0,1"
"104453,0,1"
"104466,0,0"
"104478,0,1"
"104491,0,1"
"104503,0,0"
"104515,0,1"
"104527,0,1"
"104541,0,1"
"104553,0,0"
"104565,0,1"
"104578,0,1"
"104590,0,1"
"104603,0,1"
"104615,0,1"
"104628,0,1"
"104640,0,0"
"104652,0,1"
"104666,0,1"
"104678,0,1"
"104690,0,1"
"104702,0,1"
"104715,0,1"
"104727,0,1"
"104740,0,1"
"104753,0,1"
"104765,0,1"
"104777,0,1"
"104790,0,1"
"104803,0,1"
"104815,0,1"
"104827,0,1"
"104840,0,1"
"104852,0,1"
"104865,0,1"
"104878,0,1"
"104890,0,1"
"104902,0,1"
"104914,0,1"
"104927,0,1"
"104940,0,1"
"104952,0,1"
"104965,0,1"
"104977,0,1"
"104989,0,1"
"105003,0,1"
"105015,0,1"
"105027,0,1"
"105039,0,1"
"105052,0,1"
"105065,0,1"
"105077,0,1"
"105090,0,1"
"105102,0,1"
"105114,0,1"
"105126,0,1"
"105140,0,1"
"105152,0,1"
"105164,0,1"
"105177,0,1"
"105189,0,1"
"105202,0,1"
"105214,0,1"
"105227,1,1"
"105239,1,0"
"105251,1,1"
"105265,1,1"
"105277,1,5"
"105289,1,1"
"105302,1,1"
"105314,1,0"
"105326,1,9"
"105339,1,7"
"105352,0,1"
"105364,0,1"
"105376,0,1"
"105389,0,1"
"105402,0,1"
"105414,0,0"
"105426,0,1"
"105439,0,1"
"105451,0,1"
"105464,0,3"
"105477,0,1"
"105489,0,1"
"105501,0,0"
"105513,0,1"
"105526,0,1"
"105539,0,1"
"105551,0,1"
"105564,0,1"
"105576,0,1"
"105588,0,1"
"105602,0,1"
"105614,0,1"
"105626,0,1"
"105638,0,1"
"105651,0,1"
"105664,0,1"
"105676,0,0"
"105689,0,1"
"105701,0,1"
"105713,0,1"
"105725,0,0"
"105739,0,1"
"105751,0,1"
"105763,0,1"
"105776,0,1"
"105788,0,1"
"105801,0,1"
"105814,0,1"
"105826,0,1"
"105838,0,1"
"105850,0,1"
"105864,0,1"
"105876,0,1"
"105888,0,1"
"105901,0,1"
"105913,0,1"
"105925,0,1"
"105938,0,1"
"105951,0,1"
"105963,0,1"
"105975,0,1"
"105988,0,1"
"106001,0,1"
"106013,0,1"
"106025,0,1"
"106038,0,1"
"106050,0,1"
"106063,0,1"
"106076,0,1"
"106088,0,1"
"106100,0,1"
"106113,0,1"
"106125,0,1"
"106138,0,1"
"106150,0,1"
"106163,0,1"
"106175,0,1"
"106187,0,1"
"106201,0,1"
"106213,0,1"
"106225,0,1"
"106237,0,1"
"106250,0,1"
"106263,0,1"
"106275,0,1"
"106288,0,1"
"106300,0,1"
"106312,0,1"
"106324,0,1"
"106338,0,1"
"106350,1,1"
"106362,1,3"
"106375,1,1"
"106387,1,2"
"106400,1,9"
"106413,1,1"
"106425,1,1"
"106437,1,1"
"106449,1,5"
"106463,1,7"
"106475,0,1"
"106487,0,0"
"106500,0,1"
"106512,0,1"
"106524,0,1"
"106537,0,1"
"106550,0,1"
"106562,0,1"
"106574,0,1"
"106587,0,1"
"106600,0,1"
"106612,0,1"
"106625,0,-1"
"106638,0,1"
"106650,0,1"
"106663,0,1"
"106676,0,1"
"106688,0,1"
"106700,0,1"
"106713,0,1"
"106725,0,1"
"106738,0,1"
"106750,0,-1"
"106764,0,1"
"106776,0,1"
"106788,0,1"
"106802,0,0"
"106814,0,1"
"106826,0,1"
"106839,0,0"
"106851,0,1"
"106864,0,0"
"106876,0,1"
"106889,0,1"
"106901,0,1"
"106913,0,1"
"106926,0,1"
"106939,0,1"
"106951,0,1"
"106963,0,1"
"106976,0,1"
"106988,0,1"
"107001,0,1"
"107014,0,1"
"107026,0,1"
"107038,0,1"
"107051,0,1"
"107064,0,1"
"107076,0,1"
"107088,0,1"
"107101,0,1"
"107113,0,1"
"107125,0,1"
"107139,0,1"
"107151,0,1"
"107163,0,1"
"107175,0,1"
"107188,0,1"
"107201,0,0"
"107213,0,1"
"107226,0,1"
"107238,0,1"
"107250,0,1"
"107264,0,1"
"107276,0,1"
"107288,0,1"
"107300,0,1"
"107313,0,1"
"107325,0,1"
"107338,0,1"
"107351,0,1"
"107363,0,1"
"107375,0,1"
"107387,0,1"
"107401,0,1"
"107413,0,1"
"107425,0,1"
"107438,0,1"
"107450,0,1"
"107463,1,1"
"107475,1,1"
"107488,1,2"
"107500,1,1"
"107512,1,4"
"107525,1,4"
"107538,1,2"
"107550,1,-2"
"107564,1,1"
"107576,1,1"
"107588,1,1"
"107601,0,0"
"107614,0,4"
"107626,0,3"
"107638,0,1"
"107651,0,1"
"107664,0,1"
"107676,0,1"
"107688,0,1"
"107701,0,7"
"107713,0,1"
"107725,0,1"
"107739,0,1"
"107751,0,1"
"107763,0,0"
"107776,0,1"
"107788,0,1"
"107801,0,1"
"107813,0,1"
"107826,0,1"
"107838,0,1"
"107850,0,1"
"107864,0,1"
"107876,0,0"
"107888,0,1"
"107900,0,1"
"107913,0,0"
"107925,0,0"
"107938,0,1"
"107951,0,1"
"107963,0,1"
"107975,0,1"
"107987,0,1"
"108001,0,1"
"108013,0,1"
"108025,0,1"
"108038,0,1"
"108050,0,1"
"108063,0,1"
"108076,0,1"
"108088,0,1"
"108100,0,1"
"108112,0,1"
"108125,0,1"
"108138,0,1"
"108150,0,1"
"108163,0,1"
"108175,0,1"
"108187,0,1"
"108200,0,1"
"108213,0,1"
"108225,0,1"
"108237,0,1"
"108250,0,1"
"108263,0,1"
"108275,0,1"
"108288,0,1"
"108300,0,1"
"108312,0,1"
"108324,0,1"
"108338,0,1"
"108350,0,1"
"108362,0,1"
"108375,0,1"
"108387,0,1"
"108400,0,1"
"108412,0,1"
"108425,0,1"
"108437,0,1"
"108449,0,1"
"108463,0,1"
"108475,0,1"
"108487,0,1"
"108499,0,1"
"108512,0,1"
"108524,0,1"
"108537,0,1"
"108550,0,1"
"108562,0,1"
"108574,0,1"
"108587,1,1"
"108600,1,1"
"108612,1,1"
"108624,1,1"
"108637,1,1"
"108649,1,1"
"108662,1,1"
"108675,1,10"
"108688,1,11"
"108701,1,4"
"108713,1,1"
"108727,0,1"
"108739,0,1"
"108751,0,1"
"108764,0,1"
"108776,0,0"
"108788,0,1"
"108802,0,1"
"108814,0,1"
"108826,0,5"
"108838,0,1"
"108851,0,1"
"108864,0,0"
"108876,0,-1"
"108890,0,1"
"108902,0,1"
"108914,0,1"
"108928,0,1"
"108940,0,1"
"108952,0,1"
"108964,0,1"
"108977,0,1"
"108989,0,-1"
"109003,0,1"
"109016,0,1"
"109028,0,0"
"109040,0,1"
"109052,0,1"
"109066,0,1"
"109078,0,1"
"109090,0,1"
"109103,0,1"
"109115,0,1"
"109128,0,1"
"109140,0,1"
"109153,0,1"
"109165,0,1"
"109177,0,1"
"109190,0,1"
"109203,0,1"
"109215,0,1"
"109228,0,1"
"109240,0,1"
"109252,0,1"
"109265,0,1"
"109278,0,1"
"109290,0,1"
"109302,0,1"
"109315,0,1"
"109328,0,1"
"109340,0,1"
"109352,0,1"
"109365,0,1"
"109377,0,1"
"109389,0,1"
"109403,0,1"
"109415,0,1"
"109427,0,1"
"109440,0,1"
"109452,0,1"
"109465,0,1"
"109477,0,1"
"109490,0,1"
"109502,0,1"
"109514,0,1"
"109528,0,1"
"109540,0,1"
"109552,0,1"
"109564,0,1"
"109577,0,1"
"109589,0,1"
"109602,0,1"
"109615,0,1"
"109627,0,1"
"109639,0,1"
"109651,0,1"
"109665,0,1"
"109677,0,1"
"109689,0,1"
"109702,0,1"
"109714,1,1"
"109727,1,2"
"109740,1,1"
"109752,1,3"
"109764,1,9"
"109776,1,1"
"109789,1,1"
"109802,1,1"
"109814,1,4"
"109827,1,4"
"109839,0,1"
"109851,0,3"
"109864,0,1"
"109877,0,1"
"109889,0,1"
"109901,0,1"
"109914,0,1"
"109927,0,1"
"109939,0,2"
"109952,0,1"
"109964,0,1"
"109976,0,1"
"109988,0,2"
"110002,0,0"
"110014,0,1"
"110026,0,1"
"110039,0,1"
"110051,0,1"
"110064,0,1"
"110076,0,0"
"110089,0,1"
"110101,0,1"
"110113,0,1"
"110127,0,1"
"110139,0,1"
"110151,0,0"
"110163,0,1"
"110176,0,1"
"110188,0,1"
"110201,0,1"
"110214,0,1"
"110226,0,1"
"110238,0,1"
"110251,0,1"
"110264,0,1"
"110276,0,1"
"110288,0,1"
"110301,0,1"
"110313,0,1"
"110326,0,1"
"110339,0,1"
"110351,0,1"
"110363,0,1"
"110375,0,1"
"110388,0,1"
"110401,0,1"
"110413,0,1"
"110426,0,1"
"110438,0,1"
"110450,0,1"
"110464,0,1"
"110476,0,1"
"110488,0,0"
"110500,0,1"
"110513,0,1"
"110526,0,1"
"110538,0,1"
"110551,0,1"
"110563,0,1"
"110575,0,1"
"110587,0,1"
"110601,0,1"
"110613,0,1"
"110625,0,1"
"110638,0,1"
"110650,0,1"
"110663,0,1"
"110675,0,1"
"110688,0,1"
"110700,0,1"
"110712,0,1"
"110726,0,1"
"110738,0,1"
"110750,0,1"
"110763,0,1"
"110775,0,1"
"110787,0,1"
"110800,0,1"
"110813,0,1"
"110825,0,1"
"110837,1,1"
"110850,1,3"
"110863,1,1"
"110875,1,4"
"110887,1,7"
"110900,1,3"
"110912,1,1"
"110925,1,1"
"110938,1,1"
"110950,1,1"
"110962,0,1"
"110974,0,5"
"110987,0,3"
"111000,0,1"
"111012,0,1"
"111025,0,1"
"111037,0,1"
"111049,0,1"
"111063,0,4"
"111075,0,1"
"111087,0,1"
"111099,0,1"
"111112,0,1"
"111125,0,0"
"111137,0,1"
"111150,0,1"
"111162,0,1"
"111174,0,1"
"111186,0,-1"
"111201,0,1"
"111213,0,1"
"111225,0,1"
"111238,0,0"
"111250,0,1"
"111263,0,1"
"111276,0,0"
"111288,0,1"
"111300,0,1"
"111312,0,1"
"111326,0,1"
"111338,0,1"
"111350,0,1"
"111363,0,1"
"111375,0,1"
"111388,0,1"
"111400,0,1"
"111413,0,1"
"111425,0,1"
"111437,0,1"
"111450,0,1"
"111463,0,1"
"111475,0,1"
"111488,0,1"
"111500,0,1"
"111512,0,1"
"111525,0,1"
"111538,0,0"
"111550,0,1"
"111562,0,1"
"111575,0,1"
"111588,0,1"
"111600,0,1"
"111612,0,1"
"111625,0,1"
"111637,0,1"
"111649,0,1"
"111663,0,1"
"111675,0,1"
"111687,0,1"
"111699,0,1"
"111712,0,1"
"111725,0,1"
"111737,0,1"
"111750,0,1"
"111762,0,1"
"111774,0,1"
"111788,0,1"
"111800,0,1"
"111812,0,1"
"111824,0,1"
"111837,0,1"
"111849,0,1"
"111862,0,1"
"111875,0,1"
"111887,0,1"
"111899,0,1"
"111911,0,1"
"111925,0,1"
"111937,0,1"
"111949,1,1"
"111962,1,1"
"111974,1,1"
"111987,1,1"
"112000,1,1"
"112012,1,1"
"112024,1,1"
"112036,1,10"
"112050,1,4"
"112063,1,1"
"112075,1,1"
"112088,0,1"
"112100,0,1"
"112112,0,0"
"112125,0,1"
"112138,0,0"
"112150,0,0"
"112162,0,1"
"112175,0,1"
"112188,0,5"
"112200,0,1"
"112212,0,1"
"112225,0,1"
"112237,0,0"
"112249,0,1"
"112263,0,1"
"112275,0,1"
"112287,0,1"
"112300,0,1"
"112312,0,1"
"112325,0,1"
"112337,0,1"
"112350,0,0"
"112362,0,0"
"112374,0,1"
"112388,0,1"
"112400,0,0"
"112412,0,1"
"112424,0,1"
"112437,0,1"
"112449,0,1"
"112462,0,1"
"112475,0,1"
"112487,0,1"
"112499,0,1"
"112512,0,1"
"112525,0,1"
"112537,0,1"
"112549,0,1"
"112562,0,1"
"112574,0,0"
"112587,0,1"
"112600,0,1"
"112612,0,1"
"112624,0,1"
"112636,0,1"
"112649,0,1"
"112662,0,1"
"112674,0,1"
"112687,0,1"
"112699,0,1"
"112711,0,1"
"112724,0,1"
"112737,0,1"
"112749,0,1"
"112761,0,1"
"112774,0,1"
"112787,0,1"
"112799,0,1"
"112812,0,1"
"112824,0,1"
"112836,0,1"
"112848,0,1"
"112862,0,1"
"112874,0,1"
"112886,0,1"
"112899,0,1"
"112911,0,1"
"112924,0,1"
"112936,0,1"
"112949,0,1"
"112961,0,1"
"112973,0,1"
"112987,0,1"
"112999,0,1"
"113011,0,1"
"113024,0,1"
"113036,0,1"
"113048,0,1"
"113061,0,1"
"113074,0,1"
"113086,0,1"
"113098,0,1"
"113111,0,1"
"113124,0,1"
"113136,0,1"
"113148,0,1"
"113161,0,1"
"113173,0,1"
"113186,0,1"
"113199,0,1"
"113211,0,1"
"113223,0,1"
"113235,0,1"
"113248,0,1"
"113261,0,1"
"113273,0,1"
"113286,0,1"
"113298,0,1"
"113310,0,1"
"113324,0,1"
"113336,0,1"
"113348,0,1"
"113360,0,1"
"113373,0,1"
"113386,0,1"
"113398,0,1"
"113411,0,1"
"113423,0,1"
"113435,0,1"
"113447,0,1"
"113461,0,1"
"113473,0,1"
"113485,0,1"
"113498,0,1"
"113510,0,1"
"113523,0,1"
"113536,0,1"
"113548,0,1"
"113560,0,1"
"113572,0,1"
"113586,0,1"
"113598,0,1"
"113610,0,1"
"113623,0,1"
"113635,0,1"
"113647,0,1"
"113660,0,1"
"113673,0,1"
"113685,0,1"
"113697,0,1"
"113710,0,1"
"113723,0,1"
"113735,0,1"
"113747,0,1"
"113760,0,1"
"113772,0,1"
"113785,0,1"
"113798,0,1"
"113810,0,1"
"113822,0,1"
"113835,0,1"
"113847,0,1"
"113860,0,1"
"113872,0,1"
"113885,0,1"
"113897,0,1"
"113909,0,1"
"113923,0,1"
"113935,0,1"
"113947,0,1"
"113959,0,1"
"113972,0,1"
"113985,0,1"
"113997,0,1"
"114010,0,1"
"114022,0,1"
"114034,0,1"
"114046,0,1"
"114060,0,1"
"114072,0,1"
"114084,0,1"
"114097,0,1"
"114109,0,1"
"114122,0,1"
"114135,0,1"
"114147,0,1"
"114159,0,1"
"114171,0,1"
"114185,0,1"
"114197,0,1"
"114209,0,1"
"114222,0,1"
"114234,0,1"
"114246,0,1"
"114259,0,1"
"114272,0,1"
"114284,0,1"
"114296,0,1"
"114309,0,1"
"114322,0,1"
"114334,0,1"
"114347,0,1"
"114359,0,1"
"114371,0,1"
"114384,0,1"
