"time_ms,beat,piezo1,piezo2,piezo3,piezo4"
"1229,1,0"
"1235,0,2"
"1242,0,2"
"1248,0,2"
"1254,0,1"
"1262,0,1"
"1272,0,1"
"1283,0,1"
"1293,0,1"
"1304,0,1"
"1314,0,0"
"1325,0,1"
"1335,0,1"
"1345,0,1"
"1355,0,1"
"1367,0,1"
"1377,0,1"
"1387,0,1"
"1397,0,1"
"1408,0,1"
"1418,0,1"
"1428,0,1"
"1439,0,1"
"1449,0,1"
"1460,0,1"
"1470,0,1"
"1480,0,1"
"1490,0,1"
"1502,0,1"
"1512,0,1"
"1522,0,1"
"1532,0,1"
"1543,0,1"
"1553,0,1"
"1564,0,1"
"1574,0,1"
"1585,0,1"
"1595,0,0"
"1605,0,1"
"1615,0,1"
"1626,0,1"
"1637,0,1"
"1647,0,1"
"1657,0,1"
"1668,0,1"
"1678,0,1"
"1688,0,1"
"1699,0,1"
"1710,0,1"
"1720,0,1"
"1730,0,1"
"1740,0,1"
"1751,0,1"
"1761,0,1"
"1772,0,1"
"1782,0,1"
"1793,0,1"
"1803,0,1"
"1813,0,1"
"1823,0,1"
"1835,0,1"
"1845,0,1"
"1855,0,1"
"1865,0,1"
"1875,0,0"
"1886,0,1"
"1897,0,1"
"1907,0,1"
"1917,0,1"
"1928,0,1"
"1938,0,1"
"1948,0,1"
"1958,0,0"
"1970,0,1"
"1980,0,1"
"1990,0,1"
"2000,0,1"
"2011,0,1"
"2021,1,1"
"2032,1,1"
"2042,1,1"
"2053,1,1"
"2063,1,-1"
"2074,1,1"
"2084,1,1"
"2095,1,4"
"2106,1,1"
"2116,1,1"
"2126,1,1"
"2137,1,2"
"2147,0,0"
"2157,0,1"
"2168,0,1"
"2179,0,2"
"2189,0,1"
"2199,0,1"
"2209,0,1"
"2220,0,1"
"2231,0,0"
"2241,0,2"
"2251,0,1"
"2262,0,1"
"2272,0,1"
"2282,0,1"
"2292,0,1"
"2304,0,1"
"2314,0,1"
"2324,0,1"
"2334,0,1"
"2344,0,1"
"2355,0,1"
"2366,0,0"
"2376,0,1"
"2386,0,1"
"2397,0,1"
"2407,0,1"
"2417,0,0"
"2427,0,1"
"2439,0,1"
"2449,0,1"
"2459,0,1"
"2469,0,1"
"2480,0,1"
"2490,0,1"
"2501,0,1"
"2511,0,1"
"2522,0,1"
"2532,0,1"
"2542,0,1"
"2552,0,1"
"2564,0,1"
"2574,0,1"
"2584,0,1"
"2594,0,1"
"2605,0,1"
"2615,0,1"
"2625,0,1"
"2636,0,1"
"2647,0,1"
"2657,0,1"
"2667,0,1"
"2677,0,1"
"2688,0,1"
"2699,0,1"
"2709,0,1"
"2719,0,1"
"2729,0,1"
"2740,0,1"
"2750,0,1"
"2760,0,1"
"2771,0,1"
"2782,0,1"
"2792,0,1"
"2802,0,1"
"2812,0,1"
"2823,0,1"
"2834,0,1"
"2844,0,1"
"2854,0,1"
"2865,0,1"
"2875,0,1"
"2885,0,1"
"2896,0,1"
"2907,0,1"
"2917,0,1"
"2927,0,1"
"2937,0,1"
"2948,0,1"
"2958,0,1"
"2969,0,1"
"2979,0,1"
"2990,0,1"
"3000,0,1"
"3010,0,1"
"3020,0,1"
"3032,0,1"
"3042,0,1"
"3052,0,1"
"3062,0,1"
"3073,0,1"
"3083,0,1"
"3093,0,1"
"3104,0,1"
"3115,0,1"
"3125,0,1"
"3135,0,1"
"3145,1,1"
"3155,1,1"
"3167,1,1"
"3177,1,-1"
"3188,1,1"
"3198,1,4"
"3209,1,0"
"3219,1,1"
"3230,1,1"
"3240,1,1"
"3251,1,1"
"3261,1,5"
"3271,0,4"
"3281,0,1"
"3292,0,1"
"3303,0,1"
"3313,0,1"
"3323,0,1"
"3334,0,1"
"3344,0,3"
"3354,0,-1"
"3366,0,1"
"3377,0,1"
"3387,0,1"
"3397,0,1"
"3407,0,0"
"3418,0,0"
"3429,0,1"
"3439,0,1"
"3449,0,1"
"3460,0,1"
"3470,0,1"
"3480,0,1"
"3490,0,1"
"3502,0,1"
"3512,0,1"
"3522,0,1"
"3532,0,1"
"3543,0,1"
"3553,0,1"
"3564,0,1"
"3574,0,1"
"3585,0,1"
"3595,0,1"
"3605,0,1"
"3615,0,1"
"3625,0,1"
"3637,0,1"
"3647,0,0"
"3657,0,1"
"3667,0,1"
"3678,0,1"
"3688,0,1"
"3699,0,1"
"3709,0,1"
"3720,0,1"
"3730,0,1"
"3740,0,1"
"3750,0,1"
"3762,0,1"
"3772,0,1"
"3782,0,1"
"3792,0,1"
"3803,0,1"
"3813,0,1"
"3823,0,1"
"3834,0,1"
"3845,0,1"
"3855,0,1"
"3865,0,1"
"3875,0,1"
"3886,0,1"
"3897,0,1"
"3907,0,1"
"3917,0,1"
"3928,0,1"
"3938,0,1"
"3948,0,1"
"3958,0,1"
"3970,0,1"
"3980,0,1"
"3990,0,1"
"4000,0,1"
"4011,0,1"
"4021,0,1"
"4032,0,1"
"4042,0,1"
"4052,0,1"
"4063,0,1"
"4073,0,1"
"4083,0,1"
"4094,0,1"
"4105,0,1"
"4115,0,1"
"4125,0,1"
"4135,0,1"
"4146,0,1"
"4156,0,1"
"4167,0,1"
"4177,0,1"
"4188,0,1"
"4198,0,1"
"4208,0,1"
"4218,0,1"
"4230,0,1"
"4240,0,1"
"4250,0,1"
"4260,1,1"
"4271,1,1"
"4281,1,1"
"4291,1,1"
"4302,1,0"
"4313,1,1"
"4323,1,8"
"4333,1,4"
"4343,1,1"
"4354,1,2"
"4365,1,3"
"4375,1,1"
"4385,1,2"
"4396,0,6"
"4406,0,1"
"4416,0,1"
"4427,0,1"
"4438,0,1"
"4448,0,1"
"4458,0,1"
"4468,0,0"
"4478,0,-1"
"4490,0,1"
"4501,0,1"
"4511,0,1"
"4521,0,1"
"4532,0,2"
"4542,0,1"
"4552,0,1"
"4563,0,1"
"4574,0,1"
"4584,0,1"
"4594,0,1"
"4604,0,0"
"4615,0,1"
"4626,0,1"
"4636,0,1"
"4646,0,1"
"4657,0,1"
"4667,0,1"
"4677,0,1"
"4687,0,1"
"4699,0,1"
"4709,0,1"
"4719,0,1"
"4729,0,1"
"4740,0,1"
"4750,0,1"
"4761,0,1"
"4771,0,1"
"4782,0,1"
"4792,0,1"
"4802,0,1"
"4812,0,1"
"4823,0,1"
"4834,0,1"
"4844,0,1"
"4854,0,1"
"4865,0,1"
"4875,0,1"
"4885,0,1"
"4896,0,1"
"4907,0,1"
"4917,0,1"
"4927,0,1"
"4937,0,1"
"4947,0,1"
"4959,0,1"
"4969,0,1"
"4979,0,1"
"4989,0,1"
"5000,0,1"
"5010,0,1"
"5020,0,1"
"5031,0,1"
"5042,0,1"
"5052,0,1"
"5062,0,1"
"5072,0,1"
"5083,0,1"
"5094,0,1"
"5104,0,1"
"5114,0,1"
"5125,0,1"
"5135,0,1"
"5145,0,1"
"5155,0,1"
"5167,0,1"
"5177,0,1"
"5187,0,1"
"5197,0,1"
"5208,0,1"
"5218,0,1"
"5229,0,1"
"5239,0,1"
"5250,0,1"
"5260,0,1"
"5270,0,1"
"5280,0,1"
"5292,0,1"
"5302,0,1"
"5312,0,1"
"5322,0,1"
"5332,0,1"
"5343,0,1"
"5353,0,1"
"5364,0,1"
"5374,0,1"
"5385,1,1"
"5395,1,1"
"5405,1,1"
"5415,1,1"
"5427,1,0"
"5437,1,1"
"5447,1,1"
"5457,1,2"
"5468,1,2"
"5478,1,1"
"5488,1,0"
"5499,1,7"
"5510,0,1"
"5520,0,1"
"5530,0,2"
"5540,0,1"
"5551,0,1"
"5562,0,1"
"5572,0,1"
"5582,0,0"
"5593,0,2"
"5603,0,1"
"5613,0,1"
"5624,0,1"
"5635,0,1"
"5645,0,1"
"5655,0,1"
"5665,0,0"
"5676,0,1"
"5686,0,1"
"5697,0,1"
"5707,0,1"
"5718,0,0"
"5728,0,1"
"5738,0,1"
"5748,0,1"
"5760,0,1"
"5770,0,1"
"5780,0,1"
"5790,0,1"
"5800,0,1"
"5811,0,1"
"5821,0,1"
"5832,0,1"
"5842,0,1"
"5853,0,1"
"5863,0,1"
"5873,0,1"
"5883,0,1"
"5895,0,1"
"5905,0,1"
"5915,0,1"
"5925,0,1"
"5936,0,1"
"5946,0,1"
"5957,0,0"
"5967,0,1"
"5978,0,1"
"5988,0,1"
"5998,0,1"
"6008,0,1"
"6019,0,1"
"6030,0,1"
"6040,0,1"
"6050,0,1"
"6061,0,1"
"6071,0,1"
"6081,0,1"
"6092,0,1"
"6103,0,1"
"6113,0,1"
"6123,0,1"
"6133,0,1"
"6144,0,1"
"6154,0,1"
"6165,0,1"
"6175,0,1"
"6185,0,1"
"6196,0,1"
"6206,0,1"
"6216,0,1"
"6227,0,1"
"6238,0,1"
"6248,0,1"
"6258,0,1"
"6268,0,1"
"6279,0,1"
"6290,0,1"
"6300,0,1"
"6310,0,1"
"6321,0,1"
"6331,0,1"
"6341,0,1"
"6351,0,1"
"6363,0,1"
"6373,0,1"
"6383,0,1"
"6393,0,1"
"6404,0,1"
"6414,0,1"
"6425,0,1"
"6435,0,1"
"6446,0,1"
"6456,0,1"
"6466,0,1"
"6476,0,0"
"6487,0,1"
"6498,0,1"
"6508,1,1"
"6518,1,1"
"6529,1,1"
"6539,1,0"
"6549,1,1"
"6560,1,1"
"6571,1,1"
"6581,1,1"
"6591,1,3"
"6601,1,1"
"6611,1,1"
"6623,1,3"
"6633,0,7"
"6643,0,1"
"6653,0,1"
"6664,0,1"
"6674,0,1"
"6684,0,1"
"6695,0,1"
"6706,0,0"
"6716,0,1"
"6726,0,0"
"6736,0,1"
"6747,0,1"
"6758,0,1"
"6768,0,1"
"6778,0,2"
"6789,0,0"
"6799,0,1"
"6809,0,1"
"6819,0,1"
"6831,0,1"
"6841,0,-1"
"6852,0,0"
"6862,0,1"
"6873,0,1"
"6883,0,1"
"6894,0,1"
"6904,0,1"
"6915,0,1"
"6925,0,1"
"6935,0,0"
"6945,0,1"
"6957,0,1"
"6967,0,1"
"6977,0,1"
"6987,0,1"
"6998,0,1"
"7008,0,1"
"7018,0,1"
"7029,0,1"
"7040,0,1"
"7050,0,1"
"7060,0,1"
"7070,0,1"
"7080,0,1"
"7092,0,1"
"7102,0,1"
"7112,0,1"
"7122,0,1"
"7133,0,1"
"7143,0,1"
"7153,0,1"
"7164,0,1"
"7175,0,1"
"7185,0,1"
"7195,0,1"
"7205,0,1"
"7216,0,1"
"7227,0,1"
"7237,0,1"
"7247,0,1"
"7258,0,1"
"7268,0,1"
"7278,0,1"
"7289,0,1"
"7300,0,1"
"7310,0,1"
"7320,0,1"
"7330,0,1"
"7341,0,1"
"7351,0,1"
"7362,0,0"
"7372,0,1"
"7383,0,1"
"7393,0,1"
"7403,0,1"
"7413,0,1"
"7425,0,1"
"7435,0,1"
"7445,0,1"
"7455,0,1"
"7465,0,1"
"7476,0,1"
"7486,0,1"
"7497,0,1"
"7507,0,1"
"7518,0,1"
"7528,0,1"
"7538,0,1"
"7548,0,1"
"7560,0,1"
"7570,0,1"
"7580,0,1"
"7590,0,1"
"7601,0,1"
"7611,0,1"
"7622,1,1"
"7632,1,1"
"7643,1,1"
"7653,1,1"
"7663,1,1"
"7673,1,1"
"7684,1,1"
"7695,1,0"
"7705,1,1"
"7715,1,1"
"7726,1,1"
"7736,1,1"
"7746,1,3"
"7757,0,4"
"7768,0,1"
"7778,0,1"
"7788,0,1"
"7798,0,1"
"7809,0,1"
"7819,0,1"
"7830,0,-1"
"7841,0,1"
"7852,0,0"
"7862,0,1"
"7872,0,1"
"7882,0,1"
"7894,0,0"
"7904,0,3"
"7914,0,1"
"7924,0,1"
"7934,0,1"
"7945,0,1"
"7956,0,1"
"7966,0,0"
"7976,0,0"
"7987,0,1"
"7997,0,1"
"8007,0,1"
"8017,0,1"
"8029,0,1"
"8039,0,1"
"8049,0,1"
"8059,0,1"
"8070,0,1"
"8080,0,1"
"8091,0,1"
"8101,0,1"
"8112,0,1"
"8122,0,1"
"8132,0,1"
"8142,0,1"
"8154,0,1"
"8164,0,1"
"8174,0,1"
"8184,0,1"
"8195,0,1"
"8205,0,1"
"8215,0,1"
"8226,0,1"
"8237,0,1"
"8247,0,1"
"8257,0,1"
"8267,0,1"
"8278,0,1"
"8289,0,1"
"8299,0,1"
"8309,0,1"
"8320,0,1"
"8330,0,1"
"8340,0,1"
"8350,0,1"
"8361,0,1"
"8372,0,1"
"8382,0,1"
"8392,0,1"
"8402,0,1"
"8413,0,1"
"8424,0,1"
"8434,0,1"
"8444,0,1"
"8455,0,1"
"8465,0,1"
"8475,0,1"
"8486,0,1"
"8497,0,1"
"8507,0,1"
"8517,0,1"
"8527,0,1"
"8538,0,1"
"8548,0,1"
"8559,0,1"
"8569,0,1"
"8580,0,1"
"8590,0,1"
"8600,0,1"
"8610,0,1"
"8622,0,1"
"8632,0,1"
"8642,0,1"
"8652,0,1"
"8663,0,1"
"8673,0,1"
"8683,0,1"
"8694,0,1"
"8705,0,1"
"8715,0,1"
"8725,0,1"
"8735,0,1"
"8745,1,1"
"8757,1,1"
"8767,1,1"
"8777,1,1"
"8787,1,2"
"8798,1,1"
"8808,1,7"
"8819,1,6"
"8829,1,1"
"8840,1,2"
"8850,1,2"
"8860,1,1"
"8870,1,0"
"8881,0,7"
"8892,0,1"
"8902,0,1"
"8912,0,1"
"8923,0,1"
"8933,0,1"
"8943,0,1"
"8954,0,0"
"8965,0,2"
"8975,0,1"
"8985,0,1"
"8995,0,1"
"9006,0,1"
"9016,0,0"
"9027,0,2"
"9037,0,1"
"9048,0,1"
"9058,0,1"
"9068,0,1"
"9078,0,1"
"9090,0,2"
"9100,0,1"
"9110,0,1"
"9120,0,1"
"9131,0,1"
"9141,0,1"
"9152,0,1"
"9162,0,0"
"9172,0,1"
"9183,0,1"
"9193,0,1"
"9203,0,1"
"9213,0,1"
"9225,0,1"
"9235,0,1"
"9245,0,1"
"9255,0,1"
"9266,0,1"
"9276,0,1"
"9287,0,1"
"9297,0,1"
"9308,0,1"
"9318,0,1"
"9328,0,1"
"9338,0,1"
"9349,0,1"
"9360,0,1"
"9370,0,1"
"9380,0,1"
"9391,0,1"
"9401,0,1"
"9411,0,1"
"9422,0,1"
"9433,0,1"
"9443,0,1"
"9453,0,1"
"9463,0,1"
"9474,0,1"
"9485,0,1"
"9495,0,1"
"9505,0,1"
"9516,0,1"
"9526,0,1"
"9536,0,1"
"9546,0,1"
"9558,0,1"
"9568,0,1"
"9578,0,1"
"9588,0,1"
"9598,0,1"
"9609,0,1"
"9620,0,1"
"9630,0,1"
"9640,0,1"
"9651,0,1"
"9661,0,1"
"9671,0,1"
"9681,0,1"
"9693,0,1"
"9703,0,1"
"9713,0,1"
"9723,0,1"
"9734,0,1"
"9744,0,1"
"9755,0,1"
"9765,0,1"
"9776,0,1"
"9786,0,1"
"9796,0,1"
"9806,0,1"
"9818,0,1"
"9828,0,1"
"9838,0,1"
"9848,0,1"
"9859,0,1"
"9869,1,1"
"9879,1,1"
"9890,1,1"
"9901,1,1"
"9911,1,-1"
"9922,1,1"
"9932,1,3"
"9943,1,9"
"9954,1,1"
"9964,1,1"
"9974,1,4"
"9985,1,1"
"9995,0,1"
"10005,0,1"
"10017,0,1"
"10029,0,1"
"10040,0,1"
"10051,0,1"
"10062,0,1"
"10074,0,1"
"10086,0,-1"
"10098,0,1"
"10109,0,1"
"10121,0,1"
"10132,0,1"
"10143,0,0"
"10156,0,1"
"10167,0,1"
"10178,0,1"
"10189,0,1"
"10201,0,1"
"10212,0,1"
"10224,0,1"
"10235,0,1"
"10247,0,1"
"10258,0,1"
"10269,0,1"
"10280,0,1"
"10293,0,1"
"10304,0,1"
"10315,0,1"
"10327,0,1"
"10338,0,1"
"10350,0,1"
"10361,0,1"
"10373,0,1"
"10384,0,1"
"10395,0,1"
"10406,0,1"
"10419,0,1"
"10430,0,1"
"10441,0,1"
"10452,0,1"
"10464,0,1"
"10475,0,1"
"10487,0,1"
"10499,0,1"
"10510,0,1"
"10521,0,1"
"10532,0,1"
"10544,0,1"
"10556,0,1"
"10567,0,1"
"10578,0,1"
"10590,0,1"
"10601,0,1"
"10612,0,1"
"10625,0,1"
"10636,0,1"
"10647,0,1"
"10658,0,1"
"10670,0,1"
"10681,0,1"
"10693,0,1"
"10704,0,1"
"10716,0,1"
"10727,0,1"
"10738,0,1"
"10750,0,1"
"10762,0,1"
"10773,0,1"
"10784,0,1"
"10796,0,1"
"10807,0,1"
"10819,0,1"
"10830,0,1"
"10842,0,1"
"10853,0,1"
"10864,0,1"
"10875,0,1"
"10888,0,1"
"10899,0,1"
"10910,0,1"
"10921,0,1"
"10933,0,1"
"10944,0,1"
"10956,0,1"
"10968,0,1"
"10979,0,1"
"10990,1,1"
"11001,1,1"
"11013,1,1"
"11025,1,1"
"11036,1,1"
"11047,1,3"
"11059,1,1"
"11070,1,1"
"11082,1,1"
"11094,1,2"
"11105,1,1"
"11116,0,0"
"11127,0,1"
"11139,0,1"
"11151,0,1"
"11162,0,1"
"11173,0,1"
"11185,0,1"
"11196,0,0"
"11207,0,0"
"11219,0,1"
"11231,0,1"
"11242,0,1"
"11253,0,1"
"11265,0,1"
"11276,0,0"
"11288,0,1"
"11299,0,1"
"11311,0,1"
"11322,0,1"
"11333,0,2"
"11344,0,1"
"11357,0,1"
"11368,0,1"
"11379,0,1"
"11390,0,1"
"11402,0,1"
"11413,0,1"
"11425,0,1"
"11437,0,1"
"11448,0,1"
"11459,0,1"
"11470,0,1"
"11483,0,1"
"11494,0,1"
"11505,0,1"
"11516,0,1"
"11528,0,1"
"11539,0,1"
"11551,0,1"
"11563,0,1"
"11574,0,1"
"11585,0,1"
"11596,0,1"
"11608,0,1"
"11620,0,1"
"11631,0,1"
"11642,0,1"
"11654,0,1"
"11665,0,1"
"11676,0,1"
"11688,0,1"
"11700,0,1"
"11711,0,1"
"11722,0,1"
"11734,0,1"
"11745,0,1"
"11757,0,1"
"11768,0,1"
"11780,0,1"
"11791,0,1"
"11802,0,1"
"11814,0,1"
"11826,0,1"
"11837,0,1"
"11848,0,1"
"11859,0,1"
"11871,0,1"
"11883,0,1"
"11894,0,1"
"11906,0,1"
"11917,0,1"
"11928,0,1"
"11939,0,1"
"11952,0,1"
"11963,0,1"
"11974,0,1"
"11985,0,1"
"11997,0,1"
"12008,0,1"
"12020,0,1"
"12032,0,1"
"12043,0,1"
"12054,0,1"
"12065,0,1"
"12077,0,1"
"12089,0,1"
"12100,0,1"
"12111,1,1"
"12123,1,1"
"12134,1,1"
"12145,1,1"
"12157,1,0"
"12169,1,1"
"12180,1,0"
"12191,1,1"
"12203,1,5"
"12215,1,0"
"12226,1,1"
"12237,0,1"
"12249,0,1"
"12260,0,0"
"12271,0,1"
"12283,0,1"
"12295,0,1"
"12306,0,1"
"12317,0,2"
"12328,0,1"
"12340,0,0"
"12352,0,1"
"12363,0,1"
"12375,0,1"
"12386,0,1"
"12397,0,0"
"12408,0,1"
"12421,0,1"
"12432,0,1"
"12443,0,1"
"12454,0,1"
"12466,0,1"
"12477,0,1"
"12489,0,1"
"12500,0,1"
"12512,0,1"
"12523,0,1"
"12534,0,0"
"12547,0,1"
"12558,0,1"
"12569,0,1"
"12580,0,1"
"12592,0,1"
"12603,0,1"
"12615,0,1"
"12626,0,1"
"12638,0,1"
"12649,0,1"
"12660,0,1"
"12672,0,1"
"12684,0,1"
"12695,0,1"
"12706,0,1"
"12718,0,1"
"12729,0,1"
"12740,0,1"
"12752,0,1"
"12764,0,1"
"12775,0,1"
"12786,0,1"
"12797,0,1"
"12809,0,1"
"12821,0,1"
"12832,0,1"
"12844,0,1"
"12855,0,1"
"12866,0,1"
"12877,0,1"
"12890,0,1"
"12901,0,1"
"12912,0,1"
"12923,0,1"
"12935,0,1"
"12947,0,1"
"12958,0,1"
"12969,0,1"
"12981,0,1"
"12992,0,1"
"13003,0,1"
"13016,0,1"
"13027,0,1"
"13038,0,1"
"13049,0,1"
"13061,0,1"
"13072,0,1"
"13084,0,1"
"13095,0,1"
"13107,0,1"
"13118,0,1"
"13129,0,1"
"13140,0,1"
"13153,0,1"
"13164,0,1"
"13175,0,1"
"13187,0,1"
"13198,0,1"
"13209,0,1"
"13221,0,1"
"13233,1,1"
"13244,1,1"
"13255,1,1"
"13266,1,1"
"13279,1,1"
"13290,1,3"
"13301,1,2"
"13313,1,1"
"13324,1,3"
"13335,1,2"
"13347,1,1"
"13359,0,1"
"13370,0,1"
"13381,0,1"
"13392,0,1"
"13404,0,1"
"13416,0,1"
"13427,0,1"
"13438,0,1"
"13450,0,1"
"13461,0,1"
"13472,0,1"
"13485,0,1"
"13496,0,1"
"13507,0,0"
"13518,0,0"
"13530,0,1"
"13541,0,1"
"13553,0,1"
"13564,0,0"
"13576,0,1"
"13587,0,1"
"13598,0,1"
"13609,0,1"
"13622,0,1"
"13633,0,1"
"13644,0,1"
"13656,0,1"
"13667,0,1"
"13679,0,1"
"13690,0,1"
"13702,0,1"
"13713,0,1"
"13724,0,1"
"13735,0,1"
"13748,0,1"
"13759,0,1"
"13770,0,1"
"13782,0,1"
"13793,0,1"
"13804,0,1"
"13816,0,1"
"13828,0,1"
"13839,0,1"
"13850,0,1"
"13861,0,1"
"13873,0,1"
"13885,0,1"
"13896,0,1"
"13907,0,1"
"13919,0,1"
"13930,0,1"
"13941,0,1"
"13954,0,1"
"13965,0,1"
"13976,0,1"
"13987,0,1"
"13999,0,1"
"14011,0,1"
"14022,0,1"
"14033,0,1"
"14045,0,1"
"14056,0,1"
"14067,0,1"
"14080,0,1"
"14091,0,1"
"14102,0,1"
"14113,0,1"
"14125,0,1"
"14136,0,1"
"14148,0,1"
"14159,0,1"
"14171,0,1"
"14182,0,1"
"14193,0,1"
"14204,0,1"
"14217,0,1"
"14228,0,1"
"14239,0,1"
"14251,0,1"
"14262,0,1"
"14273,0,1"
"14285,0,1"
"14297,0,1"
"14308,0,1"
"14319,0,1"
"14330,0,1"
"14342,0,1"
"14354,1,1"
"14365,1,1"
"14376,1,1"
"14388,1,1"
"14399,1,1"
"14411,1,1"
"14423,1,1"
"14434,1,1"
"14445,1,3"
"14456,1,3"
"14468,1,1"
"14480,0,1"
"14491,0,1"
"14502,0,0"
"14514,0,1"
"14525,0,1"
"14536,0,1"
"14548,0,1"
"14560,0,1"
"14571,0,0"
"14582,0,1"
"14594,0,1"
"14605,0,1"
"14617,0,1"
"14628,0,2"
"14640,0,0"
"14651,0,1"
"14662,0,1"
"14673,0,1"
"14686,0,1"
"14697,0,1"
"14708,0,0"
"14720,0,1"
"14731,0,1"
"14743,0,1"
"14754,0,1"
"14766,0,1"
"14777,0,1"
"14788,0,1"
"14799,0,1"
"14812,0,1"
"14823,0,1"
"14834,0,1"
"14845,0,1"
"14857,0,1"
"14868,0,1"
"14880,0,1"
"14892,0,1"
"14903,0,1"
"14914,0,1"
"14925,0,1"
"14937,0,1"
"14949,0,1"
"14960,0,1"
"14971,0,1"
"14983,0,1"
"14994,0,1"
"15005,0,1"
"15017,0,1"
"15029,0,1"
"15040,0,1"
"15051,0,1"
"15063,0,1"
"15074,0,1"
"15086,0,1"
"15097,0,1"
"15109,0,1"
"15120,0,1"
"15131,0,1"
"15143,0,1"
"15155,0,1"
"15166,0,1"
"15177,0,1"
"15188,0,1"
"15200,0,1"
"15212,0,1"
"15223,0,1"
"15235,0,1"
"15246,0,1"
"15257,0,1"
"15268,0,1"
"15281,0,1"
"15292,0,1"
"15303,0,1"
"15314,0,1"
"15326,0,1"
"15337,0,1"
"15349,0,1"
"15361,0,1"
"15372,0,1"
"15383,0,1"
"15394,0,1"
"15406,0,1"
"15418,0,1"
"15429,0,1"
"15440,0,1"
"15452,0,1"
"15463,0,1"
"15475,1,1"
"15486,1,1"
"15498,1,1"
"15509,1,1"
"15520,1,-1"
"15533,1,1"
"15545,1,1"
"15556,1,1"
"15567,1,3"
"15579,1,0"
"15590,1,1"
"15601,0,1"
"15613,0,1"
"15625,0,1"
"15636,0,0"
"15647,0,1"
"15659,0,1"
"15670,0,1"
"15682,0,-1"
"15694,0,0"
"15706,0,1"
"15717,0,1"
"15728,0,1"
"15739,0,1"
"15752,0,3"
"15763,0,1"
"15774,0,1"
"15785,0,1"
"15797,0,1"
"15809,0,0"
"15820,0,1"
"15832,0,1"
"15843,0,1"
"15854,0,1"
"15865,0,1"
"15878,0,1"
"15889,0,1"
"15900,0,1"
"15911,0,1"
"15923,0,1"
"15934,0,1"
"15946,0,1"
"15958,0,1"
"15969,0,1"
"15980,0,1"
"15991,0,1"
"16003,0,1"
"16015,0,1"
"16026,0,1"
"16037,0,1"
"16049,0,0"
"16060,0,1"
"16071,0,1"
"16083,0,1"
"16095,0,1"
"16106,0,1"
"16117,0,1"
"16129,0,1"
"16141,0,1"
"16152,0,1"
"16163,0,1"
"16175,0,1"
"16186,0,1"
"16197,0,1"
"16209,0,1"
"16221,0,1"
"16232,0,1"
"16243,0,1"
"16254,0,1"
"16266,0,1"
"16278,0,1"
"16289,0,1"
"16301,0,1"
"16312,0,1"
"16323,0,1"
"16334,0,1"
"16347,0,1"
"16358,0,1"
"16369,0,1"
"16380,0,1"
"16392,0,1"
"16403,0,1"
"16415,0,1"
"16427,0,1"
"16438,0,1"
"16449,0,1"
"16460,0,1"
"16472,0,1"
"16484,0,1"
"16495,0,1"
"16506,0,1"
"16518,0,1"
"16529,0,1"
"16541,0,1"
"16552,0,1"
"16564,0,1"
"16575,0,1"
"16586,0,1"
"16598,1,1"
"16610,1,1"
"16621,1,1"
"16632,1,1"
"16644,1,0"
"16655,1,1"
"16666,1,1"
"16678,1,1"
"16690,1,1"
"16701,1,0"
"16712,1,3"
"16723,0,1"
"16735,0,1"
"16747,0,1"
"16758,0,1"
"16770,0,1"
"16781,0,1"
"16792,0,1"
"16803,0,1"
"16816,0,0"
"16827,0,1"
"16838,0,1"
"16849,0,1"
"16861,0,1"
"16873,0,1"
"16884,0,1"
"16896,0,1"
"16907,0,1"
"16918,0,1"
"16929,0,1"
"16942,0,0"
"16953,0,1"
"16964,0,1"
"16975,0,1"
"16987,0,1"
"16998,0,1"
"17010,0,1"
"17021,0,1"
"17033,0,1"
"17044,0,1"
"17055,0,1"
"17067,0,1"
"17079,0,1"
"17090,0,1"
"17101,0,1"
"17113,0,1"
"17124,0,1"
"17135,0,1"
"17147,0,1"
"17159,0,1"
"17170,0,1"
"17181,0,1"
"17192,0,1"
"17204,0,1"
"17216,0,1"
"17227,0,1"
"17239,0,1"
"17250,0,1"
"17261,0,1"
"17273,0,1"
"17285,0,1"
"17296,0,1"
"17307,0,1"
"17318,0,1"
"17330,0,1"
"17342,0,1"
"17353,0,1"
"17364,0,1"
"17376,0,0"
"17387,0,1"
"17398,0,1"
"17411,0,1"
"17422,0,1"
"17433,0,1"
"17444,0,1"
"17456,0,1"
"17467,0,1"
"17479,0,1"
"17490,0,1"
"17502,0,1"
"17513,0,1"
"17524,0,1"
"17536,0,1"
"17548,0,1"
"17559,0,1"
"17570,0,1"
"17582,0,1"
"17593,0,1"
"17605,0,1"
"17616,0,1"
"17628,0,1"
"17639,0,1"
"17650,0,1"
"17661,0,1"
"17674,0,1"
"17685,0,1"
"17696,0,1"
"17708,0,1"
"17719,1,1"
"17730,1,1"
"17742,1,1"
"17754,1,1"
"17765,1,1"
"17776,1,5"
"17787,1,2"
"17799,1,1"
"17811,1,1"
"17822,1,1"
"17833,1,1"
"17845,0,0"
"17856,0,1"
"17867,0,1"
"17880,0,1"
"17891,0,1"
"17902,0,1"
"17913,0,1"
"17925,0,1"
"17936,0,1"
"17948,0,1"
"17959,0,1"
"17971,0,1"
"17982,0,1"
"17993,0,1"
"18006,0,1"
"18017,0,1"
"18028,0,1"
"18039,0,1"
"18051,0,0"
"18062,0,1"
"18074,0,1"
"18085,0,1"
"18097,0,1"
"18108,0,1"
"18119,0,1"
"18130,0,1"
"18143,0,1"
"18154,0,1"
"18165,0,1"
"18177,0,1"
"18188,0,1"
"18199,0,1"
"18211,0,1"
"18223,0,1"
"18234,0,1"
"18245,0,1"
"18256,0,1"
"18268,0,1"
"18280,0,1"
"18291,0,1"
"18302,0,1"
"18314,0,1"
"18325,0,1"
"18337,0,0"
"18349,0,1"
"18360,0,1"
"18371,0,1"
"18382,0,1"
"18394,0,1"
"18406,0,1"
"18417,0,1"
"18428,0,1"
"18440,0,1"
"18451,0,1"
"18462,0,1"
"18475,0,1"
"18486,0,1"
"18497,0,1"
"18508,0,1"
"18520,0,1"
"18531,0,1"
"18543,0,1"
"18554,0,1"
"18566,0,1"
"18577,0,1"
"18588,0,1"
"18599,0,1"
"18612,0,1"
"18623,0,1"
"18634,0,1"
"18646,0,1"
"18657,0,1"
"18668,0,1"
"18680,0,1"
"18692,0,1"
"18703,0,1"
"18714,0,1"
"18725,0,1"
"18738,0,1"
"18749,0,1"
"18760,0,1"
"18771,0,1"
"18783,0,1"
"18794,0,1"
"18806,0,1"
"18818,0,1"
"18829,0,1"
"18840,1,1"
"18851,1,1"
"18863,1,1"
"18875,1,1"
"18886,1,1"
"18897,1,6"
"18909,1,1"
"18920,1,1"
"18931,1,1"
"18944,1,3"
"18955,1,1"
"18966,0,1"
"18977,0,1"
"18989,0,1"
"19000,0,1"
"19012,0,1"
"19023,0,1"
"19035,0,1"
"19046,0,1"
"19057,0,1"
"19069,0,1"
"19081,0,1"
"19092,0,1"
"19103,0,0"
"19115,0,2"
"19126,0,1"
"19138,0,1"
"19149,0,1"
"19161,0,1"
"19172,0,1"
"19183,0,1"
"19194,0,0"
"19207,0,1"
"19218,0,1"
"19229,0,1"
"19240,0,1"
"19252,0,1"
"19263,0,1"
"19275,0,1"
"19287,0,1"
"19298,0,1"
"19309,0,1"
"19320,0,1"
"19332,0,1"
"19344,0,1"
"19355,0,1"
"19366,0,1"
"19378,0,1"
"19389,0,1"
"19400,0,1"
"19412,0,1"
"19424,0,1"
"19435,0,1"
"19446,0,1"
"19458,0,1"
"19470,0,1"
"19481,0,1"
"19492,0,1"
"19504,0,1"
"19515,0,1"
"19526,0,1"
"19538,0,1"
"19550,0,1"
"19561,0,1"
"19572,0,1"
"19584,0,1"
"19595,0,1"
"19607,0,1"
"19618,0,1"
"19630,0,1"
"19641,0,1"
"19652,0,1"
"19663,0,1"
"19676,0,1"
"19687,0,1"
"19698,0,1"
"19709,0,1"
"19721,0,1"
"19732,0,1"
"19744,0,1"
"19756,0,1"
"19767,0,1"
"19778,0,1"
"19789,0,1"
"19802,0,1"
"19813,0,1"
"19824,0,1"
"19835,0,1"
"19847,0,1"
"19858,0,1"
"19870,0,1"
"19881,0,1"
"19893,0,1"
"19904,0,1"
"19915,0,1"
"19927,0,1"
"19939,0,1"
"19950,0,1"
"19961,1,1"
"19973,1,1"
"19984,1,1"
"19995,1,1"
"20007,1,0"
"20019,1,1"
"20030,1,1"
"20041,1,1"
"20052,1,6"
"20064,1,2"
"20076,1,1"
"20087,0,1"
"20099,0,1"
"20110,0,1"
"20121,0,1"
"20132,0,1"
"20145,0,1"
"20156,0,1"
"20167,0,2"
"20178,0,-2"
"20191,0,1"
"20203,0,1"
"20214,0,1"
"20226,0,0"
"20237,0,1"
"20248,0,0"
"20259,0,1"
"20272,0,1"
"20283,0,1"
"20294,0,1"
"20305,0,2"
"20317,0,1"
"20328,0,1"
"20340,0,1"
"20352,0,1"
"20363,0,1"
"20374,0,1"
"20385,0,1"
"20397,0,1"
"20409,0,1"
"20420,0,1"
"20431,0,1"
"20443,0,1"
"20454,0,1"
"20465,0,1"
"20477,0,1"
"20489,0,1"
"20500,0,1"
"20511,0,1"
"20523,0,1"
"20535,0,1"
"20546,0,0"
"20557,0,1"
"20569,0,1"
"20580,0,1"
"20591,0,1"
"20603,0,0"
"20615,0,1"
"20626,0,1"
"20637,0,1"
"20648,0,1"
"20660,0,1"
"20672,0,1"
"20683,0,1"
"20695,0,1"
"20706,0,1"
"20717,0,1"
"20728,0,1"
"20741,0,1"
"20752,0,1"
"20763,0,1"
"20774,0,1"
"20786,0,1"
"20797,0,1"
"20809,0,1"
"20820,0,1"
"20832,0,1"
"20843,0,1"
"20854,0,1"
"20867,0,1"
"20878,0,1"
"20889,0,1"
"20900,0,1"
"20912,0,1"
"20923,0,1"
"20935,0,1"
"20946,0,1"
"20958,0,1"
"20969,0,1"
"20980,0,1"
"20992,0,1"
"21004,0,1"
"21015,0,1"
"21026,0,1"
"21038,0,1"
"21049,0,1"
"21060,0,1"
"21072,0,1"
"21084,1,1"
"21095,1,1"
"21106,1,1"
"21117,1,1"
"21129,1,1"
"21141,1,2"
"21152,1,0"
"21164,1,1"
"21175,1,4"
"21186,1,4"
"21197,1,1"
"21210,0,1"
"21221,0,1"
"21232,0,1"
"21243,0,2"
"21255,0,1"
"21267,0,1"
"21278,0,1"
"21289,0,4"
"21301,0,0"
"21312,0,1"
"21323,0,1"
"21336,0,1"
"21347,0,-1"
"21359,0,1"
"21370,0,0"
"21382,0,1"
"21393,0,1"
"21405,0,1"
"21416,0,1"
"21428,0,1"
"21439,0,1"
"21450,0,1"
"21462,0,1"
"21474,0,1"
"21485,0,1"
"21496,0,1"
"21508,0,1"
"21519,0,1"
"21530,0,1"
"21542,0,1"
"21554,0,1"
"21565,0,1"
"21576,0,1"
"21587,0,1"
"21600,0,1"
"21611,0,1"
"21622,0,1"
"21634,0,1"
"21645,0,1"
"21656,0,1"
"21668,0,1"
"21680,0,1"
"21691,0,1"
"21702,0,1"
"21713,0,1"
"21725,0,1"
"21737,0,1"
"21748,0,1"
"21760,0,1"
"21771,0,1"
"21782,0,1"
"21793,0,1"
"21806,0,1"
"21817,0,1"
"21828,0,1"
"21839,0,1"
"21851,0,1"
"21862,0,1"
"21874,0,1"
"21885,0,1"
"21897,0,1"
"21908,0,1"
"21919,0,1"
"21932,0,1"
"21943,0,1"
"21954,0,1"
"21965,0,1"
"21977,0,1"
"21988,0,1"
"22000,0,1"
"22011,0,1"
"22023,0,1"
"22034,0,1"
"22045,0,1"
"22056,0,1"
"22069,0,1"
"22080,0,1"
"22091,0,1"
"22103,0,1"
"22114,0,1"
"22125,0,1"
"22137,0,1"
"22149,0,1"
"22160,0,1"
"22171,0,1"
"22182,0,1"
"22194,0,1"
"22206,1,1"
"22217,1,1"
"22228,1,0"
"22240,1,-2"
"22252,1,1"
"22264,1,11"
"22277,1,6"
"22288,1,1"
"22299,1,1"
"22310,1,1"
"22322,1,6"
"22334,0,7"
"22345,0,0"
"22356,0,1"
"22368,0,1"
"22379,0,1"
"22390,0,1"
"22403,0,-1"
"22415,0,1"
"22426,0,1"
"22437,0,1"
"22449,0,1"
"22460,0,1"
"22472,0,3"
"22483,0,0"
"22495,0,1"
"22506,0,1"
"22517,0,1"
"22529,0,1"
"22541,0,1"
"22552,0,-1"
"22564,0,1"
"22576,0,1"
"22587,0,1"
"22599,0,1"
"22610,0,0"
"22622,0,1"
"22633,0,0"
"22644,0,1"
"22656,0,1"
"22668,0,1"
"22679,0,1"
"22690,0,1"
"22702,0,1"
"22713,0,1"
"22724,0,1"
"22736,0,1"
"22748,0,1"
"22759,0,1"
"22770,0,1"
"22781,0,1"
"22793,0,1"
"22805,0,1"
"22816,0,1"
"22828,0,1"
"22839,0,1"
"22850,0,1"
"22861,0,1"
"22874,0,1"
"22885,0,1"
"22896,0,1"
"22907,0,1"
"22919,0,1"
"22931,0,1"
"22942,0,1"
"22953,0,1"
"22965,0,1"
"22976,0,1"
"22987,0,1"
"23000,0,1"
"23011,0,1"
"23022,0,1"
"23033,0,1"
"23045,0,1"
"23056,0,1"
"23068,0,1"
"23079,0,1"
"23091,0,1"
"23102,0,1"
"23113,0,1"
"23124,0,1"
"23137,0,1"
"23148,0,1"
"23159,0,1"
"23171,0,1"
"23182,0,1"
"23193,0,1"
"23205,0,1"
"23217,0,1"
"23228,0,1"
"23239,0,1"
"23250,0,1"
"23263,0,1"
"23274,0,1"
"23285,0,1"
"23297,0,1"
"23308,0,1"
"23319,1,1"
"23331,1,1"
"23343,1,1"
"23354,1,1"
"23365,1,1"
"23376,1,1"
"23388,1,8"
"23400,1,6"
"23411,1,1"
"23422,1,1"
"23434,1,1"
"23445,1,5"
"23456,0,9"
"23469,0,0"
"23480,0,1"
"23491,0,1"
"23502,0,1"
"23514,0,1"
"23525,0,1"
"23537,0,2"
"23548,0,0"
"23560,0,1"
"23571,0,1"
"23582,0,1"
"23593,0,3"
"23606,0,2"
"23617,0,1"
"23628,0,1"
"23640,0,1"
"23651,0,1"
"23663,0,0"
"23674,0,-1"
"23687,0,1"
"23698,0,1"
"23709,0,1"
"23720,0,1"
"23733,0,1"
"23744,0,1"
"23755,0,1"
"23767,0,1"
"23778,0,1"
"23789,0,1"
"23801,0,1"
"23813,0,1"
"23824,0,1"
"23835,0,1"
"23846,0,1"
"23858,0,1"
"23870,0,1"
"23881,0,1"
"23892,0,1"
"23904,0,1"
"23915,0,1"
"23926,0,1"
"23939,0,1"
"23950,0,1"
"23961,0,1"
"23972,0,1"
"23984,0,1"
"23996,0,1"
"24007,0,1"
"24018,0,1"
"24030,0,1"
"24041,0,1"
"24052,0,1"
"24065,0,1"
"24076,0,1"
"24087,0,1"
"24098,0,1"
"24110,0,1"
"24121,0,1"
"24133,0,1"
"24144,0,1"
"24156,0,1"
"24167,0,1"
"24178,0,1"
"24189,0,1"
"24202,0,1"
"24213,0,1"
"24224,0,1"
"24236,0,1"
"24247,0,1"
"24258,0,1"
"24270,0,1"
"24282,0,1"
"24293,0,1"
"24304,0,1"
"24315,0,1"
"24328,0,1"
"24339,0,1"
"24350,0,1"
"24361,0,1"
"24373,0,1"
"24384,0,1"
"24396,0,1"
"24408,0,1"
"24419,0,1"
"24430,0,1"
"24441,1,1"
"24453,1,1"
"24465,1,1"
"24476,1,1"
"24487,1,1"
"24499,1,1"
"24510,1,4"
"24521,1,4"
"24534,1,1"
"24545,1,1"
"24556,1,1"
"24567,1,4"
"24579,0,7"
"24590,0,0"
"24602,0,1"
"24613,0,1"
"24625,0,1"
"24636,0,1"
"24647,0,2"
"24658,0,1"
"24671,0,0"
"24682,0,1"
"24693,0,1"
"24705,0,1"
"24716,0,3"
"24728,0,0"
"24739,0,1"
"24751,0,1"
"24762,0,1"
"24773,0,1"
"24784,0,0"
"24797,0,0"
"24808,0,1"
"24819,0,1"
"24830,0,1"
"24842,0,1"
"24853,0,1"
"24865,0,1"
"24877,0,1"
"24888,0,1"
"24899,0,1"
"24910,0,1"
"24922,0,1"
"24934,0,0"
"24945,0,1"
"24956,0,1"
"24968,0,1"
"24979,0,1"
"24990,0,1"
"25003,0,1"
"25014,0,1"
"25025,0,1"
"25036,0,1"
"25048,0,1"
"25060,0,1"
"25071,0,1"
"25082,0,1"
"25094,0,1"
"25105,0,1"
"25116,0,1"
"25128,0,1"
"25140,0,1"
"25151,0,1"
"25162,0,1"
"25174,0,1"
"25185,0,1"
"25197,0,1"
"25208,0,1"
"25220,0,1"
"25231,0,1"
"25242,0,1"
"25253,0,1"
"25266,0,1"
"25277,0,1"
"25288,0,1"
"25299,0,1"
"25311,0,1"
"25322,0,1"
"25334,0,1"
"25346,0,1"
"25357,0,1"
"25368,0,1"
"25379,0,1"
"25391,0,1"
"25403,0,1"
"25414,0,1"
"25425,0,1"
"25437,0,1"
"25448,0,1"
"25460,0,1"
"25472,0,1"
"25483,0,1"
"25494,0,1"
"25505,0,1"
"25517,0,1"
"25529,0,1"
"25540,0,1"
"25551,0,1"
"25563,1,1"
"25574,1,1"
"25585,1,1"
"25597,1,1"
"25609,1,1"
"25620,1,1"
"25631,1,0"
"25643,1,3"
"25654,1,2"
"25666,1,1"
"25677,1,1"
"25689,1,3"
"25700,0,7"
"25711,0,0"
"25722,0,2"
"25735,0,1"
"25746,0,1"
"25757,0,1"
"25768,0,2"
"25780,0,2"
"25792,0,1"
"25803,0,1"
"25815,0,1"
"25826,0,1"
"25837,0,3"
"25848,0,0"
"25861,0,1"
"25872,0,1"
"25883,0,1"
"25894,0,1"
"25906,0,-1"
"25918,0,-1"
"25931,0,1"
"25943,0,1"
"25954,0,1"
"25965,0,1"
"25976,0,1"
"25988,0,1"
"26000,0,1"
"26011,0,1"
"26022,0,1"
"26034,0,1"
"26045,0,1"
"26056,0,1"
"26068,0,1"
"26080,0,1"
"26091,0,1"
"26102,0,1"
"26114,0,1"
"26126,0,1"
"26137,0,1"
"26148,0,1"
"26160,0,1"
"26171,0,1"
"26182,0,1"
"26194,0,1"
"26206,0,1"
"26217,0,1"
"26228,0,1"
"26240,0,1"
"26251,0,1"
"26263,0,1"
"26274,0,1"
"26286,0,1"
"26297,0,1"
"26308,0,1"
"26319,0,1"
"26332,0,1"
"26343,0,1"
"26354,0,1"
"26365,0,1"
"26377,0,1"
"26388,0,1"
"26400,0,1"
"26412,0,1"
"26423,0,1"
"26434,0,1"
"26445,0,1"
"26458,0,1"
"26469,0,1"
"26480,0,1"
"26491,0,1"
"26503,0,1"
"26514,0,1"
"26526,0,1"
"26537,0,1"
"26549,0,1"
"26560,0,1"
"26571,0,1"
"26583,0,1"
"26595,0,1"
"26606,0,1"
"26617,0,1"
"26629,0,1"
"26640,0,1"
"26651,0,1"
"26663,0,1"
"26675,0,1"
"26686,1,1"
"26697,1,1"
"26708,1,1"
"26720,1,0"
"26732,1,1"
"26743,1,1"
"26755,1,1"
"26766,1,1"
"26777,1,2"
"26788,1,1"
"26801,1,1"
"26812,1,1"
"26823,0,1"
"26834,0,1"
"26846,0,0"
"26858,0,1"
"26869,0,1"
"26881,0,1"
"26892,0,1"
"26903,0,1"
"26914,0,1"
"26927,0,1"
"26938,0,1"
"26949,0,0"
"26960,0,3"
"26972,0,1"
"26983,0,1"
"26995,0,1"
"27006,0,1"
"27018,0,-1"
"27030,0,0"
"27041,0,1"
"27053,0,1"
"27065,0,1"
"27076,0,1"
"27087,0,1"
"27099,0,1"
"27110,0,1"
"27121,0,1"
"27133,0,1"
"27145,0,1"
"27156,0,1"
"27167,0,1"
"27179,0,1"
"27191,0,1"
"27202,0,1"
"27213,0,1"
"27225,0,1"
"27236,0,1"
"27247,0,1"
"27259,0,1"
"27271,0,1"
"27282,0,1"
"27293,0,1"
"27304,0,1"
"27316,0,1"
"27328,0,1"
"27339,0,1"
"27351,0,1"
"27362,0,1"
"27373,0,1"
"27384,0,1"
"27397,0,1"
"27408,0,1"
"27419,0,1"
"27430,0,1"
"27442,0,1"
"27453,0,1"
"27465,0,0"
"27476,0,1"
"27488,0,1"
"27499,0,1"
"27510,0,1"
"27523,0,1"
"27534,0,1"
"27545,0,1"
"27556,0,1"
"27568,0,1"
"27579,0,1"
"27591,0,1"
"27602,0,1"
"27614,0,1"
"27625,0,1"
"27636,0,1"
"27648,0,1"
"27660,0,1"
"27671,0,1"
"27682,0,1"
"27694,0,1"
"27705,0,1"
"27716,0,1"
"27728,0,1"
"27740,0,1"
"27751,0,1"
"27762,0,1"
"27773,0,1"
"27785,0,1"
"27797,0,1"
"27808,1,1"
"27820,1,1"
"27831,1,1"
"27842,1,1"
"27853,1,-1"
"27867,1,0"
"27878,1,1"
"27889,1,1"
"27900,1,4"
"27912,1,2"
"27924,1,1"
"27935,0,0"
"27947,0,1"
"27958,0,1"
"27969,0,0"
"27980,0,1"
"27993,0,1"
"28004,0,1"
"28015,0,1"
"28026,0,0"
"28038,0,1"
"28049,0,1"
"28061,0,1"
"28072,0,0"
"28084,0,2"
"28095,0,1"
"28106,0,1"
"28118,0,1"
"28130,0,1"
"28141,0,-2"
"28153,0,0"
"28165,0,1"
"28176,0,1"
"28188,0,1"
"28199,0,1"
"28211,0,1"
"28222,0,1"
"28233,0,1"
"28244,0,0"
"28257,0,1"
"28268,0,1"
"28279,0,1"
"28291,0,1"
"28302,0,1"
"28313,0,1"
"28325,0,1"
"28337,0,1"
"28348,0,1"
"28359,0,1"
"28370,0,1"
"28382,0,1"
"28394,0,1"
"28405,0,1"
"28417,0,1"
"28428,0,1"
"28439,0,1"
"28450,0,1"
"28463,0,1"
"28474,0,1"
"28485,0,1"
"28496,0,1"
"28508,0,1"
"28519,0,1"
"28531,0,1"
"28542,0,1"
"28554,0,1"
"28565,0,1"
"28576,0,1"
"28589,0,1"
"28600,0,1"
"28611,0,1"
"28622,0,1"
"28634,0,1"
"28645,0,1"
"28657,0,1"
"28668,0,1"
"28680,0,1"
"28691,0,1"
"28702,0,1"
"28713,0,1"
"28726,0,1"
"28737,0,1"
"28748,0,1"
"28760,0,1"
"28771,0,1"
"28782,0,1"
"28794,0,1"
"28806,0,1"
"28817,0,1"
"28828,0,1"
"28839,0,1"
"28851,0,1"
"28863,0,1"
"28874,0,1"
"28886,0,1"
"28897,0,1"
"28908,0,1"
"28920,0,1"
"28932,1,1"
"28943,1,1"
"28954,1,1"
"28965,1,1"
"28977,1,1"
"28989,1,4"
"29000,1,1"
"29011,1,1"
"29023,1,2"
"29034,1,2"
"29045,1,1"
"29058,0,1"
"29069,0,1"
"29080,0,1"
"29091,0,0"
"29103,0,1"
"29114,0,1"
"29126,0,1"
"29137,0,1"
"29149,0,0"
"29160,0,1"
"29171,0,1"
"29182,0,1"
"29195,0,1"
"29206,0,2"
"29217,0,1"
"29229,0,1"
"29240,0,1"
"29251,0,1"
"29263,0,1"
"29275,0,0"
"29286,0,1"
"29297,0,1"
"29308,0,1"
"29321,0,1"
"29332,0,1"
"29343,0,1"
"29355,0,1"
"29366,0,1"
"29377,0,1"
"29389,0,1"
"29401,0,1"
"29412,0,1"
"29423,0,1"
"29434,0,1"
"29446,0,1"
"29458,0,1"
"29469,0,1"
"29480,0,1"
"29492,0,1"
"29503,0,1"
"29514,0,1"
"29527,0,1"
"29538,0,1"
"29549,0,1"
"29560,0,1"
"29572,0,1"
"29583,0,1"
"29595,0,1"
"29606,0,1"
"29618,0,1"
"29629,0,1"
"29640,0,1"
"29652,0,1"
"29664,0,1"
"29675,0,1"
"29686,0,1"
"29698,0,1"
"29709,0,1"
"29721,0,1"
"29732,0,1"
"29744,0,1"
"29755,0,1"
"29766,0,1"
"29777,0,1"
"29790,0,1"
"29801,0,1"
"29812,0,1"
"29824,0,1"
"29835,0,1"
"29846,0,1"
"29858,0,1"
"29870,0,1"
"29881,0,1"
"29892,0,1"
"29903,0,1"
"29915,0,1"
"29927,0,1"
"29938,0,1"
"29949,0,1"
"29961,0,1"
"29972,0,1"
"29983,0,1"
"29996,0,1"
"30007,0,1"
"30018,0,1"
"30029,0,1"
"30041,0,1"
"30053,1,1"
"30064,1,1"
"30075,1,1"
"30087,1,0"
"30098,1,-2"
"30110,1,7"
"30123,1,0"
"30134,1,1"
"30145,1,1"
"30156,1,2"
"30168,1,-1"
"30180,0,2"
"30192,0,1"
"30203,0,1"
"30215,0,1"
"30226,0,1"
"30237,0,1"
"30248,0,-1"
"30262,0,0"
"30273,0,-1"
"30285,0,1"
"30297,0,1"
"30308,0,1"
"30320,0,1"
"30331,0,2"
"30343,0,1"
"30354,0,1"
"30365,0,1"
"30376,0,1"
"30389,0,1"
"30400,0,1"
"30411,0,1"
"30423,0,1"
"30434,0,1"
"30445,0,1"
"30457,0,1"
"30469,0,1"
"30480,0,1"
"30491,0,1"
"30502,0,1"
"30514,0,1"
"30526,0,1"
"30537,0,1"
"30548,0,1"
"30560,0,1"
"30571,0,1"
"30582,0,1"
"30595,0,1"
"30606,0,1"
"30617,0,1"
"30628,0,1"
"30640,0,1"
"30652,0,1"
"30663,0,1"
"30674,0,1"
"30686,0,1"
"30697,0,1"
"30708,0,1"
"30721,0,1"
"30732,0,1"
"30743,0,1"
"30754,0,1"
"30766,0,1"
"30777,0,1"
"30789,0,1"
"30800,0,1"
"30812,0,1"
"30823,0,1"
"30834,0,1"
"30845,0,1"
"30858,0,1"
"30869,0,1"
"30880,0,1"
"30892,0,1"
"30903,0,1"
"30914,0,1"
"30926,0,1"
"30938,0,1"
"30949,0,1"
"30960,0,1"
"30971,0,1"
"30984,0,1"
"30995,0,1"
"31006,0,1"
"31017,0,1"
"31029,0,1"
"31040,0,1"
"31052,0,1"
"31064,0,1"
"31075,0,1"
"31086,0,1"
"31097,0,1"
"31109,0,1"
"31121,0,1"
"31132,0,1"
"31143,0,1"
"31155,0,1"
"31166,0,1"
"31177,1,1"
"31190,1,1"
"31201,1,1"
"31212,1,0"
"31223,1,1"
"31235,1,1"
"31246,1,2"
"31258,1,3"
"31269,1,1"
"31281,1,1"
"31292,1,1"
"31303,0,5"
"31314,0,2"
"31327,0,2"
"31338,0,1"
"31349,0,1"
"31361,0,1"
"31372,0,2"
"31384,0,0"
"31395,0,0"
"31407,0,1"
"31418,0,1"
"31429,0,1"
"31440,0,1"
"31453,0,3"
"31464,0,1"
"31475,0,1"
"31486,0,1"
"31498,0,1"
"31509,0,1"
"31521,0,0"
"31533,0,1"
"31544,0,1"
"31555,0,1"
"31566,0,1"
"31578,0,0"
"31590,0,1"
"31601,0,1"
"31612,0,1"
"31624,0,1"
"31635,0,1"
"31646,0,1"
"31659,0,1"
"31670,0,1"
"31681,0,1"
"31692,0,1"
"31704,0,1"
"31716,0,1"
"31727,0,1"
"31738,0,1"
"31750,0,1"
"31761,0,1"
"31772,0,1"
"31784,0,1"
"31796,0,1"
"31807,0,1"
"31818,0,1"
"31830,0,1"
"31841,0,1"
"31853,0,1"
"31864,0,1"
"31876,0,1"
"31887,0,1"
"31898,0,1"
"31909,0,1"
"31922,0,1"
"31933,0,1"
"31944,0,1"
"31955,0,1"
"31967,0,1"
"31978,0,1"
"31990,0,1"
"32002,0,1"
"32013,0,1"
"32024,0,1"
"32035,0,1"
"32047,0,1"
"32059,0,1"
"32070,0,1"
"32081,0,1"
"32093,0,1"
"32104,0,1"
"32116,0,1"
"32128,0,1"
"32139,0,1"
"32150,0,1"
"32161,0,1"
"32173,0,1"
"32185,0,1"
"32196,0,1"
"32207,0,1"
"32219,0,1"
"32230,0,1"
"32241,0,1"
"32253,0,1"
"32265,0,1"
"32276,0,1"
"32287,0,1"
"32299,1,1"
"32310,1,1"
"32322,1,1"
"32333,1,0"
"32345,1,1"
"32356,1,5"
"32367,1,5"
"32378,1,1"
"32391,1,1"
"32402,1,1"
"32413,1,4"
"32424,0,3"
"32436,0,1"
"32448,0,1"
"32459,0,1"
"32471,0,1"
"32482,0,1"
"32493,0,0"
"32504,0,1"
"32517,0,1"
"32528,0,1"
"32539,0,1"
"32550,0,1"
"32562,0,3"
"32573,0,0"
"32585,0,1"
"32596,0,1"
"32608,0,1"
"32619,0,1"
"32630,0,1"
"32642,0,0"
"32654,0,1"
"32665,0,1"
"32676,0,1"
"32688,0,1"
"32699,0,1"
"32710,0,1"
"32722,0,1"
"32734,0,1"
"32745,0,1"
"32756,0,1"
"32768,0,1"
"32779,0,1"
"32791,0,1"
"32802,0,1"
"32814,0,1"
"32825,0,1"
"32836,0,1"
"32848,0,1"
"32860,0,1"
"32871,0,1"
"32882,0,1"
"32893,0,1"
"32905,0,1"
"32917,0,1"
"32928,0,1"
"32940,0,1"
"32951,0,1"
"32962,0,1"
"32973,0,1"
"32986,0,1"
"32997,0,1"
"33008,0,1"
"33019,0,1"
"33031,0,1"
"33042,0,1"
"33054,0,1"
"33065,0,1"
"33077,0,1"
"33088,0,1"
"33099,0,1"
"33111,0,1"
"33123,0,1"
"33134,0,1"
"33145,0,1"
"33157,0,1"
"33168,0,1"
"33180,0,1"
"33191,0,1"
"33203,0,1"
"33214,0,1"
"33225,0,1"
"33236,0,1"
"33249,0,1"
"33260,0,1"
"33271,0,1"
"33283,0,1"
"33294,0,1"
"33305,0,1"
"33317,0,1"
"33329,0,1"
"33340,0,1"
"33351,0,1"
"33362,0,1"
"33374,0,1"
"33386,0,1"
"33397,0,1"
"33409,0,1"
"33420,1,1"
"33431,1,1"
"33442,1,1"
"33455,1,1"
"33466,1,1"
"33477,1,5"
"33488,1,4"
"33500,1,1"
"33511,1,1"
"33523,1,1"
"33534,1,4"
"33546,0,6"
"33557,0,1"
"33568,0,1"
"33581,0,1"
"33592,0,1"
"33603,0,1"
"33614,0,1"
"33626,0,1"
"33637,0,0"
"33649,0,1"
"33660,0,1"
"33672,0,1"
"33683,0,4"
"33694,0,0"
"33705,0,1"
"33718,0,1"
"33729,0,1"
"33740,0,1"
"33752,0,0"
"33763,0,0"
"33774,0,1"
"33786,0,1"
"33798,0,1"
"33809,0,1"
"33820,0,0"
"33831,0,1"
"33843,0,1"
"33855,0,1"
"33866,0,1"
"33878,0,1"
"33889,0,1"
"33900,0,1"
"33912,0,1"
"33924,0,1"
"33935,0,1"
"33946,0,1"
"33957,0,1"
"33969,0,1"
"33981,0,1"
"33992,0,1"
"34003,0,1"
"34015,0,1"
"34026,0,1"
"34037,0,1"
"34050,0,1"
"34061,0,1"
"34072,0,1"
"34083,0,1"
"34095,0,1"
"34106,0,1"
"34118,0,1"
"34129,0,1"
"34141,0,1"
"34152,0,1"
"34163,0,1"
"34174,0,1"
"34187,0,1"
"34198,0,1"
"34209,0,1"
"34221,0,1"
"34232,0,1"
"34243,0,1"
"34255,0,1"
"34267,0,1"
"34278,0,1"
"34289,0,1"
"34300,0,1"
"34313,0,1"
"34324,0,1"
"34335,0,1"
"34347,0,1"
"34358,0,1"
"34369,0,1"
"34381,0,1"
"34393,0,1"
"34404,0,1"
"34415,0,1"
"34426,0,1"
"34438,0,1"
"34450,0,1"
"34461,0,1"
"34472,0,1"
"34484,0,1"
"34495,0,1"
"34506,0,1"
"34519,0,1"
"34530,0,1"
"34541,1,1"
"34552,1,1"
"34564,1,1"
"34575,1,0"
"34587,1,1"
"34598,1,3"
"34610,1,6"
"34621,1,-1"
"34633,1,1"
"34646,1,1"
"34657,1,1"
"34668,0,8"
"34679,0,3"
"34691,0,1"
"34702,0,1"
"34714,0,1"
"34725,0,1"
"34737,0,1"
"34748,0,2"
"34759,0,1"
"34770,0,1"
"34783,0,1"
"34794,0,1"
"34805,0,1"
"34817,0,-1"
"34829,0,1"
"34840,0,1"
"34852,0,1"
"34864,0,1"
"34875,0,0"
"34886,0,0"
"34897,0,1"
"34909,0,1"
"34921,0,1"
"34932,0,1"
"34944,0,1"
"34955,0,1"
"34966,0,1"
"34978,0,1"
"34990,0,1"
"35001,0,1"
"35012,0,1"
"35023,0,1"
"35035,0,1"
"35047,0,1"
"35058,0,1"
"35069,0,1"
"35081,0,1"
"35092,0,1"
"35103,0,1"
"35116,0,1"
"35127,0,1"
"35138,0,1"
"35149,0,1"
"35161,0,1"
"35172,0,1"
"35184,0,1"
"35195,0,1"
"35207,0,1"
"35218,0,1"
"35229,0,1"
"35240,0,1"
"35253,0,1"
"35264,0,1"
"35275,0,1"
"35287,0,1"
"35298,0,1"
"35310,0,1"
"35321,0,1"
"35333,0,1"
"35344,0,1"
"35355,0,1"
"35366,0,1"
"35379,0,1"
"35390,0,1"
"35401,0,1"
"35412,0,1"
"35424,0,1"
"35435,0,1"
"35447,0,1"
"35459,0,1"
"35470,0,1"
"35481,0,1"
"35492,0,1"
"35504,0,1"
"35516,0,1"
"35527,0,1"
"35538,0,1"
"35550,0,1"
"35561,0,1"
"35572,0,1"
"35585,0,1"
"35596,0,1"
"35607,0,1"
"35618,0,1"
"35630,0,1"
"35641,0,1"
"35653,1,1"
"35664,1,1"
"35676,1,1"
"35687,1,1"
"35698,1,1"
"35710,1,1"
"35722,1,1"
"35733,1,1"
"35744,1,3"
"35756,1,1"
"35767,1,1"
"35779,1,1"
"35790,0,5"
"35802,0,0"
"35813,0,2"
"35824,0,1"
"35835,0,1"
"35848,0,1"
"35859,0,0"
"35870,0,1"
"35881,0,1"
"35893,0,1"
"35904,0,1"
"35916,0,1"
"35928,0,3"
"35939,0,0"
"35950,0,1"
"35961,0,1"
"35973,0,1"
"35985,0,1"
"35996,0,1"
"36007,0,0"
"36019,0,1"
"36030,0,1"
"36042,0,1"
"36054,0,1"
"36065,0,1"
"36076,0,1"
"36087,0,1"
"36099,0,1"
"36111,0,1"
"36122,0,1"
"36133,0,1"
"36145,0,1"
"36156,0,1"
"36167,0,1"
"36179,0,1"
"36191,0,1"
"36202,0,1"
"36213,0,1"
"36225,0,1"
"36236,0,1"
"36248,0,1"
"36259,0,1"
"36271,0,1"
"36282,0,1"
"36293,0,1"
"36304,0,1"
"36317,0,1"
"36328,0,1"
"36339,0,1"
"36350,0,1"
"36362,0,1"
"36373,0,1"
"36385,0,1"
"36397,0,1"
"36408,0,1"
"36419,0,1"
"36430,0,1"
"36443,0,1"
"36454,0,1"
"36465,0,1"
"36476,0,1"
"36488,0,1"
"36499,0,1"
"36511,0,1"
"36523,0,1"
"36534,0,1"
"36545,0,1"
"36556,0,1"
"36568,0,1"
"36580,0,1"
"36591,0,1"
"36602,0,1"
"36614,0,1"
"36625,0,1"
"36636,0,1"
"36648,0,1"
"36660,0,1"
"36671,0,1"
"36682,0,1"
"36694,0,1"
"36705,0,1"
"36717,0,1"
"36728,0,1"
"36740,0,1"
"36751,0,1"
"36762,0,1"
"36774,1,1"
"36786,1,1"
"36797,1,1"
"36808,1,1"
"36819,1,1"
"36831,1,1"
"36843,1,1"
"36854,1,4"
"36866,1,1"
"36877,1,1"
"36888,1,1"
"36899,1,3"
"36912,0,7"
"36923,0,0"
"36934,0,1"
"36945,0,1"
"36957,0,1"
"36968,0,1"
"36980,0,0"
"36992,0,2"
"37003,0,1"
"37014,0,1"
"37025,0,1"
"37037,0,1"
"37049,0,2"
"37060,0,1"
"37071,0,1"
"37083,0,1"
"37094,0,1"
"37105,0,1"
"37117,0,0"
"37129,0,0"
"37140,0,1"
"37151,0,1"
"37163,0,1"
"37175,0,1"
"37186,0,1"
"37197,0,1"
"37209,0,1"
"37220,0,1"
"37231,0,1"
"37243,0,1"
"37255,0,1"
"37266,0,1"
"37277,0,1"
"37288,0,1"
"37300,0,1"
"37312,0,1"
"37323,0,1"
"37335,0,1"
"37346,0,1"
"37357,0,1"
"37368,0,1"
"37381,0,1"
"37392,0,1"
"37403,0,1"
"37414,0,1"
"37426,0,1"
"37437,0,1"
"37449,0,1"
"37460,0,1"
"37472,0,1"
"37483,0,1"
"37494,0,1"
"37507,0,1"
"37518,0,1"
"37529,0,1"
"37540,0,1"
"37552,0,1"
"37563,0,1"
"37575,0,1"
"37586,0,1"
"37598,0,1"
"37609,0,1"
"37620,0,1"
"37632,0,1"
"37644,0,1"
"37655,0,1"
"37666,0,1"
"37678,0,1"
"37689,0,1"
"37700,0,1"
"37712,0,1"
"37724,0,1"
"37735,0,1"
"37746,0,1"
"37757,0,1"
"37769,0,1"
"37781,0,1"
"37792,0,1"
"37804,0,1"
"37815,0,1"
"37826,0,1"
"37837,0,1"
"37850,0,1"
"37861,0,1"
"37872,0,1"
"37883,0,1"
"37895,1,1"
"37907,1,1"
"37918,1,1"
"37929,1,1"
"37941,1,0"
"37952,1,1"
"37963,1,1"
"37976,1,5"
"37987,1,1"
"37998,1,1"
"38009,1,1"
"38021,1,5"
"38032,0,7"
"38044,0,1"
"38055,0,0"
"38067,0,1"
"38078,0,1"
"38089,0,1"
"38100,0,1"
"38113,0,1"
"38124,0,1"
"38135,0,1"
"38147,0,1"
"38158,0,1"
"38169,0,1"
"38181,0,1"
"38193,0,1"
"38204,0,1"
"38215,0,1"
"38226,0,1"
"38239,0,2"
"38250,0,1"
"38261,0,1"
"38273,0,1"
"38284,0,1"
"38295,0,1"
"38307,0,1"
"38319,0,1"
"38330,0,1"
"38341,0,1"
"38352,0,1"
"38364,0,1"
"38376,0,1"
"38387,0,1"
"38398,0,1"
"38410,0,1"
"38421,0,1"
"38432,0,1"
"38445,0,1"
"38456,0,1"
"38467,0,1"
"38478,0,1"
"38490,0,1"
"38501,0,1"
"38513,0,1"
"38524,0,1"
"38536,0,1"
"38547,0,1"
"38558,0,1"
"38569,0,1"
"38582,0,1"
"38593,0,1"
"38604,0,1"
"38616,0,1"
"38627,0,1"
"38639,0,1"
"38650,0,1"
"38662,0,1"
"38673,0,1"
"38684,0,1"
"38695,0,1"
"38708,0,1"
"38719,0,1"
"38730,0,1"
"38742,0,1"
"38753,0,1"
"38764,0,1"
"38776,0,1"
"38788,0,1"
"38799,0,1"
"38810,0,1"
"38821,0,1"
"38833,0,1"
"38845,0,1"
"38856,0,1"
"38867,0,1"
"38879,0,1"
"38890,0,1"
"38901,0,1"
"38914,0,1"
"38925,0,1"
"38936,0,1"
"38947,0,1"
"38959,0,1"
"38971,0,1"
"38982,0,1"
"38993,0,1"
"39005,0,1"
"39016,1,1"
"39027,1,1"
"39040,1,1"
"39051,1,1"
"39062,1,1"
"39073,1,1"
"39085,1,4"
"39096,1,4"
"39108,1,1"
"39119,1,1"
"39131,1,1"
"39142,1,7"
"39153,0,4"
"39164,0,1"
"39177,0,1"
"39188,0,1"
"39199,0,1"
"39211,0,1"
"39222,0,1"
"39233,0,1"
"39245,0,1"
"39257,0,1"
"39268,0,1"
"39279,0,1"
"39290,0,1"
"39302,0,1"
"39314,0,1"
"39325,0,1"
"39336,0,1"
"39348,0,1"
"39359,0,1"
"39371,0,1"
"39383,0,1"
"39394,0,1"
"39405,0,1"
"39416,0,1"
"39428,0,1"
"39440,0,1"
"39451,0,1"
"39462,0,1"
"39474,0,1"
"39485,0,1"
"39496,0,1"
"39508,0,1"
"39520,0,1"
"39531,0,1"
"39542,0,1"
"39554,0,1"
"39565,0,1"
"39577,0,1"
"39588,0,1"
"39600,0,1"
"39611,0,1"
"39622,0,1"
"39633,0,1"
"39646,0,1"
"39657,0,1"
"39668,0,1"
"39680,0,1"
"39691,0,1"
"39703,0,1"
"39714,0,1"
"39726,0,1"
"39737,0,1"
"39748,0,1"
"39759,0,1"
"39772,0,1"
"39783,0,1"
"39794,0,1"
"39805,0,1"
"39817,0,1"
"39828,0,1"
"39840,0,1"
"39852,0,1"
"39863,0,1"
"39874,0,1"
"39885,0,1"
"39897,0,1"
"39909,0,1"
"39920,0,1"
"39931,0,1"
"39943,0,1"
"39954,0,1"
"39965,0,1"
"39977,0,1"
"39989,0,1"
"40000,0,1"
"40011,0,1"
"40023,0,1"
"40034,0,1"
"40046,0,1"
"40057,0,1"
"40069,0,1"
"40080,0,1"
"40091,0,1"
"40103,0,1"
"40115,0,1"
"40126,0,1"
"40137,1,1"
"40148,1,1"
"40160,1,1"
"40172,1,1"
"40183,1,0"
"40195,1,1"
"40206,1,2"
"40217,1,1"
"40228,1,1"
"40241,1,1"
"40252,1,1"
"40263,1,7"
"40274,0,5"
"40286,0,1"
"40297,0,1"
"40309,0,1"
"40321,0,1"
"40332,0,1"
"40343,0,4"
"40354,0,0"
"40366,0,1"
"40378,0,1"
"40389,0,1"
"40400,0,1"
"40412,0,2"
"40423,0,1"
"40435,0,1"
"40446,0,1"
"40458,0,1"
"40469,0,1"
"40480,0,1"
"40492,0,1"
"40504,0,1"
"40515,0,1"
"40526,0,1"
"40538,0,1"
"40549,0,1"
"40560,0,1"
"40572,0,1"
"40584,0,1"
"40595,0,1"
"40606,0,1"
"40617,0,1"
"40629,0,1"
"40641,0,1"
"40652,0,1"
"40664,0,1"
"40675,0,1"
"40686,0,1"
"40697,0,1"
"40710,0,1"
"40721,0,1"
"40732,0,1"
"40743,0,1"
"40755,0,1"
"40766,0,1"
"40778,0,1"
"40790,0,1"
"40801,0,1"
"40812,0,1"
"40823,0,1"
"40836,0,1"
"40847,0,1"
"40858,0,1"
"40869,0,1"
"40881,0,1"
"40892,0,1"
"40904,0,1"
"40915,0,1"
"40927,0,1"
"40938,0,1"
"40949,0,1"
"40961,0,1"
"40973,0,1"
"40984,0,1"
"40995,0,1"
"41007,0,1"
"41018,0,1"
"41029,0,1"
"41041,0,1"
"41053,0,1"
"41064,0,1"
"41075,0,1"
"41086,0,1"
"41098,0,1"
"41110,0,1"
"41121,0,1"
"41133,0,1"
"41144,0,1"
"41155,0,1"
"41167,0,1"
"41179,0,1"
"41190,0,1"
"41201,0,1"
"41212,0,1"
"41224,0,1"
"41236,0,1"
"41247,0,1"
"41259,1,1"
"41270,1,1"
"41281,1,1"
"41292,1,1"
"41305,1,1"
"41316,1,1"
"41327,1,6"
"41338,1,5"
"41350,1,1"
"41361,1,1"
"41373,1,1"
"41384,1,7"
"41396,0,6"
"41407,0,1"
"41418,0,1"
"41430,0,1"
"41442,0,1"
"41453,0,1"
"41464,0,2"
"41476,0,0"
"41487,0,0"
"41498,0,1"
"41510,0,1"
"41522,0,1"
"41533,0,4"
"41544,0,1"
"41555,0,1"
"41568,0,1"
"41579,0,1"
"41590,0,-1"
"41603,0,0"
"41614,0,1"
"41625,0,1"
"41637,0,1"
"41649,0,1"
"41660,0,1"
"41671,0,1"
"41682,0,1"
"41694,0,1"
"41706,0,1"
"41717,0,1"
"41729,0,1"
"41740,0,1"
"41751,0,1"
"41762,0,1"
"41775,0,1"
"41786,0,1"
"41797,0,1"
"41808,0,1"
"41820,0,1"
"41831,0,1"
"41843,0,1"
"41854,0,1"
"41866,0,1"
"41877,0,1"
"41888,0,1"
"41901,0,1"
"41912,0,1"
"41923,0,1"
"41934,0,1"
"41946,0,1"
"41957,0,1"
"41969,0,1"
"41980,0,1"
"41992,0,1"
"42003,0,1"
"42014,0,1"
"42025,0,1"
"42038,0,1"
"42049,0,1"
"42060,0,1"
"42072,0,1"
"42083,0,1"
"42094,0,1"
"42106,0,1"
"42118,0,1"
"42129,0,1"
"42140,0,1"
"42151,0,1"
"42163,0,1"
"42175,0,1"
"42186,0,1"
"42198,0,1"
"42209,0,1"
"42220,0,1"
"42232,0,1"
"42244,0,1"
"42255,0,1"
"42266,0,1"
"42277,0,1"
"42289,0,1"
"42301,0,1"
"42312,0,1"
"42323,0,1"
"42335,0,1"
"42346,0,1"
"42357,0,1"
"42370,0,1"
"42381,1,1"
"42392,1,1"
"42403,1,1"
"42415,1,1"
"42426,1,1"
"42438,1,1"
"42449,1,0"
"42461,1,0"
"42472,1,2"
"42483,1,1"
"42494,1,1"
"42507,1,4"
"42518,0,7"
"42529,0,1"
"42541,0,1"
"42552,0,1"
"42563,0,1"
"42575,0,1"
"42587,0,1"
"42598,0,1"
"42609,0,1"
"42620,0,1"
"42633,0,1"
"42644,0,1"
"42655,0,4"
"42667,0,0"
"42678,0,1"
"42689,0,1"
"42701,0,1"
"42713,0,0"
"42724,0,0"
"42735,0,0"
"42746,0,1"
"42758,0,1"
"42770,0,1"
"42781,0,1"
"42792,0,1"
"42804,0,1"
"42815,0,1"
"42826,0,1"
"42839,0,1"
"42850,0,1"
"42861,0,1"
"42872,0,1"
"42884,0,1"
"42895,0,1"
"42907,0,1"
"42918,0,1"
"42930,0,1"
"42941,0,1"
"42952,0,1"
"42964,0,1"
"42976,0,1"
"42987,0,1"
"42998,0,1"
"43010,0,1"
"43021,0,1"
"43033,0,1"
"43044,0,1"
"43056,0,1"
"43067,0,1"
"43078,0,1"
"43089,0,1"
"43102,0,1"
"43113,0,1"
"43124,0,1"
"43136,0,1"
"43147,0,1"
"43158,0,1"
"43170,0,1"
"43182,0,1"
"43193,0,1"
"43204,0,1"
"43215,0,1"
"43227,0,1"
"43239,0,1"
"43250,0,1"
"43261,0,1"
"43273,0,1"
"43284,0,1"
"43295,0,1"
"43308,0,1"
"43319,0,1"
"43330,0,1"
"43341,0,1"
"43353,0,1"
"43365,0,1"
"43376,0,1"
"43387,0,1"
"43399,0,1"
"43410,0,1"
"43421,0,1"
"43433,0,1"
"43445,0,1"
"43456,0,1"
"43467,0,1"
"43479,0,1"
"43490,0,1"
"43502,1,1"
"43513,1,1"
"43525,1,1"
"43536,1,1"
"43547,1,1"
"43558,1,1"
"43571,1,2"
"43582,1,3"
"43593,1,1"
"43604,1,1"
"43616,1,1"
"43627,1,5"
"43639,0,9"
"43651,0,1"
"43662,0,1"
"43673,0,1"
"43684,0,1"
"43697,0,1"
"43708,0,1"
"43719,0,2"
"43730,0,1"
"43742,0,1"
"43753,0,1"
"43765,0,1"
"43777,0,4"
"43788,0,0"
"43799,0,1"
"43810,0,1"
"43822,0,1"
"43834,0,1"
"43845,0,1"
"43856,0,0"
"43868,0,1"
"43879,0,1"
"43890,0,1"
"43902,0,0"
"43914,0,1"
"43925,0,1"
"43936,0,1"
"43948,0,1"
"43959,0,1"
"43971,0,1"
"43982,0,1"
"43994,0,1"
"44005,0,1"
"44016,0,1"
"44027,0,1"
"44040,0,1"
"44051,0,1"
"44062,0,1"
"44073,0,1"
"44085,0,1"
"44097,0,1"
"44108,0,1"
"44120,0,1"
"44131,0,1"
"44142,0,1"
"44153,0,1"
"44166,0,1"
"44177,0,1"
"44188,0,1"
"44199,0,1"
"44211,0,1"
"44222,0,1"
"44234,0,1"
"44246,0,1"
"44257,0,1"
"44268,0,1"
"44279,0,1"
"44291,0,1"
"44303,0,1"
"44314,0,1"
"44325,0,1"
"44337,0,1"
"44348,0,1"
"44359,0,1"
"44371,0,1"
"44383,0,1"
"44394,0,1"
"44405,0,1"
"44417,0,1"
"44429,0,1"
"44440,0,1"
"44451,0,1"
"44463,0,1"
"44474,0,1"
"44485,0,1"
"44497,0,1"
"44509,0,1"
"44520,0,1"
"44531,0,1"
"44542,0,1"
"44554,0,1"
"44566,0,1"
"44577,0,1"
"44589,0,1"
"44600,0,1"
"44611,0,1"
"44622,1,1"
"44635,1,1"
"44646,1,1"
"44657,1,1"
"44668,1,1"
"44680,1,1"
"44691,1,1"
"44703,1,5"
"44715,1,3"
"44726,1,1"
"44737,1,1"
"44748,1,1"
"44760,0,5"
"44772,0,0"
"44783,0,2"
"44794,0,1"
"44806,0,1"
"44817,0,1"
"44829,0,0"
"44840,0,1"
"44852,0,1"
"44863,0,1"
"44874,0,1"
"44886,0,1"
"44898,0,2"
"44909,0,1"
"44920,0,1"
"44932,0,1"
"44943,0,1"
"44954,0,1"
"44966,0,2"
"44978,0,1"
"44989,0,1"
"45000,0,1"
"45011,0,1"
"45023,0,1"
"45035,0,1"
"45046,0,1"
"45058,0,1"
"45069,0,1"
"45080,0,1"
"45091,0,1"
"45104,0,1"
"45115,0,1"
"45126,0,1"
"45137,0,1"
"45149,0,1"
"45161,0,1"
"45172,0,1"
"45184,0,1"
"45195,0,1"
"45206,0,1"
"45217,0,1"
"45230,0,1"
"45241,0,1"
"45252,0,1"
"45263,0,1"
"45275,0,1"
"45286,0,1"
"45298,0,1"
"45309,0,1"
"45321,0,1"
"45332,0,1"
"45343,0,1"
"45355,0,1"
"45367,0,1"
"45378,0,1"
"45389,0,1"
"45401,0,1"
"45412,0,1"
"45423,0,1"
"45435,0,1"
"45447,0,1"
"45458,0,1"
"45469,0,1"
"45480,0,1"
"45492,0,1"
"45504,0,1"
"45515,0,1"
"45527,0,1"
"45538,0,1"
"45549,0,1"
"45561,0,1"
"45573,0,1"
"45584,0,1"
"45595,0,1"
"45606,0,1"
"45618,0,1"
"45630,0,1"
"45641,0,1"
"45652,0,1"
"45664,0,1"
"45675,0,1"
"45686,0,1"
"45699,0,1"
"45710,0,1"
"45721,0,1"
"45732,0,1"
"45744,1,1"
"45755,1,1"
"45767,1,1"
"45778,1,1"
"45790,1,-1"
"45802,1,1"
"45813,1,1"
"45825,1,0"
"45837,1,4"
"45848,1,1"
"45859,1,1"
"45871,1,1"
"45882,0,4"
"45894,0,-1"
"45906,0,2"
"45918,0,1"
"45929,0,1"
"45940,0,1"
"45952,0,1"
"45964,0,1"
"45975,0,1"
"45986,0,1"
"45998,0,1"
"46009,0,0"
"46020,0,1"
"46032,0,0"
"46044,0,1"
"46055,0,1"
"46066,0,1"
"46077,0,1"
"46089,0,2"
"46101,0,1"
"46112,0,1"
"46124,0,1"
"46135,0,1"
"46146,0,1"
"46157,0,1"
"46170,0,1"
"46181,0,1"
"46192,0,1"
"46203,0,1"
"46215,0,1"
"46227,0,1"
"46238,0,1"
"46249,0,1"
"46261,0,1"
"46272,0,1"
"46283,0,1"
"46296,0,1"
"46307,0,1"
"46318,0,1"
"46329,0,1"
"46341,0,1"
"46352,0,1"
"46364,0,1"
"46375,0,1"
"46387,0,1"
"46398,0,1"
"46409,0,1"
"46420,0,1"
"46433,0,1"
"46444,0,1"
"46455,0,1"
"46467,0,1"
"46478,0,1"
"46489,0,1"
"46501,0,1"
"46513,0,1"
"46524,0,1"
"46535,0,1"
"46546,0,1"
"46559,0,1"
"46570,0,1"
"46581,0,1"
"46593,0,1"
"46604,0,1"
"46615,0,1"
"46627,0,1"
"46639,0,1"
"46650,0,1"
"46661,0,1"
"46672,0,0"
"46684,0,1"
"46696,0,1"
"46707,0,1"
"46718,0,1"
"46730,0,1"
"46741,0,1"
"46752,0,1"
"46765,0,1"
"46776,0,1"
"46787,0,1"
"46798,0,1"
"46810,0,1"
"46821,0,1"
"46833,0,1"
"46844,0,1"
"46856,0,1"
"46867,1,1"
"46878,1,1"
"46889,1,1"
"46902,1,1"
"46913,1,0"
"46924,1,1"
"46936,1,1"
"46947,1,1"
"46959,1,3"
"46970,1,-1"
"46983,1,1"
"46994,1,1"
"47005,0,1"
"47016,0,1"
"47029,0,-1"
"47041,0,1"
"47052,0,1"
"47064,0,1"
"47075,0,2"
"47086,0,0"
"47098,0,1"
"47110,0,1"
"47121,0,1"
"47132,0,2"
"47143,0,1"
"47155,0,1"
"47167,0,1"
"47178,0,1"
"47190,0,1"
"47201,0,1"
"47212,0,2"
"47224,0,1"
"47236,0,1"
"47247,0,1"
"47258,0,1"
"47269,0,1"
"47281,0,1"
"47293,0,1"
"47304,0,1"
"47315,0,1"
"47327,0,1"
"47338,0,1"
"47349,0,1"
"47362,0,1"
"47373,0,1"
"47384,0,1"
"47395,0,1"
"47407,0,1"
"47418,0,1"
"47430,0,1"
"47441,0,1"
"47453,0,1"
"47464,0,1"
"47475,0,1"
"47486,0,1"
"47499,0,1"
"47510,0,1"
"47521,0,1"
"47533,0,1"
"47544,0,1"
"47555,0,1"
"47567,0,1"
"47579,0,1"
"47590,0,1"
"47601,0,1"
"47612,0,1"
"47625,0,1"
"47636,0,1"
"47647,0,1"
"47659,0,1"
"47670,0,1"
"47681,0,1"
"47693,0,1"
"47705,0,1"
"47716,0,1"
"47727,0,1"
"47738,0,1"
"47750,0,1"
"47762,0,1"
"47773,0,1"
"47784,0,1"
"47796,0,1"
"47807,0,1"
"47818,0,1"
"47831,0,1"
"47842,0,1"
"47853,0,1"
"47864,0,1"
"47876,0,1"
"47887,0,1"
"47899,0,1"
"47910,0,1"
"47922,0,1"
"47933,0,1"
"47944,0,1"
"47956,0,1"
"47968,0,1"
"47979,0,1"
"47990,1,1"
"48002,1,1"
"48013,1,1"
"48025,1,1"
"48036,1,0"
"48048,1,1"
"48059,1,1"
"48070,1,1"
"48081,1,4"
"48094,1,2"
"48105,1,1"
"48116,1,1"
"48128,0,0"
"48139,0,1"
"48150,0,-1"
"48163,0,1"
"48175,0,1"
"48186,0,1"
"48197,0,1"
"48208,0,1"
"48220,0,1"
"48232,0,1"
"48243,0,1"
"48254,0,2"
"48266,0,1"
"48277,0,0"
"48289,0,1"
"48301,0,1"
"48312,0,1"
"48323,0,1"
"48334,0,1"
"48346,0,1"
"48358,0,1"
"48369,0,1"
"48380,0,1"
"48392,0,1"
"48403,0,1"
"48414,0,1"
"48427,0,1"
"48438,0,1"
"48449,0,1"
"48460,0,1"
"48472,0,1"
"48483,0,1"
"48495,0,1"
"48506,0,1"
"48518,0,1"
"48529,0,1"
"48540,0,1"
"48551,0,1"
"48564,0,1"
"48575,0,1"
"48586,0,1"
"48598,0,1"
"48609,0,1"
"48620,0,1"
"48632,0,1"
"48644,0,1"
"48655,0,1"
"48666,0,1"
"48677,0,1"
"48690,0,1"
"48701,0,1"
"48712,0,1"
"48723,0,1"
"48735,0,1"
"48746,0,1"
"48758,0,1"
"48770,0,1"
"48781,0,1"
"48792,0,1"
"48803,0,1"
"48815,0,1"
"48827,0,1"
"48838,0,1"
"48849,0,1"
"48861,0,1"
"48872,0,1"
"48883,0,1"
"48896,0,1"
"48907,0,1"
"48918,0,1"
"48929,0,1"
"48941,0,1"
"48952,0,1"
"48964,0,1"
"48975,0,1"
"48987,0,1"
"48998,0,1"
"49009,0,1"
"49021,0,1"
"49033,0,1"
"49044,0,1"
"49055,0,1"
"49067,0,1"
"49078,0,1"
"49090,0,1"
"49101,0,1"
"49113,1,1"
"49124,1,1"
"49135,1,1"
"49146,1,1"
"49159,1,0"
"49170,1,1"
"49181,1,1"
"49192,1,1"
"49204,1,4"
"49215,1,3"
"49227,1,1"
"49239,0,1"
"49250,0,1"
"49261,0,1"
"49272,0,1"
"49284,0,1"
"49296,0,1"
"49307,0,1"
"49318,0,2"
"49330,0,0"
"49341,0,1"
"49352,0,1"
"49364,0,1"
"49376,0,0"
"49387,0,2"
"49398,0,0"
"49410,0,1"
"49422,0,1"
"49433,0,1"
"49444,0,0"
"49456,0,0"
"49467,0,1"
"49478,0,1"
"49490,0,1"
"49502,0,1"
"49513,0,1"
"49524,0,1"
"49536,0,1"
"49547,0,1"
"49559,0,1"
"49570,0,1"
"49582,0,1"
"49593,0,1"
"49604,0,1"
"49615,0,1"
"49628,0,1"
"49639,0,1"
"49650,0,1"
"49661,0,1"
"49673,0,1"
"49684,0,1"
"49696,0,1"
"49708,0,1"
"49719,0,1"
"49730,0,1"
"49741,0,1"
"49754,0,1"
"49765,0,1"
"49776,0,1"
"49787,0,1"
"49799,0,1"
"49810,0,1"
"49822,0,1"
"49833,0,1"
"49845,0,1"
"49856,0,1"
"49867,0,1"
"49879,0,1"
"49891,0,1"
"49902,0,1"
"49913,0,1"
"49925,0,1"
"49936,0,1"
"49947,0,1"
"49959,0,1"
"49971,0,1"
"49982,0,1"
"49993,0,1"
"50004,0,1"
"50016,0,1"
"50028,0,1"
"50039,0,1"
"50051,0,1"
"50062,0,1"
"50073,0,1"
"50084,0,1"
"50097,0,1"
"50108,0,1"
"50119,0,1"
"50130,0,1"
"50142,0,1"
"50154,0,1"
"50165,0,1"
"50177,0,1"
"50188,0,1"
"50199,0,1"
"50210,0,1"
"50223,0,1"
"50234,1,1"
"50245,1,1"
"50256,1,1"
"50268,1,1"
"50279,1,1"
"50291,1,4"
"50302,1,0"
"50314,1,1"
"50325,1,3"
"50336,1,2"
"50348,1,1"
"50360,1,1"
"50371,0,1"
"50382,0,1"
"50394,0,0"
"50405,0,1"
"50416,0,1"
"50428,0,1"
"50440,0,1"
"50451,0,0"
"50462,0,1"
"50473,0,1"
"50486,0,1"
"50497,0,0"
"50508,0,3"
"50520,0,1"
"50531,0,1"
"50542,0,1"
"50554,0,1"
"50566,0,0"
"50577,0,1"
"50588,0,0"
"50599,0,1"
"50611,0,1"
"50623,0,1"
"50634,0,1"
"50646,0,1"
"50657,0,1"
"50668,0,1"
"50679,0,1"
"50692,0,1"
"50703,0,1"
"50714,0,1"
"50725,0,1"
"50737,0,1"
"50748,0,1"
"50760,0,1"
"50771,0,1"
"50783,0,1"
"50794,0,1"
"50805,0,1"
"50817,0,1"
"50829,0,1"
"50840,0,1"
"50851,0,1"
"50863,0,1"
"50874,0,1"
"50886,0,1"
"50897,0,1"
"50909,0,1"
"50920,0,1"
"50931,0,1"
"50942,0,1"
"50955,0,1"
"50966,0,1"
"50977,0,1"
"50989,0,1"
"51000,0,1"
"51011,0,1"
"51023,0,1"
"51035,0,1"
"51046,0,1"
"51057,0,1"
"51068,0,1"
"51080,0,1"
"51092,0,1"
"51103,0,1"
"51115,0,1"
"51126,0,1"
"51137,0,1"
"51148,0,1"
"51161,0,1"
"51172,0,1"
"51183,0,1"
"51194,0,1"
"51206,0,1"
"51218,0,1"
"51229,0,1"
"51240,0,1"
"51252,0,1"
"51263,0,1"
"51274,0,1"
"51287,0,1"
"51298,0,1"
"51309,0,1"
"51320,0,1"
"51332,0,1"
"51343,0,1"
"51355,1,1"
"51366,1,1"
"51378,1,1"
"51389,1,-1"
"51401,1,1"
"51412,1,9"
"51425,1,0"
"51436,1,1"
"51447,1,2"
"51459,1,3"
"51470,1,1"
"51481,0,1"
"51493,0,1"
"51505,0,1"
"51516,0,1"
"51527,0,1"
"51538,0,1"
"51551,0,1"
"51562,0,0"
"51573,0,-1"
"51586,0,1"
"51597,0,1"
"51608,0,1"
"51620,0,0"
"51632,0,3"
"51643,0,1"
"51654,0,1"
"51665,0,1"
"51677,0,1"
"51689,0,0"
"51700,0,0"
"51712,0,1"
"51723,0,1"
"51734,0,1"
"51745,0,1"
"51758,0,1"
"51769,0,1"
"51780,0,1"
"51791,0,1"
"51803,0,1"
"51814,0,1"
"51826,0,1"
"51837,0,1"
"51849,0,1"
"51860,0,1"
"51871,0,1"
"51884,0,1"
"51895,0,1"
"51906,0,1"
"51917,0,1"
"51929,0,1"
"51940,0,1"
"51952,0,1"
"51963,0,1"
"51975,0,1"
"51986,0,1"
"51997,0,1"
"52008,0,1"
"52021,0,1"
"52032,0,1"
"52043,0,1"
"52055,0,1"
"52066,0,1"
"52077,0,1"
"52089,0,1"
"52101,0,1"
"52112,0,1"
"52123,0,1"
"52134,0,1"
"52146,0,1"
"52158,0,1"
"52169,0,1"
"52180,0,1"
"52192,0,1"
"52203,0,1"
"52214,0,1"
"52227,0,1"
"52238,0,1"
"52249,0,1"
"52260,0,1"
"52272,0,1"
"52284,0,1"
"52295,0,1"
"52306,0,1"
"52318,0,1"
"52329,0,1"
"52340,0,1"
"52353,0,1"
"52364,0,1"
"52375,0,1"
"52386,0,1"
"52398,0,1"
"52409,0,1"
"52421,0,1"
"52432,0,1"
"52444,0,1"
"52455,0,1"
"52466,0,1"
"52477,1,1"
"52490,1,1"
"52501,1,1"
"52512,1,2"
"52524,1,1"
"52535,1,10"
"52547,1,5"
"52559,1,1"
"52571,1,1"
"52582,1,0"
"52593,1,3"
"52604,0,0"
"52617,0,1"
"52628,0,1"
"52639,0,1"
"52651,0,1"
"52662,0,1"
"52673,0,0"
"52685,0,1"
"52697,0,0"
"52708,0,1"
"52719,0,1"
"52730,0,1"
"52742,0,2"
"52754,0,2"
"52765,0,1"
"52776,0,1"
"52788,0,1"
"52799,0,1"
"52810,0,-1"
"52824,0,1"
"52835,0,1"
"52846,0,1"
"52857,0,1"
"52869,0,1"
"52880,0,1"
"52892,0,1"
"52903,0,1"
"52915,0,1"
"52926,0,1"
"52937,0,1"
"52950,0,1"
"52961,0,1"
"52972,0,1"
"52983,0,1"
"52995,0,1"
"53006,0,1"
"53018,0,1"
"53029,0,1"
"53041,0,1"
"53052,0,1"
"53063,0,1"
"53074,0,1"
"53087,0,1"
"53098,0,1"
"53109,0,1"
"53121,0,1"
"53132,0,1"
"53143,0,1"
"53155,0,1"
"53167,0,1"
"53178,0,1"
"53189,0,1"
"53200,0,1"
"53212,0,1"
"53224,0,1"
"53235,0,1"
"53246,0,1"
"53258,0,1"
"53269,0,1"
"53281,0,1"
"53293,0,1"
"53304,0,1"
"53315,0,1"
"53326,0,1"
"53338,0,1"
"53350,0,1"
"53361,0,1"
"53372,0,1"
"53384,0,1"
"53395,0,1"
"53406,0,1"
"53419,0,1"
"53430,0,1"
"53441,0,1"
"53452,0,1"
"53464,0,1"
"53475,0,1"
"53487,0,1"
"53498,0,1"
"53510,0,1"
"53521,0,1"
"53532,0,1"
"53543,0,1"
"53556,0,1"
"53567,0,1"
"53578,0,1"
"53590,0,1"
"53601,1,1"
"53612,1,1"
"53624,1,1"
"53636,1,3"
"53647,1,1"
"53658,1,10"
"53670,1,6"
"53683,1,1"
"53694,1,1"
"53705,1,1"
"53716,1,5"
"53728,0,9"
"53739,0,3"
"53751,0,1"
"53763,0,1"
"53774,0,1"
"53785,0,1"
"53796,0,1"
"53808,0,1"
"53820,0,0"
"53831,0,1"
"53842,0,1"
"53854,0,1"
"53865,0,1"
"53876,0,1"
"53889,0,1"
"53900,0,1"
"53911,0,1"
"53922,0,1"
"53934,0,0"
"53945,0,0"
"53957,0,1"
"53968,0,1"
"53980,0,1"
"53991,0,1"
"54002,0,0"
"54014,0,1"
"54026,0,1"
"54037,0,1"
"54048,0,1"
"54060,0,1"
"54071,0,1"
"54083,0,1"
"54094,0,1"
"54106,0,1"
"54117,0,1"
"54128,0,1"
"54139,0,1"
"54152,0,1"
"54163,0,0"
"54174,0,1"
"54185,0,1"
"54197,0,1"
"54208,0,1"
"54220,0,1"
"54232,0,1"
"54243,0,1"
"54254,0,1"
"54265,0,1"
"54277,0,1"
"54289,0,1"
"54300,0,1"
"54311,0,1"
"54323,0,1"
"54334,0,1"
"54346,0,1"
"54358,0,1"
"54369,0,1"
"54380,0,1"
"54391,0,1"
"54403,0,1"
"54415,0,1"
"54426,0,1"
"54437,0,1"
"54449,0,1"
"54460,0,1"
"54471,0,1"
"54483,0,1"
"54495,0,1"
"54506,0,1"
"54517,0,1"
"54529,0,1"
"54540,0,1"
"54552,0,1"
"54563,0,1"
"54575,0,1"
"54586,0,1"
"54597,0,1"
"54608,0,1"
"54621,0,1"
"54632,0,1"
"54643,0,1"
"54654,0,1"
"54666,0,1"
"54677,0,1"
"54689,0,1"
"54701,0,1"
"54712,0,1"
"54723,1,1"
"54734,1,1"
"54747,1,1"
"54758,1,-1"
"54770,1,1"
"54781,1,2"
"54793,1,4"
"54804,1,1"
"54816,1,1"
"54828,1,1"
"54839,1,2"
"54850,0,7"
"54861,0,-1"
"54874,0,1"
"54886,0,1"
"54897,0,1"
"54908,0,1"
"54920,0,2"
"54931,0,1"
"54942,0,1"
"54955,0,1"
"54966,0,1"
"54977,0,1"
"54988,0,3"
"55000,0,0"
"55012,0,1"
"55023,0,1"
"55034,0,1"
"55046,0,1"
"55057,0,-1"
"55069,0,1"
"55081,0,1"
"55093,0,1"
"55104,0,1"
"55115,0,1"
"55127,0,1"
"55138,0,1"
"55150,0,1"
"55161,0,1"
"55173,0,1"
"55184,0,1"
"55195,0,1"
"55206,0,1"
"55219,0,1"
"55230,0,1"
"55241,0,1"
"55252,0,1"
"55264,0,1"
"55275,0,1"
"55287,0,1"
"55299,0,1"
"55310,0,1"
"55321,0,1"
"55332,0,1"
"55345,0,1"
"55356,0,1"
"55367,0,1"
"55378,0,1"
"55390,0,1"
"55401,0,1"
"55413,0,1"
"55425,0,1"
"55436,0,1"
"55447,0,1"
"55458,0,1"
"55470,0,1"
"55482,0,1"
"55493,0,1"
"55504,0,1"
"55516,0,1"
"55527,0,1"
"55538,0,1"
"55550,0,1"
"55562,0,1"
"55573,0,1"
"55584,0,1"
"55596,0,1"
"55607,0,1"
"55619,0,1"
"55630,0,1"
"55642,0,1"
"55653,0,1"
"55664,0,1"
"55675,0,1"
"55688,0,1"
"55699,0,1"
"55710,0,1"
"55721,0,1"
"55733,0,1"
"55745,0,1"
"55756,0,1"
"55768,0,1"
"55779,0,1"
"55790,0,1"
"55801,0,1"
"55814,0,1"
"55825,0,1"
"55836,1,1"
"55847,1,1"
"55859,1,1"
"55870,1,1"
"55882,1,1"
"55894,1,1"
"55905,1,1"
"55916,1,1"
"55927,1,4"
"55939,1,1"
"55951,1,1"
"55962,1,0"
"55973,0,3"
"55985,0,1"
"55996,0,1"
"56007,0,1"
"56019,0,1"
"56031,0,1"
"56042,0,1"
"56053,0,0"
"56065,0,1"
"56077,0,1"
"56088,0,1"
"56099,0,1"
"56111,0,3"
"56122,0,1"
"56133,0,1"
"56145,0,1"
"56157,0,1"
"56168,0,1"
"56179,0,0"
"56190,0,1"
"56202,0,1"
"56214,0,1"
"56225,0,1"
"56237,0,1"
"56248,0,1"
"56259,0,1"
"56270,0,1"
"56283,0,1"
"56294,0,1"
"56305,0,1"
"56316,0,1"
"56328,0,1"
"56339,0,1"
"56351,0,1"
"56363,0,1"
"56374,0,1"
"56385,0,1"
"56396,0,1"
"56408,0,1"
"56420,0,1"
"56431,0,1"
"56442,0,1"
"56454,0,1"
"56465,0,1"
"56477,0,1"
"56488,0,1"
"56500,0,1"
"56511,0,1"
"56522,0,1"
"56534,0,1"
"56546,0,1"
"56557,0,1"
"56568,0,1"
"56580,0,1"
"56591,0,1"
"56602,0,1"
"56614,0,1"
"56626,0,1"
"56637,0,1"
"56648,0,1"
"56659,0,1"
"56671,0,1"
"56683,0,1"
"56694,0,1"
"56706,0,1"
"56717,0,1"
"56728,0,1"
"56739,0,1"
"56752,0,1"
"56763,0,1"
"56774,0,1"
"56785,0,1"
"56797,0,1"
"56809,0,1"
"56820,0,1"
"56832,0,1"
"56843,0,1"
"56854,0,1"
"56865,0,1"
"56878,0,1"
"56889,0,1"
"56900,0,1"
"56911,0,1"
"56923,0,1"
"56934,0,1"
"56946,0,1"
"56957,1,1"
"56969,1,1"
"56980,1,1"
"56991,1,1"
"57003,1,1"
"57015,1,1"
"57026,1,1"
"57037,1,0"
"57049,1,2"
"57060,1,1"
"57071,1,1"
"57083,1,4"
"57095,0,6"
"57106,0,1"
"57117,0,1"
"57128,0,1"
"57140,0,1"
"57152,0,1"
"57163,0,2"
"57175,0,1"
"57186,0,1"
"57197,0,1"
"57209,0,1"
"57221,0,1"
"57232,0,2"
"57243,0,1"
"57254,0,1"
"57266,0,1"
"57278,0,1"
"57289,0,1"
"57300,0,2"
"57312,0,1"
"57323,0,1"
"57334,0,1"
"57347,0,1"
"57358,0,1"
"57369,0,1"
"57380,0,1"
"57392,0,1"
"57403,0,1"
"57415,0,1"
"57426,0,1"
"57438,0,1"
"57449,0,1"
"57460,0,1"
"57472,0,1"
"57484,0,1"
"57495,0,1"
"57506,0,1"
"57518,0,1"
"57529,0,1"
"57541,0,1"
"57552,0,1"
"57564,0,1"
"57575,0,1"
"57586,0,1"
"57597,0,0"
"57610,0,1"
"57621,0,1"
"57632,0,1"
"57644,0,1"
"57655,0,1"
"57666,0,1"
"57678,0,1"
"57690,0,1"
"57701,0,1"
"57712,0,1"
"57723,0,1"
"57735,0,1"
"57747,0,1"
"57758,0,1"
"57769,0,1"
"57781,0,1"
"57792,0,1"
"57803,0,1"
"57816,0,1"
"57827,0,1"
"57838,0,1"
"57849,0,1"
"57861,0,1"
"57872,0,1"
"57884,0,1"
"57895,0,1"
"57907,0,1"
"57918,0,1"
"57929,0,1"
"57942,0,1"
"57953,0,1"
"57964,0,1"
"57975,0,1"
"57987,0,1"
"57998,0,1"
"58010,0,1"
"58021,0,1"
"58033,0,1"
"58044,0,1"
"58055,0,1"
"58066,0,1"
"58079,1,1"
"58090,1,1"
"58101,1,1"
"58113,1,1"
"58124,1,1"
"58135,1,1"
"58147,1,1"
"58159,1,4"
"58170,1,6"
"58181,1,1"
"58192,1,1"
"58204,1,1"
"58216,0,6"
"58227,0,5"
"58238,0,0"
"58250,0,1"
"58261,0,1"
"58273,0,1"
"58285,0,1"
"58296,0,2"
"58307,0,1"
"58318,0,1"
"58330,0,1"
"58342,0,1"
"58353,0,0"
"58364,0,2"
"58376,0,1"
"58387,0,1"
"58398,0,1"
"58411,0,1"
"58422,0,2"
"58433,0,1"
"58444,0,1"
"58456,0,1"
"58467,0,1"
"58479,0,1"
"58490,0,1"
"58502,0,1"
"58513,0,1"
"58524,0,1"
"58535,0,1"
"58548,0,1"
"58559,0,1"
"58570,0,1"
"58582,0,1"
"58593,0,1"
"58604,0,1"
"58616,0,1"
"58628,0,1"
"58639,0,1"
"58650,0,1"
"58661,0,1"
"58674,0,1"
"58685,0,1"
"58696,0,1"
"58707,0,1"
"58719,0,1"
"58730,0,1"
"58742,0,1"
"58754,0,1"
"58765,0,1"
"58776,0,1"
"58787,0,1"
"58799,0,1"
"58811,0,1"
"58822,0,1"
"58833,0,1"
"58845,0,1"
"58856,0,1"
"58867,0,1"
"58880,0,1"
"58891,0,1"
"58902,0,1"
"58913,0,1"
"58925,0,1"
"58936,0,1"
"58948,0,1"
"58959,0,1"
"58971,0,1"
"58982,0,1"
"58993,0,1"
"59005,0,1"
"59017,0,1"
"59028,0,1"
"59039,0,1"
"59051,0,1"
"59062,0,1"
"59074,0,1"
"59085,0,1"
"59097,0,1"
"59108,0,1"
"59119,0,1"
"59130,0,1"
"59143,0,1"
"59154,0,1"
"59165,0,1"
"59176,0,1"
"59188,0,1"
"59199,1,1"
"59211,1,1"
"59223,1,1"
"59234,1,1"
"59245,1,1"
"59256,1,1"
"59268,1,1"
"59280,1,-1"
"59292,1,2"
"59303,1,0"
"59315,1,1"
"59326,1,1"
"59338,0,1"
"59350,0,1"
"59361,0,1"
"59372,0,1"
"59383,0,1"
"59395,0,1"
"59407,0,0"
"59418,0,1"
"59429,0,1"
"59441,0,1"
"59452,0,1"
"59463,0,1"
"59475,0,2"
"59487,0,2"
"59498,0,1"
"59509,0,1"
"59521,0,1"
"59532,0,1"
"59544,0,1"
"59555,0,1"
"59567,0,1"
"59578,0,1"
"59589,0,1"
"59600,0,1"
"59613,0,1"
"59624,0,1"
"59635,0,1"
"59646,0,1"
"59658,0,1"
"59669,0,1"
"59681,0,1"
"59693,0,1"
"59704,0,1"
"59715,0,1"
"59726,0,1"
"59739,0,1"
"59750,0,1"
"59761,0,1"
"59772,0,1"
"59784,0,1"
"59795,0,1"
"59807,0,1"
"59819,0,1"
"59830,0,1"
"59841,0,1"
"59852,0,1"
"59864,0,1"
"59876,0,1"
"59887,0,1"
"59898,0,1"
"59910,0,1"
"59921,0,1"
"59932,0,1"
"59944,0,1"
"59956,0,1"
"59967,0,1"
"59978,0,1"
"59990,0,1"
"60001,0,1"
"60013,0,1"
"60024,0,1"
"60036,0,1"
"60047,0,1"
"60058,0,1"
"60070,0,1"
"60082,0,1"
"60093,0,1"
"60104,0,1"
"60115,0,1"
"60127,0,1"
"60139,0,1"
"60150,0,1"
"60162,0,1"
"60173,0,1"
"60184,0,1"
"60195,0,1"
"60208,0,1"
"60219,0,1"
"60230,0,1"
"60241,0,1"
"60253,0,1"
"60264,0,1"
"60276,0,1"
"60288,0,1"
"60299,0,1"
"60310,0,1"
"60321,1,1"
"60333,1,1"
"60345,1,1"
"60356,1,1"
"60367,1,0"
"60379,1,1"
"60390,1,1"
"60401,1,1"
"60413,1,3"
"60425,1,1"
"60436,1,1"
"60447,1,1"
"60459,0,1"
"60471,0,2"
"60482,0,1"
"60493,0,1"
"60505,0,1"
"60516,0,1"
"60527,0,0"
"60539,0,0"
"60551,0,1"
"60562,0,1"
"60573,0,1"
"60584,0,1"
"60596,0,1"
"60608,0,0"
"60619,0,1"
"60631,0,1"
"60642,0,1"
"60653,0,0"
"60664,0,0"
"60677,0,1"
"60688,0,1"
"60699,0,1"
"60710,0,1"
"60722,0,1"
"60733,0,1"
"60745,0,1"
"60756,0,1"
"60768,0,1"
"60779,0,1"
"60790,0,1"
"60803,0,1"
"60814,0,1"
"60825,0,1"
"60836,0,1"
"60848,0,1"
"60859,0,1"
"60871,0,1"
"60882,0,1"
"60894,0,1"
"60905,0,1"
"60916,0,1"
"60928,0,1"
"60940,0,1"
"60951,0,1"
"60962,0,1"
"60974,0,1"
"60985,0,1"
"60996,0,1"
"61008,0,1"
"61020,0,1"
"61031,0,1"
"61042,0,1"
"61053,0,1"
"61065,0,1"
"61077,0,1"
"61088,0,1"
"61100,0,1"
"61111,0,1"
"61122,0,1"
"61133,0,1"
"61146,0,1"
"61157,0,1"
"61168,0,1"
"61179,0,1"
"61191,0,1"
"61203,0,1"
"61214,0,1"
"61225,0,1"
"61237,0,1"
"61248,0,1"
"61259,0,1"
"61272,0,1"
"61283,0,1"
"61294,0,1"
"61305,0,1"
"61317,0,1"
"61328,0,1"
"61340,0,1"
"61351,0,1"
"61363,0,1"
"61374,0,1"
"61385,0,1"
"61396,0,1"
"61409,0,1"
"61420,0,1"
"61431,0,1"
"61443,1,1"
"61454,1,1"
"61465,1,1"
"61477,1,1"
"61489,1,0"
"61500,1,1"
"61511,1,1"
"61522,1,1"
"61535,1,5"
"61546,1,1"
"61557,1,1"
"61569,1,0"
"61580,0,3"
"61591,0,1"
"61603,0,1"
"61615,0,1"
"61626,0,1"
"61637,0,1"
"61648,0,-1"
"61661,0,1"
"61673,0,1"
"61684,0,1"
"61696,0,1"
"61707,0,1"
"61718,0,2"
"61729,0,0"
"61742,0,1"
"61753,0,1"
"61764,0,1"
"61775,0,0"
"61787,0,2"
"61798,0,1"
"61810,0,1"
"61821,0,1"
"61833,0,1"
"61844,0,1"
"61855,0,1"
"61868,0,1"
"61879,0,1"
"61890,0,1"
"61901,0,1"
"61913,0,1"
"61924,0,1"
"61936,0,1"
"61947,0,1"
"61959,0,1"
"61970,0,1"
"61981,0,1"
"61992,0,1"
"62005,0,1"
"62016,0,1"
"62027,0,1"
"62039,0,1"
"62050,0,1"
"62061,0,1"
"62073,0,1"
"62085,0,1"
"62096,0,0"
"62107,0,1"
"62118,0,1"
"62130,0,1"
"62142,0,1"
"62153,0,1"
"62164,0,1"
"62176,0,1"
"62187,0,1"
"62198,0,1"
"62211,0,1"
"62222,0,1"
"62233,0,1"
"62244,0,1"
"62256,0,1"
"62268,0,1"
"62279,0,1"
"62290,0,1"
"62302,0,1"
"62313,0,1"
"62324,0,1"
"62337,0,1"
"62348,0,1"
"62359,0,1"
"62370,0,1"
"62382,0,1"
"62393,0,1"
"62405,0,1"
"62416,0,1"
"62428,0,1"
"62439,0,1"
"62450,0,1"
"62461,0,1"
"62474,0,1"
"62485,0,1"
"62496,0,1"
"62508,0,1"
"62519,0,1"
"62530,0,1"
"62542,0,1"
"62554,0,1"
"62565,1,1"
"62576,1,1"
"62587,1,1"
"62600,1,1"
"62611,1,1"
"62622,1,1"
"62633,1,1"
"62645,1,1"
"62656,1,6"
"62668,1,1"
"62680,1,1"
"62691,1,4"
"62702,0,4"
"62713,0,0"
"62725,0,1"
"62737,0,1"
"62748,0,1"
"62759,0,1"
"62771,0,2"
"62782,0,0"
"62793,0,1"
"62806,0,1"
"62817,0,1"
"62828,0,1"
"62839,0,3"
"62851,0,1"
"62862,0,1"
"62874,0,1"
"62885,0,1"
"62897,0,0"
"62908,0,1"
"62919,0,1"
"62930,0,1"
"62943,0,1"
"62954,0,1"
"62965,0,1"
"62977,0,1"
"62988,0,1"
"63000,0,1"
"63011,0,1"
"63023,0,1"
"63034,0,1"
"63045,0,1"
"63056,0,1"
"63069,0,1"
"63080,0,1"
"63091,0,1"
"63102,0,1"
"63114,0,1"
"63125,0,1"
"63137,0,1"
"63149,0,1"
"63160,0,1"
"63171,0,1"
"63182,0,1"
"63194,0,1"
"63206,0,1"
"63217,0,1"
"63228,0,1"
"63240,0,1"
"63251,0,1"
"63262,0,1"
"63275,0,1"
"63286,0,1"
"63297,0,1"
"63308,0,1"
"63320,0,1"
"63332,0,1"
"63343,0,1"
"63354,0,1"
"63366,0,1"
"63377,0,1"
"63388,0,1"
"63400,0,1"
"63412,0,1"
"63423,0,1"
"63434,0,1"
"63446,0,1"
"63457,0,1"
"63469,0,1"
"63480,0,1"
"63492,0,1"
"63503,0,1"
"63514,0,1"
"63525,0,1"
"63538,0,1"
"63549,0,1"
"63560,0,1"
"63571,0,1"
"63583,0,1"
"63594,0,1"
"63606,0,1"
"63618,0,1"
"63629,0,1"
"63640,0,1"
"63651,0,1"
"63663,0,1"
"63675,0,1"
"63686,1,1"
"63697,1,1"
"63709,1,1"
"63720,1,1"
"63732,1,1"
"63744,1,1"
"63755,1,1"
"63766,1,1"
"63777,1,6"
"63789,1,1"
"63801,1,1"
"63812,1,3"
"63823,0,4"
"63835,0,1"
"63846,0,1"
"63857,0,1"
"63869,0,1"
"63881,0,1"
"63892,0,1"
"63903,0,1"
"63915,0,1"
"63926,0,1"
"63938,0,1"
"63949,0,1"
"63961,0,3"
"63972,0,1"
"63983,0,1"
"63994,0,1"
"64007,0,1"
"64018,0,1"
"64029,0,1"
"64040,0,1"
"64052,0,1"
"64064,0,1"
"64075,0,1"
"64087,0,1"
"64098,0,1"
"64109,0,1"
"64120,0,1"
"64133,0,1"
"64144,0,1"
"64155,0,1"
"64166,0,1"
"64178,0,1"
"64189,0,1"
"64201,0,1"
"64212,0,1"
"64224,0,1"
"64235,0,1"
"64246,0,1"
"64258,0,1"
"64270,0,1"
"64281,0,1"
"64292,0,1"
"64304,0,1"
"64315,0,1"
"64326,0,1"
"64338,0,1"
"64350,0,1"
"64361,0,1"
"64372,0,1"
"64384,0,1"
"64395,0,1"
"64407,0,1"
"64418,0,1"
"64430,0,1"
"64441,0,1"
"64452,0,1"
"64464,0,1"
"64476,0,1"
"64487,0,1"
"64498,0,1"
"64509,0,1"
"64521,0,1"
"64533,0,1"
"64544,0,1"
"64556,0,1"
"64567,0,1"
"64578,0,1"
"64589,0,1"
"64602,0,1"
"64613,0,1"
"64624,0,1"
"64635,0,1"
"64647,0,1"
"64658,0,1"
"64670,0,1"
"64681,0,1"
"64693,0,1"
"64704,0,1"
"64715,0,1"
"64727,0,1"
"64739,0,1"
"64750,0,1"
"64761,0,1"
"64773,0,1"
"64784,0,1"
"64796,0,1"
"64807,1,1"
"64819,1,1"
"64830,1,1"
"64841,1,1"
"64852,1,1"
"64865,1,1"
"64876,1,1"
"64887,1,1"
"64899,1,4"
"64910,1,1"
"64921,1,1"
"64933,1,2"
"64945,0,7"
"64956,0,1"
"64967,0,1"
"64978,0,1"
"64990,0,1"
"65002,0,1"
"65013,0,3"
"65025,0,1"
"65036,0,1"
"65047,0,1"
"65058,0,1"
"65071,0,1"
"65082,0,1"
"65093,0,0"
"65104,0,1"
"65116,0,1"
"65127,0,1"
"65139,0,1"
"65150,0,2"
"65162,0,1"
"65173,0,1"
"65184,0,1"
"65197,0,1"
"65208,0,0"
"65219,0,1"
"65230,0,1"
"65242,0,1"
"65253,0,1"
"65265,0,1"
"65276,0,1"
"65288,0,1"
"65299,0,1"
"65310,0,1"
"65321,0,1"
"65334,0,1"
"65345,0,1"
"65356,0,1"
"65368,0,1"
"65379,0,1"
"65390,0,1"
"65402,0,1"
"65414,0,1"
"65425,0,1"
"65436,0,1"
"65447,0,1"
"65459,0,1"
"65471,0,1"
"65482,0,1"
"65494,0,1"
"65505,0,1"
"65516,0,1"
"65528,0,1"
"65540,0,1"
"65551,0,1"
"65562,0,1"
"65573,0,1"
"65585,0,1"
"65597,0,1"
"65608,0,1"
"65619,0,1"
"65631,0,1"
"65642,0,1"
"65653,0,1"
"65666,0,1"
"65677,0,1"
"65688,0,1"
"65699,0,1"
"65711,0,1"
"65722,0,1"
"65734,0,1"
"65745,0,1"
"65757,0,1"
"65768,0,1"
"65779,0,1"
"65790,0,1"
"65803,0,1"
"65814,0,1"
"65825,0,1"
"65837,0,1"
"65848,0,1"
"65859,0,1"
"65871,0,1"
"65883,0,1"
"65894,0,1"
"65905,0,1"
"65916,0,1"
"65929,1,1"
"65940,1,1"
"65951,1,1"
"65963,1,1"
"65974,1,0"
"65985,1,1"
"65997,1,4"
"66009,1,5"
"66020,1,0"
"66031,1,1"
"66042,1,1"
"66054,1,8"
"66066,0,8"
"66077,0,1"
"66088,0,0"
"66100,0,1"
"66111,0,1"
"66122,0,1"
"66135,0,4"
"66146,0,0"
"66157,0,1"
"66168,0,1"
"66180,0,1"
"66191,0,1"
"66203,0,2"
"66214,0,2"
"66226,0,1"
"66237,0,1"
"66248,0,1"
"66260,0,1"
"66272,0,2"
"66283,0,1"
"66294,0,1"
"66306,0,1"
"66317,0,1"
"66329,0,1"
"66340,0,1"
"66352,0,1"
"66363,0,1"
"66374,0,1"
"66385,0,1"
"66398,0,1"
"66409,0,1"
"66420,0,1"
"66432,0,1"
"66443,0,1"
"66454,0,1"
"66466,0,1"
"66478,0,1"
"66489,0,1"
"66500,0,1"
"66511,0,1"
"66523,0,1"
"66535,0,1"
"66546,0,1"
"66557,0,1"
"66569,0,1"
"66580,0,1"
"66591,0,1"
"66604,0,1"
"66615,0,1"
"66626,0,1"
"66637,0,1"
"66649,0,1"
"66661,0,1"
"66672,0,1"
"66683,0,1"
"66695,0,1"
"66706,0,1"
"66717,0,1"
"66729,0,1"
"66741,0,1"
"66752,0,1"
"66763,0,1"
"66775,0,1"
"66786,0,1"
"66798,0,0"
"66809,0,1"
"66821,0,1"
"66832,0,1"
"66843,0,1"
"66854,0,1"
"66867,0,1"
"66878,0,1"
"66889,0,1"
"66900,0,1"
"66912,0,1"
"66923,0,1"
"66935,0,1"
"66947,0,1"
"66958,0,1"
"66969,0,1"
"66980,0,1"
"66993,0,1"
"67004,0,1"
"67015,0,1"
"67026,0,1"
"67038,0,1"
"67049,1,1"
"67061,1,1"
"67073,1,1"
"67084,1,1"
"67095,1,2"
"67106,1,1"
"67118,1,1"
"67130,1,1"
"67141,1,6"
"67152,1,1"
"67164,1,1"
"67175,1,1"
"67186,0,1"
"67198,0,1"
"67210,0,1"
"67221,0,1"
"67232,0,1"
"67244,0,1"
"67255,0,1"
"67267,0,0"
"67278,0,1"
"67290,0,1"
"67301,0,1"
"67312,0,1"
"67323,0,0"
"67336,0,1"
"67347,0,1"
"67358,0,1"
"67369,0,1"
"67381,0,1"
"67393,0,-2"
"67405,0,0"
"67417,0,1"
"67428,0,1"
"67439,0,1"
"67450,0,1"
"67463,0,1"
"67474,0,1"
"67485,0,1"
"67496,0,1"
"67508,0,1"
"67519,0,1"
"67531,0,1"
"67543,0,1"
"67554,0,1"
"67565,0,1"
"67576,0,1"
"67588,0,1"
"67600,0,1"
"67611,0,1"
"67622,0,1"
"67634,0,1"
"67645,0,1"
"67656,0,1"
"67668,0,1"
"67680,0,1"
"67691,0,1"
"67702,0,1"
"67714,0,1"
"67726,0,1"
"67737,0,1"
"67748,0,1"
"67760,0,1"
"67771,0,1"
"67782,0,1"
"67794,0,1"
"67806,0,1"
"67817,0,1"
"67828,0,1"
"67840,0,1"
"67851,0,1"
"67863,0,1"
"67874,0,1"
"67886,0,1"
"67897,0,1"
"67908,0,1"
"67919,0,1"
"67932,0,1"
"67943,0,1"
"67954,0,1"
"67965,0,1"
"67977,0,1"
"67988,0,1"
"68000,0,1"
"68012,0,1"
"68023,0,1"
"68034,0,1"
"68045,0,1"
"68058,0,1"
"68069,0,1"
"68080,0,1"
"68091,0,1"
"68103,0,1"
"68114,0,1"
"68126,0,1"
"68137,0,1"
"68149,0,1"
"68160,0,1"
"68171,1,1"
"68183,1,1"
"68195,1,1"
"68206,1,1"
"68217,1,-1"
"68230,1,1"
"68241,1,1"
"68252,1,1"
"68264,1,1"
"68276,1,1"
"68287,1,1"
"68298,1,-1"
"68311,0,1"
"68322,0,1"
"68334,0,1"
"68345,0,1"
"68357,0,1"
"68368,0,1"
"68379,0,0"
"68391,0,0"
"68403,0,1"
"68414,0,1"
"68425,0,1"
"68436,0,0"
"68448,0,1"
"68460,0,-1"
"68472,0,1"
"68484,0,1"
"68495,0,1"
"68506,0,1"
"68517,0,1"
"68530,0,1"
"68541,0,1"
"68552,0,1"
"68563,0,1"
"68575,0,1"
"68586,0,1"
"68598,0,1"
"68610,0,1"
"68621,0,1"
"68632,0,1"
"68643,0,1"
"68655,0,1"
"68667,0,1"
"68678,0,1"
"68689,0,1"
"68701,0,1"
"68712,0,1"
"68724,0,1"
"68736,0,1"
"68747,0,1"
"68758,0,1"
"68769,0,1"
"68781,0,1"
"68793,0,1"
"68804,0,1"
"68815,0,1"
"68827,0,1"
"68838,0,1"
"68849,0,1"
"68861,0,1"
"68873,0,1"
"68884,0,1"
"68895,0,1"
"68907,0,1"
"68918,0,1"
"68930,0,1"
"68941,0,1"
"68953,0,1"
"68964,0,1"
"68975,0,1"
"68986,0,1"
"68999,0,1"
"69010,0,1"
"69021,0,1"
"69032,0,1"
"69044,0,1"
"69056,0,1"
"69067,0,1"
"69079,0,1"
"69090,0,1"
"69101,0,1"
"69112,0,1"
"69125,0,1"
"69136,0,1"
"69147,0,1"
"69158,0,1"
"69170,0,1"
"69181,0,1"
"69193,0,1"
"69204,0,1"
"69216,0,1"
"69227,0,1"
"69238,0,1"
"69250,0,1"
"69262,0,1"
"69273,0,1"
"69284,0,1"
"69296,1,1"
"69307,1,0"
"69318,1,1"
"69330,1,1"
"69342,1,0"
"69353,1,2"
"69364,1,4"
"69376,1,1"
"69387,1,1"
"69399,1,1"
"69410,1,1"
"69422,0,1"
"69433,0,1"
"69444,0,1"
"69456,0,1"
"69468,0,1"
"69479,0,1"
"69490,0,1"
"69501,0,0"
"69513,0,0"
"69525,0,1"
"69536,0,1"
"69548,0,1"
"69559,0,1"
"69570,0,2"
"69581,0,1"
"69594,0,1"
"69605,0,1"
"69616,0,1"
"69627,0,1"
"69639,0,0"
"69650,0,1"
"69662,0,1"
"69673,0,1"
"69685,0,1"
"69696,0,1"
"69707,0,1"
"69719,0,1"
"69731,0,1"
"69742,0,1"
"69753,0,1"
"69765,0,1"
"69776,0,1"
"69788,0,1"
"69799,0,1"
"69811,0,1"
"69822,0,1"
"69833,0,1"
"69844,0,1"
"69857,0,1"
"69868,0,1"
"69879,0,1"
"69891,0,1"
"69902,0,1"
"69913,0,1"
"69925,0,1"
"69937,0,1"
"69948,0,1"
"69959,0,1"
"69970,0,1"
"69982,0,1"
"69994,0,1"
"70005,0,1"
"70017,0,1"
"70028,0,1"
"70039,0,1"
"70050,0,1"
"70063,0,1"
"70074,0,1"
"70085,0,1"
"70096,0,1"
"70108,0,1"
"70119,0,1"
"70131,0,1"
"70142,0,1"
"70154,0,1"
"70165,0,1"
"70176,0,1"
"70189,0,1"
"70200,0,1"
"70211,0,1"
"70222,0,1"
"70234,0,1"
"70245,0,1"
"70257,0,1"
"70268,0,1"
"70280,0,1"
"70291,0,1"
"70302,0,1"
"70313,0,1"
"70326,0,1"
"70337,0,1"
"70348,0,1"
"70360,0,1"
"70371,0,1"
"70382,0,1"
"70394,0,1"
"70406,0,1"
"70417,1,1"
"70428,1,1"
"70439,1,1"
"70451,1,1"
"70463,1,0"
"70474,1,1"
"70486,1,0"
"70497,1,1"
"70508,1,4"
"70520,1,0"
"70532,1,1"
"70543,0,1"
"70554,0,1"
"70565,0,1"
"70577,0,0"
"70589,0,1"
"70600,0,1"
"70611,0,1"
"70623,0,0"
"70634,0,2"
"70645,0,1"
"70658,0,1"
"70669,0,1"
"70680,0,1"
"70691,0,2"
"70703,0,1"
"70714,0,1"
"70726,0,1"
"70737,0,1"
"70749,0,0"
"70760,0,1"
"70771,0,1"
"70782,0,1"
"70795,0,1"
"70806,0,1"
"70817,0,1"
"70829,0,1"
"70840,0,1"
"70851,0,1"
"70863,0,1"
"70875,0,1"
"70886,0,1"
"70897,0,1"
"70908,0,1"
"70921,0,1"
"70932,0,1"
"70943,0,1"
"70955,0,1"
"70966,0,1"
"70977,0,1"
"70989,0,1"
"71001,0,1"
"71012,0,1"
"71023,0,1"
"71034,0,1"
"71046,0,1"
"71058,0,1"
"71069,0,1"
"71080,0,1"
"71092,0,1"
"71103,0,1"
"71114,0,1"
"71127,0,1"
"71138,0,1"
"71149,0,1"
"71160,0,1"
"71172,0,1"
"71183,0,1"
"71195,0,1"
"71206,0,1"
"71218,0,1"
"71229,0,1"
"71240,0,1"
"71252,0,1"
"71264,0,1"
"71275,0,1"
"71286,0,1"
"71298,0,1"
"71309,0,1"
"71321,0,1"
"71332,0,1"
"71344,0,1"
"71355,0,1"
"71366,0,1"
"71377,0,1"
"71390,0,1"
"71401,0,1"
"71412,0,1"
"71424,0,1"
"71435,0,1"
"71446,0,1"
"71458,0,1"
"71470,0,1"
"71481,0,1"
"71492,0,1"
"71503,0,1"
"71515,0,1"
"71527,0,1"
"71538,1,1"
"71549,1,1"
"71561,1,1"
"71572,1,1"
"71583,1,0"
"71596,1,3"
"71607,1,1"
"71618,1,1"
"71629,1,4"
"71641,1,1"
"71653,1,1"
"71664,0,1"
"71675,0,1"
"71687,0,1"
"71698,0,0"
"71709,0,1"
"71721,0,1"
"71733,0,1"
"71744,0,0"
"71755,0,3"
"71767,0,1"
"71778,0,1"
"71790,0,1"
"71801,0,0"
"71813,0,2"
"71824,0,1"
"71835,0,1"
"71846,0,1"
"71859,0,1"
"71870,0,1"
"71881,0,1"
"71892,0,1"
"71904,0,1"
"71915,0,1"
"71927,0,1"
"71939,0,1"
"71950,0,1"
"71961,0,1"
"71972,0,1"
"71985,0,1"
"71996,0,1"
"72007,0,1"
"72018,0,1"
"72030,0,1"
"72041,0,1"
"72053,0,1"
"72065,0,1"
"72076,0,1"
"72087,0,1"
"72098,0,1"
"72110,0,1"
"72122,0,1"
"72133,0,1"
"72144,0,1"
"72156,0,1"
"72167,0,1"
"72178,0,1"
"72190,0,1"
"72202,0,1"
"72213,0,1"
"72224,0,1"
"72236,0,1"
"72247,0,1"
"72259,0,1"
"72270,0,1"
"72282,0,1"
"72293,0,1"
"72304,0,1"
"72315,0,1"
"72328,0,1"
"72339,0,1"
"72350,0,1"
"72361,0,1"
"72373,0,1"
"72385,0,1"
"72396,0,1"
"72408,0,1"
"72419,0,1"
"72430,0,1"
"72441,0,1"
"72454,0,1"
"72465,0,1"
"72476,0,1"
"72487,0,1"
"72499,0,1"
"72510,0,1"
"72522,0,1"
"72534,0,1"
"72545,0,1"
"72556,0,1"
"72567,0,1"
"72579,0,1"
"72591,0,1"
"72602,0,1"
"72613,0,1"
"72625,0,1"
"72636,0,1"
"72647,0,1"
"72659,1,1"
"72671,1,1"
"72682,1,1"
"72693,1,0"
"72705,1,0"
"72717,1,4"
"72728,1,-1"
"72740,1,1"
"72752,1,1"
"72763,1,1"
"72774,1,1"
"72786,0,1"
"72798,0,1"
"72809,0,1"
"72820,0,1"
"72832,0,1"
"72843,0,1"
"72855,0,1"
"72866,0,1"
"72878,0,1"
"72889,0,1"
"72900,0,1"
"72911,0,1"
"72924,0,2"
"72935,0,1"
"72946,0,1"
"72957,0,1"
"72969,0,1"
"72980,0,1"
"72992,0,0"
"73004,0,1"
"73015,0,1"
"73026,0,1"
"73037,0,1"
"73050,0,1"
"73061,0,1"
"73072,0,1"
"73083,0,1"
"73095,0,1"
"73106,0,1"
"73118,0,1"
"73129,0,1"
"73141,0,1"
"73152,0,1"
"73163,0,1"
"73175,0,1"
"73187,0,1"
"73198,0,1"
"73209,0,1"
"73221,0,1"
"73232,0,1"
"73243,0,1"
"73255,0,1"
"73267,0,1"
"73278,0,1"
"73289,0,1"
"73300,0,1"
"73312,0,1"
"73324,0,1"
"73335,0,1"
"73347,0,1"
"73358,0,1"
"73369,0,1"
"73380,0,1"
"73393,0,1"
"73404,0,1"
"73415,0,1"
"73426,0,1"
"73438,0,1"
"73450,0,1"
"73461,0,1"
"73473,0,1"
"73484,0,1"
"73495,0,1"
"73506,0,1"
"73519,0,1"
"73530,0,1"
"73541,0,1"
"73552,0,1"
"73564,0,1"
"73575,0,1"
"73587,0,1"
"73598,0,1"
"73610,0,1"
"73621,0,1"
"73632,0,1"
"73644,0,1"
"73656,0,1"
"73667,0,1"
"73678,0,1"
"73690,0,1"
"73701,0,1"
"73712,0,1"
"73724,0,1"
"73736,0,1"
"73747,0,1"
"73758,0,1"
"73769,0,1"
"73782,1,1"
"73793,1,1"
"73804,1,1"
"73816,1,1"
"73827,1,1"
"73838,1,0"
"73850,1,1"
"73862,1,1"
"73873,1,2"
"73884,1,3"
"73895,1,1"
"73907,0,0"
"73919,0,1"
"73930,0,1"
"73942,0,1"
"73953,0,1"
"73964,0,1"
"73975,0,1"
"73988,0,3"
"73999,0,1"
"74010,0,1"
"74021,0,1"
"74033,0,1"
"74044,0,2"
"74056,0,1"
"74067,0,0"
"74079,0,1"
"74090,0,1"
"74101,0,1"
"74113,0,0"
"74125,0,2"
"74136,0,1"
"74147,0,1"
"74159,0,1"
"74170,0,1"
"74182,0,1"
"74193,0,1"
"74205,0,1"
"74216,0,1"
"74227,0,1"
"74238,0,1"
"74251,0,1"
"74262,0,1"
"74273,0,1"
"74285,0,1"
"74296,0,1"
"74307,0,1"
"74319,0,1"
"74331,0,1"
"74342,0,1"
"74353,0,1"
"74364,0,1"
"74376,0,1"
"74388,0,1"
"74399,0,1"
"74411,0,1"
"74422,0,1"
"74433,0,1"
"74444,0,1"
"74457,0,1"
"74468,0,1"
"74479,0,1"
"74490,0,1"
"74502,0,1"
"74514,0,1"
"74525,0,1"
"74536,0,1"
"74548,0,1"
"74559,0,1"
"74570,0,1"
"74583,0,1"
"74594,0,1"
"74605,0,1"
"74616,0,1"
"74628,0,1"
"74639,0,1"
"74651,0,1"
"74662,0,1"
"74674,0,1"
"74685,0,1"
"74696,0,1"
"74707,0,1"
"74720,0,1"
"74731,0,1"
"74742,0,1"
"74754,0,1"
"74765,0,1"
"74776,0,1"
"74788,0,1"
"74800,0,1"
"74811,0,1"
"74822,0,1"
"74833,0,1"
"74845,0,1"
"74857,0,1"
"74868,0,1"
"74880,0,1"
"74891,0,1"
"74902,1,1"
"74914,1,1"
"74926,1,1"
"74937,1,1"
"74948,1,1"
"74959,1,1"
"74971,1,0"
"74983,1,1"
"74994,1,5"
"75005,1,2"
"75017,1,1"
"75028,0,1"
"75039,0,1"
"75052,0,1"
"75063,0,0"
"75074,0,1"
"75085,0,1"
"75097,0,1"
"75108,0,3"
"75120,0,0"
"75131,0,1"
"75143,0,1"
"75154,0,1"
"75165,0,1"
"75176,0,3"
"75189,0,0"
"75200,0,1"
"75211,0,1"
"75223,0,1"
"75234,0,0"
"75246,0,0"
"75257,0,1"
"75269,0,1"
"75280,0,1"
"75291,0,1"
"75302,0,1"
"75315,0,1"
"75326,0,1"
"75337,0,1"
"75348,0,1"
"75360,0,1"
"75371,0,1"
"75383,0,1"
"75395,0,1"
"75406,0,1"
"75417,0,1"
"75428,0,1"
"75440,0,1"
"75452,0,1"
"75463,0,1"
"75474,0,1"
"75486,0,1"
"75497,0,1"
"75508,0,1"
"75521,0,1"
"75532,0,1"
"75543,0,1"
"75554,0,1"
"75566,0,1"
"75577,0,1"
"75589,0,1"
"75600,0,1"
"75612,0,1"
"75623,0,1"
"75634,0,1"
"75646,0,1"
"75658,0,1"
"75669,0,1"
"75680,0,1"
"75692,0,1"
"75703,0,1"
"75715,0,1"
"75726,0,1"
"75738,0,1"
"75749,0,1"
"75760,0,1"
"75771,0,1"
"75784,0,1"
"75795,0,1"
"75806,0,1"
"75817,0,1"
"75829,0,1"
"75840,0,1"
"75852,0,1"
"75864,0,1"
"75875,0,1"
"75886,0,1"
"75897,0,1"
"75909,0,1"
"75921,0,1"
"75932,0,1"
"75943,0,1"
"75955,0,1"
"75966,0,1"
"75978,0,1"
"75990,0,1"
"76001,0,1"
"76012,0,1"
"76023,1,1"
"76035,1,1"
"76047,1,1"
"76058,1,2"
"76069,1,1"
"76081,1,7"
"76092,1,6"
"76103,1,1"
"76115,1,0"
"76127,1,1"
"76138,1,1"
"76149,0,2"
"76161,0,1"
"76172,0,1"
"76184,0,1"
"76195,0,1"
"76207,0,1"
"76218,0,1"
"76229,0,2"
"76240,0,1"
"76253,0,1"
"76264,0,1"
"76275,0,1"
"76286,0,0"
"76298,0,3"
"76309,0,0"
"76321,0,1"
"76333,0,1"
"76344,0,1"
"76355,0,1"
"76366,0,1"
"76379,0,1"
"76390,0,1"
"76401,0,1"
"76412,0,1"
"76424,0,1"
"76435,0,1"
"76447,0,1"
"76459,0,1"
"76470,0,1"
"76481,0,1"
"76492,0,1"
"76504,0,1"
"76516,0,1"
"76527,0,1"
"76538,0,1"
"76550,0,1"
"76561,0,1"
"76572,0,1"
"76584,0,1"
"76596,0,1"
"76607,0,1"
"76618,0,1"
"76630,0,1"
"76641,0,1"
"76653,0,1"
"76664,0,1"
"76676,0,1"
"76687,0,1"
"76698,0,1"
"76710,0,1"
"76722,0,1"
"76733,0,1"
"76744,0,1"
"76755,0,1"
"76767,0,1"
"76779,0,1"
"76790,0,1"
"76802,0,1"
"76813,0,1"
"76824,0,1"
"76835,0,1"
"76848,0,1"
"76859,0,1"
"76870,0,1"
"76881,0,1"
"76893,0,1"
"76904,0,1"
"76916,0,1"
"76928,0,1"
"76939,0,1"
"76950,0,1"
"76961,0,1"
"76973,0,1"
"76985,0,1"
"76996,0,1"
"77007,0,1"
"77019,0,1"
"77030,0,1"
"77041,0,1"
"77053,0,1"
"77065,0,1"
"77076,0,1"
"77087,0,1"
"77099,0,1"
"77111,0,1"
"77122,0,1"
"77133,0,1"
"77145,1,1"
"77156,1,1"
"77167,1,1"
"77179,1,1"
"77191,1,0"
"77202,1,-1"
"77214,1,0"
"77225,1,1"
"77237,1,0"
"77249,1,2"
"77260,1,1"
"77272,0,0"
"77283,0,1"
"77294,0,1"
"77305,0,1"
"77318,0,1"
"77329,0,1"
"77340,0,1"
"77351,0,0"
"77363,0,1"
"77374,0,1"
"77386,0,1"
"77398,0,1"
"77409,0,0"
"77420,0,3"
"77431,0,1"
"77444,0,1"
"77455,0,1"
"77466,0,1"
"77477,0,1"
"77489,0,0"
"77500,0,1"
"77512,0,1"
"77523,0,1"
"77535,0,1"
"77546,0,1"
"77557,0,1"
"77569,0,1"
"77581,0,1"
"77592,0,1"
"77603,0,1"
"77615,0,1"
"77626,0,1"
"77637,0,1"
"77649,0,1"
"77661,0,1"
"77672,0,1"
"77683,0,1"
"77694,0,1"
"77706,0,1"
"77718,0,1"
"77729,0,1"
"77741,0,1"
"77752,0,1"
"77763,0,1"
"77775,0,1"
"77787,0,1"
"77798,0,1"
"77809,0,1"
"77820,0,1"
"77832,0,1"
"77844,0,1"
"77855,0,1"
"77867,0,1"
"77878,0,1"
"77889,0,1"
"77900,0,1"
"77913,0,1"
"77924,0,1"
"77935,0,1"
"77946,0,1"
"77958,0,1"
"77969,0,1"
"77981,0,1"
"77992,0,1"
"78004,0,1"
"78015,0,1"
"78026,0,1"
"78038,0,1"
"78050,0,1"
"78061,0,1"
"78072,0,1"
"78084,0,1"
"78095,0,1"
"78106,0,1"
"78118,0,1"
"78130,0,1"
"78141,0,1"
"78152,0,1"
"78163,0,1"
"78176,0,1"
"78187,0,1"
"78198,0,1"
"78210,0,1"
"78221,0,1"
"78232,0,1"
"78244,0,1"
"78256,0,1"
"78267,1,1"
"78278,1,1"
"78289,1,1"
"78301,1,1"
"78313,1,0"
"78324,1,5"
"78336,1,1"
"78347,1,1"
"78358,1,1"
"78369,1,1"
"78382,1,1"
"78393,0,1"
"78404,0,1"
"78415,0,1"
"78427,0,1"
"78438,0,1"
"78450,0,1"
"78461,0,1"
"78473,0,1"
"78484,0,2"
"78495,0,1"
"78508,0,1"
"78519,0,1"
"78530,0,1"
"78541,0,1"
"78553,0,1"
"78564,0,1"
"78576,0,1"
"78587,0,1"
"78599,0,1"
"78610,0,0"
"78621,0,1"
"78632,0,1"
"78645,0,1"
"78656,0,1"
"78667,0,1"
"78679,0,1"
"78690,0,1"
"78701,0,1"
"78713,0,1"
"78725,0,1"
"78736,0,1"
"78747,0,1"
"78758,0,1"
"78770,0,1"
"78782,0,1"
"78793,0,1"
"78804,0,1"
"78816,0,1"
"78827,0,1"
"78838,0,1"
"78851,0,1"
"78862,0,1"
"78873,0,1"
"78884,0,1"
"78896,0,1"
"78908,0,1"
"78919,0,1"
"78930,0,1"
"78942,0,1"
"78953,0,1"
"78964,0,1"
"78977,0,1"
"78988,0,1"
"78999,0,1"
"79010,0,1"
"79022,0,1"
"79033,0,1"
"79045,0,1"
"79056,0,1"
"79068,0,1"
"79079,0,1"
"79090,0,1"
"79101,0,1"
"79114,0,1"
"79125,0,1"
"79136,0,1"
"79148,0,1"
"79159,0,1"
"79170,0,1"
"79182,0,1"
"79194,0,1"
"79205,0,1"
"79216,0,1"
"79227,0,1"
"79240,0,1"
"79251,0,1"
"79262,0,1"
"79273,0,1"
"79285,0,1"
"79296,0,1"
"79308,0,1"
"79320,0,1"
"79331,0,1"
"79342,0,1"
"79353,0,1"
"79365,0,1"
"79377,0,1"
"79388,1,1"
"79399,1,1"
"79411,1,1"
"79422,1,-1"
"79434,1,1"
"79447,1,8"
"79458,1,1"
"79469,1,1"
"79480,1,1"
"79492,1,2"
"79503,1,1"
"79515,0,-1"
"79527,0,1"
"79539,0,1"
"79550,0,1"
"79561,0,1"
"79574,0,1"
"79585,0,1"
"79596,0,1"
"79607,0,0"
"79619,0,1"
"79630,0,1"
"79642,0,1"
"79653,0,3"
"79665,0,2"
"79676,0,1"
"79687,0,1"
"79698,0,1"
"79711,0,1"
"79722,0,-1"
"79734,0,0"
"79746,0,1"
"79757,0,1"
"79768,0,1"
"79780,0,1"
"79792,0,0"
"79803,0,1"
"79814,0,1"
"79825,0,1"
"79837,0,1"
"79849,0,1"
"79860,0,1"
"79872,0,0"
"79883,0,1"
"79894,0,1"
"79906,0,1"
"79918,0,1"
"79929,0,1"
"79940,0,1"
"79951,0,1"
"79963,0,1"
"79975,0,1"
"79986,0,1"
"79997,0,1"
"80009,0,1"
"80020,0,1"
"80031,0,1"
"80044,0,1"
"80055,0,1"
"80066,0,1"
"80077,0,1"
"80089,0,1"
"80100,0,1"
"80112,0,1"
"80123,0,1"
"80135,0,1"
"80146,0,1"
"80157,0,1"
"80168,0,1"
"80181,0,1"
"80192,0,1"
"80203,0,1"
"80215,0,1"
"80226,0,1"
"80238,0,1"
"80249,0,1"
"80261,0,1"
"80272,0,1"
"80283,0,1"
"80294,0,1"
"80307,0,1"
"80318,0,1"
"80329,0,1"
"80340,0,1"
"80352,0,1"
"80363,0,1"
"80375,0,1"
"80387,0,1"
"80398,0,1"
"80409,0,1"
"80420,0,1"
"80432,0,1"
"80444,0,1"
"80455,0,1"
"80466,0,1"
"80478,0,1"
"80489,0,1"
"80500,0,1"
"80513,1,1"
"80524,1,1"
"80535,1,1"
"80546,1,1"
"80558,1,1"
"80569,1,2"
"80581,1,6"
"80592,1,1"
"80604,1,1"
"80615,1,1"
"80626,1,2"
"80638,0,6"
"80650,0,0"
"80661,0,0"
"80672,0,1"
"80684,0,1"
"80695,0,1"
"80707,0,0"
"80718,0,0"
"80730,0,1"
"80741,0,1"
"80752,0,1"
"80763,0,1"
"80776,0,3"
"80787,0,1"
"80798,0,1"
"80809,0,1"
"80821,0,1"
"80832,0,1"
"80844,0,1"
"80856,0,1"
"80867,0,1"
"80878,0,1"
"80889,0,1"
"80901,0,1"
"80913,0,1"
"80924,0,1"
"80935,0,1"
"80947,0,1"
"80958,0,1"
"80970,0,1"
"80982,0,1"
"80993,0,1"
"81004,0,1"
"81015,0,1"
"81027,0,1"
"81039,0,1"
"81050,0,1"
"81061,0,1"
"81073,0,1"
"81084,0,1"
"81095,0,1"
"81107,0,1"
"81119,0,1"
"81130,0,1"
"81141,0,1"
"81153,0,1"
"81164,0,1"
"81176,0,1"
"81187,0,1"
"81199,0,1"
"81210,0,1"
"81221,0,1"
"81232,0,1"
"81245,0,1"
"81256,0,1"
"81267,0,1"
"81278,0,1"
"81290,0,1"
"81301,0,1"
"81313,0,1"
"81325,0,1"
"81336,0,1"
"81347,0,1"
"81358,0,1"
"81371,0,1"
"81382,0,1"
"81393,0,1"
"81404,0,1"
"81416,0,1"
"81427,0,1"
"81439,0,1"
"81451,0,1"
"81462,0,1"
"81473,0,1"
"81484,0,1"
"81496,0,1"
"81508,0,1"
"81519,0,1"
"81530,0,1"
"81542,0,1"
"81553,0,1"
"81564,0,1"
"81576,0,1"
"81588,0,1"
"81599,0,1"
"81610,0,1"
"81622,0,1"
"81633,1,1"
"81645,1,1"
"81656,1,1"
"81668,1,0"
"81679,1,1"
"81690,1,5"
"81702,1,7"
"81714,1,1"
"81725,1,1"
"81736,1,1"
"81747,1,1"
"81759,0,4"
"81771,0,1"
"81782,0,1"
"81794,0,1"
"81805,0,1"
"81816,0,1"
"81827,0,1"
"81840,0,2"
"81851,0,1"
"81862,0,1"
"81873,0,1"
"81885,0,1"
"81896,0,3"
"81908,0,1"
"81920,0,1"
"81931,0,1"
"81942,0,1"
"81953,0,1"
"81965,0,1"
"81977,0,1"
"81988,0,1"
"81999,0,1"
"82011,0,1"
"82022,0,1"
"82033,0,1"
"82045,0,1"
"82057,0,1"
"82068,0,1"
"82079,0,1"
"82091,0,1"
"82103,0,1"
"82114,0,1"
"82125,0,1"
"82137,0,1"
"82148,0,1"
"82159,0,1"
"82171,0,1"
"82183,0,1"
"82194,0,1"
"82205,0,1"
"82216,0,1"
"82228,0,1"
"82240,0,1"
"82251,0,1"
"82263,0,1"
"82274,0,1"
"82285,0,1"
"82296,0,1"
"82309,0,1"
"82320,0,1"
"82331,0,1"
"82342,0,1"
"82354,0,1"
"82365,0,1"
"82377,0,1"
"82388,0,1"
"82400,0,1"
"82411,0,1"
"82422,0,1"
"82435,0,1"
"82446,0,1"
"82457,0,1"
"82468,0,1"
"82480,0,1"
"82491,0,1"
"82503,0,1"
"82514,0,1"
"82526,0,1"
"82537,0,1"
"82548,0,1"
"82560,0,1"
"82572,0,1"
"82583,0,1"
"82594,0,1"
"82606,0,1"
"82617,0,1"
"82628,0,1"
"82640,0,1"
"82652,0,1"
"82663,0,1"
"82674,0,1"
"82685,0,1"
"82697,0,1"
"82709,0,1"
"82720,0,1"
"82732,0,1"
"82743,0,1"
"82754,1,1"
"82765,1,1"
"82778,1,1"
"82789,1,1"
"82800,1,1"
"82811,1,5"
"82823,1,7"
"82835,1,1"
"82846,1,1"
"82857,1,1"
"82869,1,2"
"82880,0,2"
"82891,0,1"
"82904,0,1"
"82915,0,1"
"82926,0,1"
"82937,0,1"
"82949,0,1"
"82960,0,0"
"82972,0,1"
"82983,0,1"
"82995,0,1"
"83006,0,1"
"83017,0,2"
"83028,0,0"
"83041,0,1"
"83052,0,1"
"83063,0,1"
"83075,0,1"
"83086,0,1"
"83097,0,1"
"83109,0,1"
"83121,0,1"
"83132,0,1"
"83143,0,1"
"83154,0,1"
"83167,0,1"
"83178,0,1"
"83189,0,1"
"83201,0,1"
"83212,0,1"
"83223,0,1"
"83235,0,1"
"83247,0,1"
"83258,0,1"
"83269,0,1"
"83280,0,1"
"83292,0,1"
"83304,0,1"
"83315,0,1"
"83326,0,1"
"83338,0,1"
"83349,0,1"
"83360,0,1"
"83373,0,1"
"83384,0,1"
"83395,0,1"
"83406,0,1"
"83418,0,1"
"83429,0,1"
"83441,0,1"
"83452,0,1"
"83464,0,1"
"83475,0,1"
"83486,0,1"
"83497,0,1"
"83510,0,1"
"83521,0,1"
"83532,0,1"
"83544,0,1"
"83555,0,1"
"83567,0,1"
"83578,0,1"
"83590,0,1"
"83601,0,1"
"83612,0,1"
"83623,0,1"
"83636,0,1"
"83647,0,1"
"83658,0,1"
"83670,0,1"
"83681,0,1"
"83692,0,1"
"83704,0,1"
"83716,0,1"
"83727,0,1"
"83738,0,1"
"83749,0,1"
"83761,0,1"
"83773,0,1"
"83784,0,1"
"83795,0,1"
"83807,0,1"
"83818,0,1"
"83829,0,1"
"83842,0,1"
"83853,0,1"
"83864,0,1"
"83875,1,1"
"83887,1,1"
"83899,1,1"
"83910,1,1"
"83921,1,1"
"83933,1,8"
"83944,1,6"
"83955,1,1"
"83968,1,1"
"83979,1,1"
"83990,1,4"
"84001,0,2"
"84013,0,1"
"84024,0,1"
"84036,0,1"
"84047,0,1"
"84059,0,1"
"84070,0,3"
"84081,0,1"
"84092,0,1"
"84105,0,1"
"84116,0,1"
"84127,0,1"
"84139,0,1"
"84150,0,1"
"84161,0,1"
"84173,0,1"
"84185,0,1"
"84196,0,1"
"84207,0,1"
"84218,0,1"
"84230,0,1"
"84242,0,1"
"84253,0,1"
"84264,0,1"
"84276,0,1"
"84287,0,1"
"84299,0,1"
"84311,0,1"
"84322,0,1"
"84333,0,1"
"84344,0,1"
"84356,0,1"
"84368,0,1"
"84379,0,1"
"84390,0,1"
"84402,0,1"
"84413,0,1"
"84424,0,1"
"84436,0,1"
"84448,0,1"
"84459,0,1"
"84470,0,1"
"84482,0,1"
"84493,0,1"
"84505,0,1"
"84516,0,1"
"84528,0,1"
"84539,0,1"
"84550,0,1"
"84561,0,1"
"84574,0,1"
"84585,0,1"
"84596,0,1"
"84608,0,1"
"84619,0,1"
"84631,0,1"
"84642,0,1"
"84654,0,1"
"84665,0,1"
"84676,0,1"
"84687,0,1"
"84700,0,1"
"84711,0,1"
"84722,0,1"
"84733,0,0"
"84745,0,1"
"84756,0,1"
"84768,0,1"
"84780,0,1"
"84791,0,1"
"84802,0,1"
"84813,0,1"
"84825,0,1"
"84837,0,1"
"84848,0,1"
"84859,0,1"
"84871,0,1"
"84882,0,1"
"84893,0,1"
"84905,0,1"
"84917,0,1"
"84928,0,1"
"84939,0,1"
"84951,0,1"
"84962,0,1"
"84974,0,1"
"84985,0,1"
"84997,1,1"
"85008,1,1"
"85019,1,1"
"85031,1,0"
"85043,1,1"
"85054,1,5"
"85065,1,2"
"85076,1,4"
"85088,1,1"
"85100,1,1"
"85111,1,1"
"85123,0,7"
"85134,0,6"
"85145,0,1"
"85156,0,1"
"85169,0,1"
"85180,0,1"
"85191,0,0"
"85202,0,1"
"85214,0,1"
"85225,0,1"
"85237,0,1"
"85249,0,1"
"85260,0,1"
"85271,0,1"
"85282,0,1"
"85294,0,1"
"85306,0,1"
"85317,0,1"
"85328,0,-1"
"85341,0,1"
"85352,0,1"
"85364,0,1"
"85376,0,1"
"85387,0,1"
"85398,0,1"
"85409,0,1"
"85421,0,1"
"85433,0,1"
"85444,0,1"
"85455,0,1"
"85467,0,1"
"85478,0,0"
"85489,0,1"
"85501,0,1"
"85513,0,1"
"85524,0,1"
"85535,0,1"
"85547,0,1"
"85558,0,1"
"85570,0,1"
"85581,0,1"
"85593,0,1"
"85604,0,1"
"85615,0,1"
"85626,0,1"
"85639,0,1"
"85650,0,1"
"85661,0,1"
"85672,0,1"
"85684,0,1"
"85696,0,1"
"85707,0,1"
"85719,0,1"
"85730,0,1"
"85741,0,1"
"85752,0,1"
"85765,0,1"
"85776,0,1"
"85787,0,1"
"85798,0,1"
"85810,0,1"
"85821,0,1"
"85833,0,1"
"85844,0,1"
"85856,0,1"
"85867,0,1"
"85878,0,1"
"85890,0,1"
"85902,0,1"
"85913,0,1"
"85924,0,1"
"85936,0,1"
"85947,0,1"
"85958,0,1"
"85970,0,1"
"85982,0,1"
"85993,0,1"
"86004,0,1"
"86016,0,1"
"86027,0,1"
"86039,0,1"
"86050,0,1"
"86062,0,1"
"86073,0,1"
"86084,0,1"
"86096,0,1"
"86108,0,1"
"86119,1,1"
"86130,1,1"
"86141,1,1"
"86153,1,0"
"86165,1,1"
"86176,1,1"
"86188,1,4"
"86199,1,3"
"86210,1,1"
"86221,1,1"
"86234,1,1"
"86245,0,4"
"86256,0,3"
"86267,0,0"
"86279,0,1"
"86290,0,1"
"86302,0,1"
"86313,0,1"
"86325,0,0"
"86336,0,1"
"86347,0,1"
"86359,0,1"
"86371,0,1"
"86382,0,1"
"86393,0,0"
"86405,0,1"
"86416,0,1"
"86428,0,1"
"86439,0,0"
"86451,0,1"
"86462,0,0"
"86473,0,1"
"86484,0,1"
"86497,0,1"
"86508,0,1"
"86519,0,1"
"86531,0,1"
"86542,0,1"
"86553,0,1"
"86565,0,1"
"86577,0,1"
"86588,0,1"
"86599,0,1"
"86610,0,1"
"86622,0,1"
"86634,0,1"
"86645,0,1"
"86657,0,1"
"86668,0,1"
"86679,0,1"
"86690,0,1"
"86703,0,1"
"86714,0,1"
"86725,0,1"
"86736,0,1"
"86748,0,1"
"86759,0,1"
"86771,0,1"
"86782,0,1"
"86794,0,1"
"86805,0,1"
"86816,0,1"
"86829,0,1"
"86840,0,1"
"86851,0,1"
"86862,0,1"
"86874,0,1"
"86885,0,1"
"86897,0,1"
"86908,0,1"
"86920,0,1"
"86931,0,1"
"86942,0,1"
"86953,0,1"
"86966,0,1"
"86977,0,1"
"86988,0,1"
"87000,0,1"
"87011,0,1"
"87022,0,1"
"87034,0,1"
"87046,0,1"
"87057,0,1"
"87068,0,1"
"87079,0,1"
"87091,0,1"
"87103,0,1"
"87114,0,1"
"87126,0,1"
"87137,0,1"
"87148,0,1"
"87160,0,1"
"87172,0,1"
"87183,0,1"
"87194,0,1"
"87205,0,1"
"87217,0,1"
"87229,0,1"
"87240,1,1"
"87251,1,1"
"87263,1,1"
"87274,1,0"
"87285,1,1"
"87298,1,0"
"87309,1,4"
"87320,1,1"
"87331,1,1"
"87343,1,1"
"87354,1,1"
"87366,0,5"
"87377,0,0"
"87389,0,0"
"87400,0,1"
"87411,0,1"
"87422,0,1"
"87435,0,1"
"87446,0,0"
"87457,0,1"
"87469,0,1"
"87480,0,1"
"87491,0,1"
"87503,0,3"
"87515,0,0"
"87526,0,1"
"87537,0,1"
"87548,0,1"
"87561,0,0"
"87572,0,0"
"87583,0,0"
"87595,0,1"
"87606,0,1"
"87617,0,1"
"87629,0,1"
"87641,0,1"
"87652,0,1"
"87663,0,1"
"87674,0,1"
"87686,0,1"
"87698,0,1"
"87709,0,0"
"87720,0,1"
"87732,0,1"
"87743,0,1"
"87754,0,1"
"87767,0,1"
"87778,0,1"
"87789,0,1"
"87800,0,1"
"87812,0,1"
"87823,0,1"
"87835,0,1"
"87846,0,1"
"87858,0,1"
"87869,0,1"
"87880,0,1"
"87892,0,1"
"87904,0,1"
"87915,0,1"
"87926,0,1"
"87938,0,1"
"87949,0,1"
"87961,0,1"
"87972,0,1"
"87984,0,1"
"87995,0,1"
"88006,0,1"
"88017,0,1"
"88030,0,1"
"88041,0,1"
"88052,0,1"
"88064,0,1"
"88075,0,1"
"88086,0,1"
"88098,0,1"
"88110,0,1"
"88121,0,1"
"88132,0,1"
"88143,0,1"
"88155,0,1"
"88167,0,1"
"88178,0,1"
"88189,0,1"
"88201,0,1"
"88212,0,1"
"88223,0,1"
"88236,0,1"
"88247,0,1"
"88258,0,1"
"88269,0,1"
"88281,0,1"
"88293,0,1"
"88304,0,1"
"88315,0,1"
"88327,0,1"
"88338,0,1"
"88349,0,1"
"88361,1,1"
"88373,1,1"
"88384,1,1"
"88395,1,-1"
"88408,1,1"
"88419,1,1"
"88431,1,5"
"88442,1,1"
"88454,1,1"
"88465,1,1"
"88476,1,4"
"88487,0,5"
"88500,0,1"
"88511,0,0"
"88522,0,1"
"88534,0,1"
"88545,0,1"
"88556,0,1"
"88568,0,1"
"88580,0,1"
"88591,0,1"
"88602,0,1"
"88613,0,1"
"88626,0,2"
"88637,0,0"
"88648,0,1"
"88659,0,1"
"88671,0,1"
"88682,0,1"
"88694,0,2"
"88706,0,1"
"88717,0,1"
"88728,0,1"
"88739,0,1"
"88751,0,1"
"88763,0,1"
"88774,0,1"
"88785,0,1"
"88797,0,1"
"88808,0,1"
"88819,0,1"
"88832,0,1"
"88843,0,1"
"88854,0,1"
"88865,0,1"
"88877,0,1"
"88888,0,1"
"88900,0,1"
"88911,0,1"
"88923,0,1"
"88934,0,1"
"88945,0,1"
"88957,0,1"
"88969,0,1"
"88980,0,1"
"88991,0,1"
"89003,0,1"
"89014,0,1"
"89026,0,1"
"89037,0,1"
"89049,0,1"
"89060,0,1"
"89071,0,1"
"89082,0,1"
"89095,0,1"
"89106,0,1"
"89117,0,1"
"89128,0,1"
"89140,0,1"
"89151,0,1"
"89163,0,1"
"89175,0,1"
"89186,0,1"
"89197,0,1"
"89208,0,1"
"89220,0,1"
"89232,0,1"
"89243,0,1"
"89254,0,1"
"89266,0,1"
"89277,0,1"
"89288,0,1"
"89300,0,1"
"89312,0,1"
"89323,0,1"
"89334,0,1"
"89346,0,1"
"89358,0,1"
"89369,0,1"
"89380,0,1"
"89392,0,1"
"89403,0,1"
"89414,0,1"
"89426,0,1"
"89438,0,1"
"89449,0,1"
"89460,0,1"
"89472,1,1"
"89483,1,1"
"89495,1,1"
"89506,1,1"
"89518,1,1"
"89529,1,1"
"89540,1,0"
"89551,1,5"
"89564,1,1"
"89575,1,1"
"89586,1,1"
"89597,1,7"
"89609,0,5"
"89620,0,1"
"89632,0,2"
"89644,0,1"
"89655,0,1"
"89666,0,1"
"89677,0,2"
"89690,0,0"
"89701,0,0"
"89712,0,1"
"89723,0,1"
"89735,0,1"
"89746,0,3"
"89758,0,0"
"89769,0,1"
"89781,0,1"
"89792,0,1"
"89803,0,1"
"89815,0,0"
"89827,0,1"
"89838,0,1"
"89849,0,1"
"89861,0,1"
"89872,0,1"
"89883,0,1"
"89895,0,1"
"89907,0,1"
"89918,0,1"
"89929,0,1"
"89940,0,1"
"89952,0,1"
"89964,0,1"
"89975,0,1"
"89987,0,1"
"89998,0,1"
"90009,0,1"
"90020,0,1"
"90033,0,1"
"90044,0,1"
"90055,0,1"
"90066,0,1"
"90078,0,1"
"90090,0,1"
"90101,0,1"
"90113,0,1"
"90124,0,1"
"90135,0,1"
"90146,0,1"
"90159,0,1"
"90170,0,1"
"90181,0,1"
"90192,0,1"
"90204,0,1"
"90215,0,1"
"90227,0,1"
"90238,0,1"
"90250,0,1"
"90261,0,1"
"90272,0,1"
"90284,0,1"
"90296,0,1"
"90307,0,1"
"90318,0,1"
"90330,0,1"
"90341,0,1"
"90352,0,1"
"90364,0,1"
"90376,0,1"
"90387,0,1"
"90398,0,1"
"90409,0,1"
"90422,0,1"
"90433,0,1"
"90444,0,1"
"90456,0,1"
"90467,0,1"
"90478,0,1"
"90490,0,1"
"90502,0,1"
"90513,0,1"
"90524,0,1"
"90535,0,1"
"90547,0,1"
"90559,0,1"
"90570,0,1"
"90582,0,1"
"90593,1,1"
"90604,1,1"
"90615,1,1"
"90628,1,1"
"90639,1,3"
"90650,1,1"
"90661,1,7"
"90673,1,5"
"90684,1,1"
"90696,1,1"
"90707,1,1"
"90719,1,6"
"90730,0,2"
"90741,0,1"
"90753,0,1"
"90765,0,1"
"90776,0,1"
"90787,0,1"
"90799,0,2"
"90810,0,0"
"90822,0,-1"
"90834,0,1"
"90846,0,1"
"90857,0,1"
"90868,0,2"
"90880,0,1"
"90892,0,1"
"90903,0,1"
"90914,0,1"
"90926,0,1"
"90937,0,0"
"90948,0,1"
"90960,0,1"
"90972,0,1"
"90983,0,1"
"90994,0,1"
"91005,0,1"
"91017,0,1"
"91029,0,1"
"91040,0,1"
"91052,0,1"
"91063,0,1"
"91074,0,1"
"91085,0,1"
"91098,0,1"
"91109,0,1"
"91120,0,1"
"91131,0,1"
"91143,0,1"
"91155,0,1"
"91166,0,1"
"91177,0,1"
"91189,0,1"
"91200,0,1"
"91211,0,1"
"91224,0,1"
"91235,0,1"
"91246,0,1"
"91257,0,1"
"91269,0,1"
"91280,0,1"
"91292,0,1"
"91303,0,1"
"91315,0,1"
"91326,0,1"
"91337,0,1"
"91348,0,1"
"91361,0,1"
"91372,0,1"
"91383,0,1"
"91395,0,1"
"91406,0,1"
"91417,0,1"
"91429,0,1"
"91441,0,1"
"91452,0,1"
"91463,0,1"
"91474,0,1"
"91487,0,1"
"91498,0,1"
"91509,0,1"
"91521,0,1"
"91532,0,1"
"91543,0,1"
"91555,0,1"
"91567,0,1"
"91578,0,1"
"91589,0,1"
"91600,0,1"
"91612,0,1"
"91624,0,1"
"91635,0,1"
"91646,0,1"
"91658,0,1"
"91669,0,1"
"91680,0,1"
"91693,0,1"
"91704,0,1"
"91715,1,1"
"91726,1,1"
"91738,1,1"
"91749,1,1"
"91761,1,0"
"91772,1,1"
"91784,1,3"
"91795,1,6"
"91806,1,1"
"91817,1,1"
"91830,1,1"
"91841,1,7"
"91852,0,6"
"91864,0,1"
"91875,0,1"
"91887,0,1"
"91898,0,1"
"91910,0,1"
"91921,0,3"
"91932,0,0"
"91943,0,1"
"91956,0,1"
"91967,0,1"
"91978,0,1"
"91990,0,5"
"92001,0,2"
"92012,0,1"
"92024,0,1"
"92036,0,1"
"92047,0,1"
"92058,0,1"
"92069,0,0"
"92081,0,1"
"92093,0,1"
"92104,0,1"
"92115,0,1"
"92127,0,0"
"92138,0,1"
"92149,0,1"
"92162,0,1"
"92173,0,1"
"92184,0,1"
"92195,0,1"
"92207,0,1"
"92219,0,1"
"92230,0,0"
"92241,0,1"
"92253,0,1"
"92264,0,1"
"92275,0,1"
"92288,0,1"
"92299,0,1"
"92310,0,1"
"92321,0,1"
"92333,0,1"
"92344,0,1"
"92356,0,1"
"92367,0,1"
"92379,0,1"
"92390,0,1"
"92401,0,1"
"92412,0,1"
"92425,0,1"
"92436,0,1"
"92447,0,1"
"92459,0,1"
"92470,0,1"
"92481,0,1"
"92493,0,1"
"92505,0,1"
"92516,0,1"
"92527,0,1"
"92538,0,1"
"92550,0,1"
"92562,0,1"
"92573,0,1"
"92584,0,1"
"92596,0,1"
"92607,0,1"
"92619,0,1"
"92631,0,1"
"92642,0,1"
"92653,0,1"
"92664,0,1"
"92676,0,1"
"92688,0,1"
"92699,0,1"
"92710,0,1"
"92722,0,1"
"92733,0,1"
"92744,0,1"
"92756,0,1"
"92768,0,1"
"92779,0,1"
"92790,0,1"
"92802,0,1"
"92813,0,1"
"92825,0,1"
"92836,1,1"
"92848,1,1"
"92859,1,1"
"92870,1,1"
"92881,1,1"
"92894,1,1"
"92905,1,2"
"92916,1,4"
"92928,1,0"
"92939,1,1"
"92951,1,1"
"92962,1,5"
"92974,0,8"
"92985,0,1"
"92996,0,1"
"93007,0,1"
"93020,0,1"
"93031,0,1"
"93042,0,2"
"93053,0,2"
"93065,0,1"
"93076,0,1"
"93088,0,1"
"93100,0,1"
"93111,0,4"
"93122,0,0"
"93133,0,1"
"93145,0,1"
"93157,0,1"
"93168,0,1"
"93179,0,2"
"93191,0,1"
"93202,0,1"
"93213,0,1"
"93225,0,1"
"93237,0,1"
"93248,0,1"
"93259,0,1"
"93271,0,1"
"93282,0,1"
"93294,0,1"
"93305,0,1"
"93317,0,1"
"93328,0,1"
"93339,0,1"
"93351,0,1"
"93363,0,1"
"93374,0,1"
"93385,0,1"
"93396,0,1"
"93408,0,1"
"93420,0,1"
"93431,0,1"
"93443,0,1"
"93454,0,1"
"93465,0,1"
"93476,0,1"
"93489,0,1"
"93500,0,1"
"93511,0,1"
"93522,0,1"
"93534,0,1"
"93545,0,1"
"93557,0,1"
"93569,0,1"
"93580,0,1"
"93591,0,1"
"93602,0,1"
"93614,0,1"
"93626,0,1"
"93637,0,1"
"93648,0,1"
"93660,0,1"
"93671,0,1"
"93683,0,1"
"93694,0,1"
"93706,0,1"
"93717,0,1"
"93728,0,1"
"93740,0,1"
"93752,0,1"
"93763,0,1"
"93774,0,1"
"93786,0,1"
"93797,0,1"
"93808,0,1"
"93820,0,1"
"93832,0,1"
"93843,0,1"
"93854,0,1"
"93865,0,1"
"93877,0,1"
"93889,0,1"
"93900,0,1"
"93912,0,1"
"93923,0,1"
"93934,0,1"
"93945,0,1"
"93958,1,1"
"93969,1,1"
"93980,1,1"
"93991,1,1"
"94003,1,1"
"94014,1,1"
"94026,1,1"
"94038,1,3"
"94049,1,2"
"94060,1,1"
"94071,1,1"
"94084,1,3"
"94095,0,8"
"94106,0,1"
"94117,0,2"
"94129,0,1"
"94140,0,1"
"94152,0,1"
"94163,0,2"
"94175,0,1"
"94186,0,1"
"94197,0,1"
"94209,0,1"
"94221,0,0"
"94232,0,3"
"94243,0,0"
"94255,0,1"
"94266,0,1"
"94277,0,1"
"94289,0,1"
"94301,0,2"
"94312,0,1"
"94323,0,1"
"94334,0,1"
"94346,0,1"
"94358,0,1"
"94369,0,1"
"94381,0,1"
"94392,0,1"
"94403,0,1"
"94415,0,1"
"94427,0,1"
"94438,0,1"
"94449,0,1"
"94460,0,1"
"94472,0,1"
"94484,0,1"
"94495,0,1"
"94507,0,1"
"94518,0,1"
"94529,0,1"
"94540,0,1"
"94553,0,1"
"94564,0,1"
"94575,0,1"
"94586,0,1"
"94598,0,0"
"94609,0,1"
"94621,0,1"
"94632,0,1"
"94644,0,1"
"94655,0,1"
"94666,0,1"
"94678,0,1"
"94690,0,1"
"94701,0,1"
"94712,0,1"
"94724,0,1"
"94735,0,1"
"94746,0,1"
"94758,0,1"
"94770,0,1"
"94781,0,1"
"94792,0,1"
"94803,0,1"
"94816,0,1"
"94827,0,1"
"94838,0,1"
"94850,0,1"
"94861,0,1"
"94872,0,1"
"94884,0,1"
"94896,0,1"
"94907,0,1"
"94918,0,1"
"94929,0,1"
"94941,0,1"
"94953,0,1"
"94964,0,1"
"94976,0,1"
"94987,0,1"
"94998,0,1"
"95009,0,1"
"95022,0,1"
"95033,0,1"
"95044,0,1"
"95055,0,1"
"95067,0,1"
"95078,1,1"
"95090,1,1"
"95101,1,1"
"95113,1,1"
"95124,1,0"
"95135,1,1"
"95148,1,3"
"95159,1,5"
"95170,1,1"
"95181,1,1"
"95193,1,1"
"95204,1,5"
"95216,0,7"
"95227,0,1"
"95239,0,1"
"95250,0,1"
"95261,0,1"
"95272,0,1"
"95285,0,2"
"95296,0,1"
"95307,0,1"
"95319,0,1"
"95330,0,1"
"95341,0,1"
"95353,0,3"
"95365,0,1"
"95376,0,1"
"95387,0,1"
"95398,0,1"
"95410,0,1"
"95422,0,2"
"95433,0,1"
"95444,0,1"
"95456,0,1"
"95467,0,1"
"95478,0,1"
"95491,0,1"
"95502,0,1"
"95513,0,1"
"95524,0,1"
"95536,0,1"
"95548,0,1"
"95559,0,1"
"95570,0,1"
"95582,0,1"
"95593,0,1"
"95604,0,1"
"95617,0,1"
"95628,0,1"
"95639,0,1"
"95650,0,1"
"95662,0,1"
"95673,0,1"
"95685,0,1"
"95696,0,1"
"95708,0,1"
"95719,0,1"
"95730,0,1"
"95741,0,1"
"95754,0,1"
"95765,0,1"
"95776,0,1"
"95788,0,1"
"95799,0,1"
"95810,0,1"
"95822,0,1"
"95834,0,1"
"95845,0,1"
"95856,0,1"
"95867,0,1"
"95880,0,1"
"95891,0,1"
"95902,0,1"
"95913,0,1"
"95925,0,1"
"95936,0,1"
"95948,0,1"
"95960,0,1"
"95971,0,1"
"95982,0,1"
"95993,0,1"
"96005,0,1"
"96017,0,1"
"96028,0,1"
"96039,0,1"
"96051,0,1"
"96062,0,1"
"96073,0,1"
"96086,0,1"
"96097,0,1"
"96108,0,1"
"96119,0,1"
"96131,0,1"
"96142,0,1"
"96154,0,1"
"96165,0,1"
"96177,0,1"
"96188,0,1"
"96199,1,1"
"96210,1,1"
"96223,1,1"
"96234,1,1"
"96245,1,0"
"96257,1,1"
"96268,1,5"
"96280,1,4"
"96291,1,1"
"96303,1,1"
"96314,1,1"
"96325,1,4"
"96336,0,6"
"96349,0,1"
"96360,0,1"
"96371,0,1"
"96382,0,1"
"96394,0,1"
"96405,0,2"
"96417,0,0"
"96429,0,1"
"96440,0,1"
"96451,0,1"
"96462,0,1"
"96474,0,3"
"96486,0,2"
"96497,0,1"
"96508,0,1"
"96520,0,1"
"96531,0,1"
"96542,0,1"
"96555,0,1"
"96566,0,1"
"96577,0,1"
"96588,0,1"
"96600,0,1"
"96612,0,0"
"96623,0,1"
"96634,0,1"
"96646,0,1"
"96657,0,1"
"96668,0,1"
"96680,0,1"
"96692,0,1"
"96703,0,1"
"96714,0,1"
"96726,0,1"
"96737,0,1"
"96749,0,1"
"96760,0,1"
"96772,0,1"
"96783,0,1"
"96794,0,1"
"96805,0,1"
"96818,0,1"
"96829,0,1"
"96840,0,1"
"96851,0,1"
"96863,0,1"
"96874,0,1"
"96886,0,1"
"96898,0,1"
"96909,0,0"
"96920,0,1"
"96931,0,1"
"96943,0,1"
"96955,0,1"
"96966,0,1"
"96977,0,1"
"96989,0,1"
"97000,0,1"
"97012,0,1"
"97024,0,1"
"97035,0,1"
"97046,0,1"
"97057,0,1"
"97069,0,1"
"97081,0,1"
"97092,0,1"
"97103,0,1"
"97115,0,1"
"97126,0,1"
"97137,0,1"
"97149,0,1"
"97161,0,1"
"97172,0,1"
"97183,0,1"
"97195,0,1"
"97206,0,1"
"97218,0,1"
"97229,0,1"
"97241,0,1"
"97252,0,1"
"97263,0,1"
"97274,0,1"
"97287,0,1"
"97298,0,1"
"97309,0,1"
"97320,0,1"
"97332,1,1"
"97344,1,1"
"97355,1,1"
"97367,1,0"
"97378,1,1"
"97389,1,3"
"97400,1,4"
"97413,1,-1"
"97425,1,1"
"97436,1,1"
"97447,1,4"
"97459,0,5"
"97470,0,0"
"97482,0,0"
"97494,0,1"
"97505,0,1"
"97516,0,1"
"97527,0,2"
"97539,0,0"
"97551,0,0"
"97562,0,1"
"97573,0,1"
"97585,0,1"
"97596,0,2"
"97607,0,0"
"97619,0,1"
"97631,0,1"
"97642,0,1"
"97653,0,1"
"97665,0,-1"
"97678,0,1"
"97689,0,1"
"97700,0,1"
"97712,0,1"
"97723,0,1"
"97734,0,1"
"97746,0,1"
"97758,0,1"
"97769,0,1"
"97780,0,1"
"97792,0,1"
"97803,0,1"
"97815,0,1"
"97826,0,1"
"97838,0,1"
"97849,0,1"
"97860,0,1"
"97871,0,1"
"97884,0,1"
"97895,0,1"
"97906,0,1"
"97917,0,1"
"97929,0,1"
"97940,0,1"
"97952,0,1"
"97964,0,1"
"97975,0,1"
"97986,0,1"
"97997,0,1"
"98010,0,1"
"98021,0,1"
"98032,0,1"
"98043,0,1"
"98055,0,1"
"98066,0,1"
"98078,0,1"
"98089,0,1"
"98101,0,1"
"98112,0,1"
"98123,0,1"
"98135,0,1"
"98147,0,1"
"98158,0,1"
"98169,0,1"
"98181,0,1"
"98192,0,1"
"98203,0,1"
"98215,0,1"
"98227,0,1"
"98238,0,1"
"98249,0,1"
"98260,0,1"
"98272,0,1"
"98284,0,1"
"98295,0,1"
"98307,0,1"
"98318,0,1"
"98329,0,1"
"98340,0,1"
"98353,0,1"
"98364,0,1"
"98375,0,1"
"98386,0,1"
"98398,0,1"
"98410,0,1"
"98421,0,1"
"98433,0,1"
"98444,1,1"
"98455,1,1"
"98466,1,1"
"98479,1,1"
"98490,1,1"
"98501,1,1"
"98512,1,1"
"98524,1,1"
"98535,1,4"
"98547,1,1"
"98558,1,1"
"98570,1,1"
"98581,0,5"
"98592,0,-1"
"98605,0,0"
"98617,0,1"
"98628,0,1"
"98639,0,1"
"98651,0,2"
"98662,0,0"
"98673,0,1"
"98685,0,1"
"98697,0,1"
"98708,0,1"
"98719,0,3"
"98731,0,1"
"98743,0,1"
"98754,0,1"
"98765,0,1"
"98777,0,0"
"98788,0,1"
"98799,0,1"
"98811,0,1"
"98823,0,1"
"98834,0,1"
"98845,0,1"
"98856,0,0"
"98868,0,1"
"98880,0,1"
"98891,0,1"
"98903,0,1"
"98914,0,1"
"98925,0,1"
"98936,0,0"
"98949,0,1"
"98960,0,1"
"98971,0,1"
"98982,0,1"
"98994,0,1"
"99005,0,1"
"99017,0,1"
"99028,0,1"
"99040,0,1"
"99051,0,1"
"99062,0,1"
"99075,0,1"
"99086,0,1"
"99097,0,1"
"99108,0,1"
"99120,0,1"
"99131,0,1"
"99143,0,1"
"99154,0,1"
"99166,0,1"
"99177,0,1"
"99188,0,1"
"99200,0,1"
"99212,0,1"
"99223,0,1"
"99234,0,1"
"99246,0,1"
"99257,0,1"
"99268,0,1"
"99280,0,1"
"99292,0,1"
"99303,0,1"
"99314,0,1"
"99325,0,1"
"99337,0,1"
"99349,0,1"
"99360,0,1"
"99372,0,1"
"99383,0,1"
"99394,0,1"
"99405,0,1"
"99418,0,1"
"99429,0,1"
"99440,0,1"
"99451,0,1"
"99463,0,1"
"99475,0,1"
"99486,0,1"
"99497,0,1"
"99509,0,1"
"99520,0,1"
"99531,0,1"
"99544,0,1"
"99555,0,1"
"99566,1,1"
"99577,1,1"
"99589,1,1"
"99600,1,1"
"99612,1,1"
"99623,1,1"
"99635,1,1"
"99646,1,1"
"99657,1,4"
"99668,1,0"
"99681,1,1"
"99692,1,0"
"99703,0,4"
"99715,0,1"
"99726,0,1"
"99737,0,1"
"99749,0,1"
"99761,0,1"
"99772,0,1"
"99783,0,1"
"99794,0,1"
"99807,0,1"
"99818,0,1"
"99829,0,0"
"99841,0,4"
"99852,0,1"
"99863,0,1"
"99875,0,1"
"99887,0,1"
"99898,0,0"
"99909,0,1"
"99920,0,1"
"99932,0,1"
"99944,0,1"
"99955,0,1"
"99966,0,1"
"99978,0,1"
"99989,0,1"
"100000,0,1"
"100014,0,1"
"100026,0,1"
"100038,0,1"
"100050,0,1"
"100063,0,1"
"100076,0,1"
"100088,0,1"
"100101,0,1"
"100113,0,1"
"100125,0,1"
"100137,0,1"
"100151,0,1"
"100163,0,1"
"100175,0,1"
"100188,0,1"
"100200,0,1"
"100213,0,1"
"100226,0,1"
"100238,0,1"
"100250,0,1"
"100262,0,1"
"100276,0,1"
"100288,0,1"
"100300,0,1"
"100313,0,1"
"100325,0,1"
"100337,0,1"
"100350,0,1"
"100363,0,1"
"100375,0,1"
"100387,0,1"
"100400,0,1"
"100413,0,1"
"100425,0,1"
"100438,0,1"
"100450,0,1"
"100462,0,1"
"100475,0,1"
"100488,0,1"
"100500,0,1"
"100512,0,1"
"100525,0,1"
"100537,0,1"
"100550,0,1"
"100562,0,1"
"100575,0,1"
"100587,0,1"
"100599,0,1"
"100613,0,1"
"100625,0,1"
"100637,0,1"
"100649,0,1"
"100662,0,1"
"100675,0,1"
"100687,1,1"
"100700,1,1"
"100712,1,1"
"100724,1,2"
"100737,1,1"
"100750,1,9"
"100762,1,5"
"100774,1,1"
"100787,1,1"
"100799,1,1"
"100812,1,2"
"100825,0,4"
"100837,0,1"
"100849,0,1"
"100861,0,1"
"100875,0,1"
"100887,0,-1"
"100900,0,-1"
"100914,0,1"
"100926,0,1"
"100939,0,1"
"100952,0,1"
"100964,0,1"
"100976,0,1"
"100988,0,1"
"101001,0,1"
"101014,0,1"
"101026,0,2"
"101039,0,1"
"101051,0,1"
"101063,0,1"
"101076,0,1"
"101089,0,1"
"101101,0,1"
"101113,0,1"
"101126,0,1"
"101139,0,1"
"101151,0,1"
"101164,0,1"
"101176,0,1"
"101188,0,1"
"101200,0,1"
"101214,0,1"
"101226,0,1"
"101238,0,1"
"101251,0,1"
"101263,0,1"
"101276,0,1"
"101288,0,1"
"101301,0,1"
"101313,0,1"
"101325,0,1"
"101339,0,1"
"101351,0,1"
"101363,0,1"
"101376,0,1"
"101388,0,1"
"101400,0,1"
"101413,0,1"
"101426,0,1"
"101438,0,1"
"101450,0,1"
"101463,0,1"
"101476,0,1"
"101488,0,1"
"101500,0,1"
"101513,0,1"
"101525,0,1"
"101538,0,1"
"101551,0,1"
"101563,0,1"
"101575,0,1"
"101587,0,1"
"101600,0,1"
"101613,0,1"
"101625,0,1"
"101638,0,1"
"101650,0,1"
"101662,0,1"
"101676,0,1"
"101688,0,1"
"101700,0,1"
"101712,0,1"
"101725,0,1"
"101738,0,1"
"101750,0,1"
"101763,0,1"
"101775,0,1"
"101787,0,1"
"101799,0,1"
"101813,1,1"
"101825,1,1"
"101837,1,1"
"101850,1,1"
"101862,1,1"
"101875,1,1"
"101888,1,-1"
"101901,1,4"
"101913,1,4"
"101925,1,1"
"101939,1,1"
"101951,0,1"
"101963,0,1"
"101976,0,1"
"101988,0,1"
"102000,0,1"
"102013,0,3"
"102026,0,1"
"102038,0,1"
"102050,0,1"
"102063,0,1"
"102076,0,3"
"102088,0,1"
"102100,0,1"
"102113,0,1"
"102125,0,1"
"102138,0,0"
"102151,0,1"
"102163,0,1"
"102175,0,1"
"102188,0,1"
"102200,0,1"
"102213,0,1"
"102225,0,1"
"102238,0,1"
"102250,0,1"
"102262,0,1"
"102276,0,1"
"102288,0,1"
"102300,0,1"
"102312,0,1"
"102325,0,1"
"102338,0,1"
"102350,0,1"
"102363,0,1"
"102375,0,1"
"102387,0,1"
"102400,0,1"
"102413,0,1"
"102425,0,1"
"102437,0,1"
"102450,0,1"
"102462,0,1"
"102475,0,1"
"102488,0,1"
"102500,0,1"
"102512,0,1"
"102524,0,1"
"102538,0,1"
"102550,0,1"
"102562,0,1"
"102575,0,1"
"102587,0,1"
"102599,0,1"
"102612,0,1"
"102625,0,1"
"102637,0,1"
"102649,0,1"
"102662,0,1"
"102675,0,1"
"102687,0,1"
"102700,0,1"
"102712,0,1"
"102724,0,1"
"102737,0,1"
"102750,0,1"
"102762,0,1"
"102774,0,1"
"102787,0,1"
"102799,0,1"
"102812,0,1"
"102824,0,1"
"102837,0,1"
"102849,0,1"
"102861,0,1"
"102875,0,1"
"102887,0,1"
"102899,0,1"
"102912,0,1"
"102924,0,1"
"102937,1,1"
"102949,1,1"
"102962,1,1"
"102974,1,1"
"102986,1,1"
"102999,1,1"
"103012,1,1"
"103024,1,2"
"103036,1,4"
"103049,1,1"
"103061,0,-2"
"103075,0,1"
"103088,0,1"
"103100,0,1"
"103112,0,1"
"103124,0,1"
"103138,0,3"
"103150,0,1"
"103162,0,1"
"103175,0,1"
"103187,0,1"
"103199,0,4"
"103213,0,1"
"103225,0,1"
"103237,0,1"
"103249,0,1"
"103262,0,0"
"103275,0,1"
"103287,0,1"
"103300,0,1"
"103312,0,1"
"103324,0,1"
"103337,0,1"
"103350,0,1"
"103362,0,1"
"103374,0,1"
"103387,0,1"
"103399,0,1"
"103412,0,1"
"103425,0,1"
"103437,0,1"
"103449,0,1"
"103461,0,1"
"103475,0,1"
"103487,0,1"
"103499,0,1"
"103512,0,1"
"103524,0,1"
"103537,0,1"
"103549,0,1"
"103562,0,1"
"103574,0,1"
"103586,0,1"
"103599,0,1"
"103612,0,1"
"103624,0,1"
"103636,0,1"
"103649,0,1"
"103661,0,1"
"103674,0,1"
"103687,0,1"
"103699,0,1"
"103711,0,1"
"103724,0,1"
"103737,0,1"
"103749,0,1"
"103761,0,1"
"103774,0,1"
"103786,0,1"
"103798,0,1"
"103812,0,1"
"103824,0,1"
"103836,0,1"
"103848,0,1"
"103861,0,1"
"103874,0,1"
"103886,0,1"
"103899,0,1"
"103911,0,1"
"103923,0,1"
"103937,0,1"
"103949,0,1"
"103961,0,1"
"103973,0,1"
"103986,0,1"
"103998,0,1"
"104011,0,1"
"104024,0,1"
"104036,0,1"
"104048,1,1"
"104060,1,1"
"104074,1,1"
"104086,1,1"
"104098,1,1"
"104111,1,4"
"104123,1,1"
"104136,1,1"
"104148,1,1"
"104161,1,1"
"104173,1,5"
"104185,0,8"
"104198,0,1"
"104211,0,1"
"104223,0,1"
"104236,0,1"
"104248,0,1"
"104260,0,2"
"104273,0,1"
"104286,0,1"
"104298,0,1"
"104310,0,1"
"104323,0,2"
"104336,0,1"
"104348,0,1"
"104360,0,1"
"104373,0,1"
"104385,0,0"
"104397,0,0"
"104411,0,1"
"104423,0,1"
"104435,0,1"
"104448,0,1"
"104460,0,1"
"104473,0,1"
"104485,0,1"
"104498,0,1"
"104510,0,1"
"104522,0,1"
"104536,0,1"
"104548,0,1"
"104560,0,1"
"104572,0,1"
"104585,0,1"
"104597,0,1"
"104610,0,1"
"104623,0,1"
"104635,0,1"
"104647,0,1"
"104659,0,1"
"104673,0,1"
"104685,0,1"
"104697,0,1"
"104710,0,1"
"104722,0,1"
"104735,0,1"
"104748,0,1"
"104760,0,1"
"104772,0,1"
"104784,0,1"
"104797,0,1"
"104810,0,1"
"104822,0,1"
"104835,0,1"
"104847,0,1"
"104859,0,1"
"104872,0,1"
"104885,0,1"
"104897,0,1"
"104909,0,1"
"104922,0,1"
"104935,0,1"
"104947,0,1"
"104960,0,1"
"104972,0,1"
"104984,0,1"
"104996,0,1"
"105010,0,1"
"105022,0,1"
"105034,0,1"
"105047,0,1"
"105059,0,1"
"105072,0,1"
"105084,0,1"
"105097,0,1"
"105109,0,1"
"105121,0,1"
"105135,0,1"
"105147,0,1"
"105159,0,1"
"105171,1,1"
"105184,1,1"
"105196,1,1"
"105209,1,2"
"105222,1,1"
"105234,1,7"
"105246,1,4"
"105259,1,1"
"105272,1,1"
"105284,1,1"
"105296,1,1"
"105309,0,2"
"105321,0,-1"
"105335,0,1"
"105348,0,1"
"105360,0,1"
"105372,0,0"
"105384,0,1"
"105398,0,1"
"105410,0,1"
"105422,0,1"
"105435,0,1"
"105447,0,1"
"105459,0,1"
"105473,0,1"
"105485,0,1"
"105497,0,1"
"105509,0,1"
"105522,0,1"
"105535,0,1"
"105547,0,1"
"105560,0,1"
"105572,0,1"
"105584,0,1"
"105597,0,1"
"105610,0,1"
"105622,0,1"
"105634,0,1"
"105647,0,1"
"105659,0,1"
"105672,0,1"
"105684,0,1"
"105697,0,1"
"105709,0,1"
"105721,0,1"
"105735,0,1"
"105747,0,1"
"105759,0,1"
"105772,0,1"
"105784,0,1"
"105797,0,1"
"105809,0,1"
"105822,0,1"
"105834,0,1"
"105846,0,1"
"105859,0,1"
"105872,0,1"
"105884,0,1"
"105896,0,1"
"105909,0,1"
"105921,0,1"
"105934,0,1"
"105947,0,1"
"105959,0,1"
"105971,0,1"
"105984,0,1"
"105997,0,1"
"106009,0,1"
"106021,0,1"
"106034,0,1"
"106046,0,1"
"106058,0,1"
"106072,0,1"
"106084,0,1"
"106096,0,1"
"106108,0,1"
"106121,0,1"
"106134,0,1"
"106146,0,1"
"106159,0,1"
"106171,0,1"
"106183,0,1"
"106196,0,1"
"106209,0,1"
"106221,0,1"
"106233,0,1"
"106246,0,1"
"106258,0,1"
"106271,0,1"
"106284,0,1"
"106296,1,1"
"106308,1,1"
"106320,1,1"
"106334,1,1"
"106346,1,1"
"106358,1,1"
"106371,1,1"
"106383,1,2"
"106396,1,2"
"106408,1,1"
"106421,1,1"
"106433,0,1"
"106445,0,1"
"106458,0,1"
"106471,0,1"
"106483,0,1"
"106496,0,0"
"106508,0,1"
"106520,0,1"
"106533,0,1"
"106546,0,1"
"106558,0,1"
"106570,0,1"
"106583,0,1"
"106596,0,1"
"106608,0,1"
"106620,0,1"
"106633,0,0"
"106645,0,1"
"106657,0,1"
"106671,0,1"
"106683,0,1"
"106695,0,1"
"106707,0,1"
"106720,0,1"
"106733,0,1"
"106745,0,1"
"106758,0,1"
"106770,0,1"
"106782,0,1"
"106796,0,1"
"106808,0,1"
"106820,0,1"
"106832,0,1"
"106845,0,1"
"106857,0,1"
"106870,0,1"
"106883,0,1"
"106895,0,1"
"106907,0,1"
"106919,0,1"
"106933,0,1"
"106945,0,1"
"106957,0,1"
"106970,0,1"
"106982,0,1"
"106995,0,0"
"107008,0,1"
"107020,0,1"
"107032,0,1"
"107044,0,1"
"107057,0,1"
"107070,0,1"
"107082,0,1"
"107095,0,1"
"107107,0,1"
"107119,0,1"
"107132,0,1"
"107145,0,1"
"107157,0,1"
"107169,0,1"
"107182,0,1"
"107195,0,1"
"107207,0,1"
"107219,0,1"
"107232,0,1"
"107244,0,1"
"107256,0,1"
"107270,0,1"
"107282,0,1"
"107294,0,1"
"107307,0,1"
"107319,0,1"
"107332,0,1"
"107344,0,1"
"107357,0,1"
"107369,0,1"
"107381,0,1"
"107395,0,1"
"107407,0,1"
"107419,1,1"
"107431,1,1"
"107444,1,1"
"107456,1,0"
"107469,1,1"
"107482,1,1"
"107494,1,1"
"107506,1,1"
"107518,1,0"
"107532,1,5"
"107544,0,1"
"107556,0,4"
"107569,0,1"
"107581,0,1"
"107594,0,1"
"107607,0,1"
"107619,0,1"
"107631,0,0"
"107643,0,1"
"107656,0,1"
"107669,0,1"
"107681,0,-1"
"107695,0,-1"
"107708,0,1"
"107720,0,1"
"107734,0,1"
"107746,0,1"
"107758,0,1"
"107770,0,1"
"107783,0,1"
"107796,0,1"
"107808,0,1"
"107821,0,1"
"107833,0,1"
"107845,0,1"
"107857,0,1"
"107871,0,1"
"107883,0,1"
"107895,0,1"
"107908,0,1"
"107920,0,1"
"107933,0,1"
"107945,0,1"
"107958,0,1"
"107970,0,1"
"107982,0,1"
"107996,0,1"
"108008,0,1"
"108020,0,1"
"108033,0,1"
"108045,0,1"
"108057,0,1"
"108070,0,1"
"108083,0,1"
"108095,0,1"
"108107,0,1"
"108120,0,1"
"108133,0,1"
"108145,0,1"
"108157,0,1"
"108170,0,1"
"108182,0,1"
"108195,0,1"
"108208,0,1"
"108220,0,1"
"108232,0,1"
"108244,0,1"
"108257,0,1"
"108270,0,1"
"108282,0,1"
"108295,0,1"
"108307,0,1"
"108319,0,1"
"108333,0,1"
"108345,0,1"
"108357,0,1"
"108369,0,1"
"108382,0,1"
"108395,0,1"
"108407,0,1"
"108420,0,1"
"108432,0,1"
"108444,0,1"
"108456,0,1"
"108470,0,1"
"108482,0,1"
"108494,0,1"
"108507,0,1"
"108519,0,1"
"108532,0,1"
"108545,1,1"
"108557,1,1"
"108569,1,1"
"108581,1,0"
"108595,1,5"
"108607,1,4"
"108619,1,1"
"108632,1,1"
"108644,1,1"
"108656,1,0"
"108669,0,2"
"108682,0,1"
"108694,0,1"
"108706,0,1"
"108719,0,1"
"108732,0,1"
"108744,0,0"
"108756,0,1"
"108769,0,1"
"108781,0,1"
"108794,0,1"
"108807,0,1"
"108819,0,0"
"108831,0,1"
"108844,0,1"
"108856,0,1"
"108869,0,1"
"108881,0,0"
"108894,0,1"
"108906,0,1"
"108918,0,1"
"108932,0,1"
"108944,0,1"
"108956,0,1"
"108968,0,1"
"108981,0,1"
"108994,0,1"
"109006,0,1"
"109019,0,1"
"109031,0,1"
"109043,0,1"
"109056,0,1"
"109069,0,1"
"109081,0,1"
"109093,0,1"
"109106,0,1"
"109118,0,1"
"109131,0,1"
"109144,0,1"
"109156,0,1"
"109168,0,1"
"109180,0,1"
"109194,0,1"
"109206,0,1"
"109218,0,1"
"109231,0,1"
"109243,0,1"
"109255,0,1"
"109268,0,1"
"109281,0,1"
"109293,0,1"
"109305,0,1"
"109318,0,1"
"109331,0,1"
"109343,0,1"
"109356,0,1"
"109368,0,1"
"109380,0,1"
"109393,0,1"
"109406,0,1"
"109418,0,1"
"109430,0,1"
"109443,0,1"
"109455,0,1"
"109468,0,1"
"109480,0,1"
"109493,0,1"
"109505,0,1"
"109517,0,1"
"109531,0,1"
"109543,0,1"
"109555,0,1"
"109568,0,1"
"109580,0,1"
"109593,0,1"
"109605,0,1"
"109618,0,1"
"109630,0,1"
"109642,0,1"
"109655,1,1"
"109668,1,1"
"109680,1,1"
"109692,1,1"
"109705,1,1"
"109717,1,4"
"109730,1,5"
"109743,1,1"
"109755,1,1"
"109767,1,1"
"109779,1,4"
"109793,0,4"
"109805,0,1"
"109817,0,1"
"109830,0,1"
"109842,0,1"
"109854,0,1"
"109868,0,0"
"109880,0,1"
"109892,0,1"
"109904,0,1"
"109917,0,1"
"109930,0,1"
"109942,0,1"
"109955,0,1"
"109967,0,1"
"109979,0,1"
"109992,0,1"
"110005,0,1"
"110017,0,1"
"110029,0,1"
"110042,0,1"
"110054,0,1"
"110067,0,1"
"110080,0,1"
"110092,0,1"
"110104,0,1"
"110116,0,1"
"110130,0,1"
"110142,0,1"
"110154,0,1"
"110167,0,1"
"110179,0,1"
"110192,0,1"
"110204,0,1"
"110217,0,1"
"110229,0,1"
"110241,0,1"
"110254,0,1"
"110267,0,1"
"110279,0,1"
"110291,0,1"
"110304,0,1"
"110316,0,1"
"110329,0,1"
"110342,0,1"
"110354,0,1"
"110366,0,1"
"110379,0,1"
"110392,0,1"
"110404,0,1"
"110416,0,1"
"110429,0,1"
"110441,0,1"
"110453,0,1"
"110467,0,1"
"110479,0,1"
"110491,0,1"
"110503,0,1"
"110516,0,1"
"110529,0,1"
"110541,0,1"
"110554,0,1"
"110566,0,1"
"110578,0,1"
"110592,0,1"
"110604,0,1"
"110616,0,1"
"110628,0,1"
"110641,0,1"
"110653,0,1"
"110666,0,1"
"110679,0,1"
"110691,0,1"
"110703,0,1"
"110715,0,1"
"110729,0,1"
"110741,0,1"
"110753,0,1"
"110766,0,1"
"110778,1,1"
"110791,1,1"
"110803,1,1"
"110816,1,1"
"110828,1,1"
"110840,1,5"
"110853,1,2"
"110866,1,1"
"110878,1,1"
"110891,1,1"
"110903,1,1"
"110915,0,1"
"110928,0,2"
"110941,0,1"
"110953,0,1"
"110965,0,1"
"110978,0,1"
"110991,0,2"
"111003,0,1"
"111015,0,1"
"111028,0,1"
"111040,0,1"
"111052,0,1"
"111066,0,0"
"111078,0,1"
"111090,0,1"
"111102,0,1"
"111115,0,0"
"111128,0,0"
"111140,0,1"
"111153,0,1"
"111165,0,1"
"111177,0,1"
"111191,0,1"
"111203,0,1"
"111215,0,1"
"111227,0,1"
"111240,0,1"
"111252,0,1"
"111265,0,1"
"111278,0,1"
"111290,0,1"
"111302,0,1"
"111314,0,1"
"111328,0,1"
"111340,0,1"
"111352,0,1"
"111365,0,1"
"111377,0,1"
"111390,0,1"
"111403,0,1"
"111415,0,1"
"111427,0,1"
"111439,0,1"
"111452,0,1"
"111465,0,1"
"111477,0,1"
"111490,0,1"
"111502,0,1"
"111514,0,1"
"111527,0,1"
"111540,0,1"
"111552,0,1"
"111564,0,1"
"111577,0,1"
"111590,0,1"
"111602,0,1"
"111614,0,1"
"111627,0,1"
"111639,0,1"
"111651,0,1"
"111665,0,1"
"111677,0,1"
"111689,0,1"
"111702,0,1"
"111714,0,1"
"111727,0,1"
"111739,0,1"
"111752,0,1"
"111764,0,1"
"111776,0,1"
"111790,0,1"
"111802,0,1"
"111814,0,1"
"111826,0,1"
"111839,0,1"
"111851,0,1"
"111864,0,1"
"111877,0,1"
"111889,0,1"
"111901,1,1"
"111913,1,1"
"111927,1,1"
"111939,1,0"
"111951,1,1"
"111964,1,2"
"111976,1,2"
"111989,1,2"
"112002,1,1"
"112014,1,1"
"112026,1,1"
"112038,0,0"
"112051,0,1"
"112064,0,1"
"112076,0,1"
"112089,0,1"
"112101,0,1"
"112113,0,2"
"112126,0,1"
"112139,0,1"
"112151,0,1"
"112163,0,1"
"112176,0,2"
"112189,0,0"
"112201,0,1"
"112214,0,1"
"112226,0,1"
"112238,0,1"
"112250,0,0"
"112264,0,1"
"112276,0,1"
"112288,0,1"
"112301,0,1"
"112313,0,1"
"112326,0,1"
"112338,0,1"
"112351,0,1"
"112363,0,1"
"112375,0,1"
"112389,0,1"
"112401,0,0"
"112413,0,1"
"112425,0,1"
"112438,0,1"
"112450,0,1"
"112463,0,1"
"112476,0,1"
"112488,0,1"
"112500,0,1"
"112513,0,1"
"112526,0,1"
"112538,0,1"
"112550,0,1"
"112563,0,1"
"112575,0,1"
"112588,0,1"
"112601,0,1"
"112613,0,1"
"112625,0,1"
"112637,0,1"
"112650,0,1"
"112663,0,1"
"112675,0,1"
"112688,0,1"
"112700,0,1"
"112712,0,1"
"112726,0,1"
"112738,0,1"
"112750,0,1"
"112762,0,1"
"112775,0,1"
"112788,0,1"
"112800,0,1"
"112813,0,1"
"112825,0,1"
"112837,0,1"
"112849,0,1"
"112863,0,1"
"112875,0,1"
"112887,0,1"
"112900,0,1"
"112912,0,1"
"112925,0,1"
"112937,0,1"
"112950,0,1"
"112962,0,1"
"112974,0,1"
"112988,0,1"
"113000,0,1"
"113012,0,1"
"113025,0,1"
"113037,0,1"
"113049,0,1"
"113062,0,1"
"113075,0,1"
"113087,0,1"
"113099,0,1"
"113112,0,1"
"113125,0,1"
"113137,0,1"
"113149,0,1"
"113162,0,1"
"113174,0,1"
"113187,0,1"
"113200,0,1"
"113212,0,1"
"113224,0,1"
"113236,0,1"
"113249,0,1"
"113262,0,1"
"113274,0,1"
"113287,0,1"
"113299,0,1"
"113311,0,1"
"113325,0,1"
"113337,0,1"
"113349,0,1"
"113361,0,1"
"113374,0,1"
"113387,0,1"
"113399,0,1"
"113412,0,1"
"113424,0,1"
"113436,0,1"
"113448,0,1"
"113462,0,1"
"113474,0,1"
"113486,0,1"
"113499,0,1"
"113511,0,1"
"113524,0,1"
"113537,0,1"
"113549,0,1"
"113561,0,1"
"113573,0,1"
"113587,0,1"
"113599,0,1"
"113611,0,1"
"113624,0,1"
"113636,0,1"
"113648,0,1"
"113661,0,1"
"113674,0,1"
"113686,0,1"
"113698,0,1"
"113711,0,1"
"113724,0,1"
"113736,0,1"
"113748,0,1"
"113761,0,1"
"113773,0,1"
"113786,0,1"
"113799,0,1"
"113811,0,1"
"113823,0,1"
"113836,0,1"
"113848,0,1"
"113861,0,1"
"113873,0,1"
"113886,0,1"
"113898,0,1"
"113910,0,1"
"113924,0,1"
"113936,0,1"
"113948,0,1"
"113960,0,1"
"113973,0,1"
"113986,0,1"
"113998,0,1"
"114011,0,1"
"114023,0,1"
"114035,0,1"
"114048,0,1"
"114061,0,1"
"114073,0,1"
"114085,0,1"
"114098,0,1"
"114110,0,1"
"114123,0,1"
"114136,0,1"
"114148,0,1"
Experiment Complete
